{
  "No direct optim ancestor": "None",
  "umap1": 0.3549028467894273,
  "umap2": 0.3972282083999188
}