{
  "umap1": 0.7035050979614748,
  "umap2": 0.5201077717056637
}