{
  "No direct optim ancestor": "None",
  "umap1": 0.8725745351779763,
  "umap2": 0.7650923085529792
}