{
  "umap1": 0.10223746811402612,
  "umap2": 0.1927618427447576
}