{
  "umap1": 0.15043454454499616,
  "umap2": 0.02169117079921723
}