{
  "umap1": 14.516363143920898,
  "umap2": 5.600244045257568
}