{
  "No direct optim ancestor": "None",
  "umap1": 0.5150719882772713,
  "umap2": 0.3016289944227446
}