{
  "umap1": 12.765082359313965,
  "umap2": 7.059116840362549
}