{
  "umap1": 0.8475841912414113,
  "umap2": 0.6290015976130651
}