{
  "No direct optim ancestor": "None",
  "umap1": 0.755660185803984,
  "umap2": 0.4782702231593564
}