{
  "umap1": 0.27430235785804413,
  "umap2": 0.745537165741976
}