{
  "umap1": 14.279576301574707,
  "umap2": 6.282607078552246
}