{
  "No direct optim ancestor": "None",
  "umap1": 0.8990180896364166,
  "umap2": 0.8552270868172782
}