{
  "umap1": 0.8674523019388327,
  "umap2": 0.5830486222350222
}