{
  "umap1": 10.905545234680176,
  "umap2": 1.5868326425552368
}