{
  "umap1": 2.7919132709503174,
  "umap2": 10.419095039367676
}