{
  "umap1": 0.48940604318191927,
  "umap2": 0.6995265651119374
}