{
  "umap1": 12.597673416137695,
  "umap2": 7.139374732971191
}