{
  "umap1": 0.15868248727489176,
  "umap2": 0.5500797219055208
}