{
  "umap1": 0.008002088881573832,
  "umap2": 0.20058103734677546
}