{
  "umap1": 12.79187297821045,
  "umap2": 7.348368167877197
}