{
  "No direct optim ancestor": "None",
  "umap1": 0.33694247987527837,
  "umap2": 0.7922878336810792
}