{
  "umap1": 12.896227836608887,
  "umap2": 4.063443183898926
}