{
  "umap1": 0.36954106559263833,
  "umap2": 0.12510727917420872
}