{
  "umap1": 1.4452834129333496,
  "umap2": 10.021819114685059
}