{
  "umap1": 0.6734647434749377,
  "umap2": 0.35215933221032436
}