{
  "No direct optim ancestor": "None",
  "umap1": 0.33761589268816594,
  "umap2": 0.7186920012614014
}