{
  "umap1": 13.787142753601074,
  "umap2": 4.612949371337891
}