{
  "umap1": 0.059135598476017015,
  "umap2": 0.16744885915298757
}