{
  "umap1": 0.7472447252195056,
  "umap2": 0.29994389040384484
}