{
  "No direct optim ancestor": "None",
  "umap1": 0.16977561755748927,
  "umap2": 0.5680588514629269
}