{
  "umap1": 10.533544540405273,
  "umap2": 1.3686718940734863
}