{
  "No direct optim ancestor": "None",
  "umap1": 0.8354851863432179,
  "umap2": 0.5730654882693277
}