{
  "umap1": 0.33762364681153967,
  "umap2": 0.551660851948834
}