{
  "No direct optim ancestor": "None",
  "umap1": 0.2739481707047833,
  "umap2": 0.19819459989809907
}