{
  "umap1": 0.4359747800933379,
  "umap2": 0.4885553412277279
}