{
  "No direct optim ancestor": "None",
  "umap1": 0.09128192394015922,
  "umap2": 0.1993872949902873
}