{
  "umap1": 11.470077514648438,
  "umap2": 1.5755645036697388
}