{
  "umap1": 0.7337580259060089,
  "umap2": 0.6178821020109354
}