{
  "umap1": 0.534939549462079,
  "umap2": 0.6453672863347601
}