{
  "umap1": 3.4323694705963135,
  "umap2": 9.9262056350708
}