{
  "umap1": 10.526620864868164,
  "umap2": 1.2633183002471924
}