{
  "umap1": 0.3267644053498059,
  "umap2": 0.6340352520428351
}