{
  "No direct optim ancestor": "None",
  "umap1": 0.629947613487141,
  "umap2": 0.025672799960409498
}