{
  "umap1": 0.2375039436855394,
  "umap2": 0.7118111308410702
}