{
  "umap1": 0.43974578050190183,
  "umap2": 0.5999964490909891
}