{
  "umap1": 2.927589178085327,
  "umap2": 10.363607406616211
}