{
  "umap1": 1.0316603183746338,
  "umap2": 9.702227592468262
}