{
  "No direct optim ancestor": "None",
  "umap1": 0.492338936021425,
  "umap2": 0.7456394101418268
}