{
  "umap1": 13.09658432006836,
  "umap2": 4.41878604888916
}