{
  "umap1": 0.23084863858409388,
  "umap2": 0.43943298456711954
}