{
  "umap1": 0.6569868177389363,
  "umap2": 0.8840906647459171
}