{
  "No direct optim ancestor": "None",
  "umap1": 0.7901688065664225,
  "umap2": 0.3906131018519765
}