{
  "umap1": 9.578225135803223,
  "umap2": 3.7557408809661865
}