{
  "umap1": 12.300048828125,
  "umap2": 6.763123035430908
}