{
  "umap1": 0.99329789848278,
  "umap2": 0.3668949944536587
}