{
  "umap1": 0.7573889192354952,
  "umap2": 0.5426449630667953
}