{
  "umap1": 4.9439697265625,
  "umap2": 10.817540168762207
}