{
  "umap1": 13.351958274841309,
  "umap2": 3.773218870162964
}