{
  "No direct optim ancestor": "None",
  "umap1": 0.2614829377766624,
  "umap2": 0.8484676358478749
}