{
  "umap1": 0.08865762825615042,
  "umap2": 0.3778496394399439
}