{
  "umap1": 10.609275817871094,
  "umap2": 1.7429317235946655
}