{
  "umap1": 13.05013656616211,
  "umap2": 6.939050197601318
}