{
  "umap1": 0.49481713218494194,
  "umap2": 0.42570702457216913
}