{
  "No direct optim ancestor": "None",
  "umap1": 0.5996162962552285,
  "umap2": 0.6828989676368802
}