{
  "umap1": 11.168185234069824,
  "umap2": 3.7295188903808594
}