{
  "No direct optim ancestor": "None",
  "umap1": 0.9643626794781107,
  "umap2": 0.47973878932119185
}