{
  "umap1": 0.6343438308926822,
  "umap2": 0.07663707117519636
}