{
  "umap1": 0.5399743155550193,
  "umap2": 0.44632627292804095
}