{
  "umap1": 13.160392761230469,
  "umap2": 3.3445868492126465
}