{
  "No direct optim ancestor": "None",
  "umap1": 0.1628104614307454,
  "umap2": 0.03383981182204798
}