{
  "umap1": 4.977555274963379,
  "umap2": 10.783856391906738
}