{
  "umap1": 0.4155551811711019,
  "umap2": 0.09549073890128457
}