{
  "No direct optim ancestor": "None",
  "umap1": 0.5889243564844107,
  "umap2": 0.6449955246666508
}