{
  "umap1": 11.543050765991211,
  "umap2": 6.185680866241455
}