{
  "umap1": 0.06859980162015988,
  "umap2": 0.3260135427825468
}