{
  "umap1": 13.019370079040527,
  "umap2": 3.3197619915008545
}