{
  "No direct optim ancestor": "None",
  "umap1": 0.8011932452765765,
  "umap2": 0.36462935694662246
}