{
  "umap1": 0.6954605749885805,
  "umap2": 0.9973225958795674
}