{
  "umap1": 0.8526368006252181,
  "umap2": 0.45508247620552833
}