{
  "umap1": 0.6269046691982246,
  "umap2": 0.003874276036031743
}