{
  "umap1": 0.1884225866946777,
  "umap2": 0.4979765692538274
}