{
  "No direct optim ancestor": "None",
  "umap1": 0.035253128452047755,
  "umap2": 0.8816530031768176
}