{
  "umap1": 10.50024700164795,
  "umap2": 3.7158374786376953
}