{
  "No direct optim ancestor": "None",
  "umap1": 0.36219983887753404,
  "umap2": 0.8224153819555763
}