{
  "umap1": 0.8091923082160143,
  "umap2": 0.14075471039668674
}