{
  "umap1": 11.73226547241211,
  "umap2": 3.259777545928955
}