{
  "No direct optim ancestor": "None",
  "umap1": 0.7328207444523362,
  "umap2": 0.25870375467650764
}