{
  "umap1": 0.22488609028156514,
  "umap2": 0.8628736876930411
}