{
  "umap1": 8.990341186523438,
  "umap2": 6.535612106323242
}