{
  "umap1": 0.07497007014442181,
  "umap2": 0.4651355352408343
}