{
  "umap1": 0.4214211404827225,
  "umap2": 0.8954584773607884
}