{
  "No direct optim ancestor": "None",
  "umap1": 0.926725477333583,
  "umap2": 0.28412265901069833
}