{
  "No direct optim ancestor": "None",
  "umap1": 0.37277713676389823,
  "umap2": 0.4074203820656901
}