{
  "umap1": 0.655081535408508,
  "umap2": 0.6375848087129835
}