{
  "No direct optim ancestor": "None",
  "umap1": 0.49969012256000034,
  "umap2": 0.35560651494341167
}