{
  "umap1": 0.9812849718076008,
  "umap2": 0.5425898224480773
}