{
  "umap1": 13.904826164245605,
  "umap2": 2.9409751892089844
}