{
  "umap1": 10.80275821685791,
  "umap2": 2.091938018798828
}