{
  "No direct optim ancestor": "None",
  "umap1": 0.33095249029163587,
  "umap2": 0.2696715299214223
}