{
  "umap1": 0.019254568366911973,
  "umap2": 0.43819184033899206
}