{
  "umap1": 0.6888578956709827,
  "umap2": 0.2107363288608638
}