{
  "umap1": 12.520459175109863,
  "umap2": 6.933239459991455
}