{
  "umap1": 0.4838980451619307,
  "umap2": 0.0006020200652131491
}