{
  "umap1": 13.269762992858887,
  "umap2": 6.885297775268555
}