{
  "umap1": 10.310525894165039,
  "umap2": 3.913855791091919
}