{
  "No direct optim ancestor": "None",
  "umap1": 0.497030519183422,
  "umap2": 0.8644910565973066
}