{
  "umap1": 0.0009643793886308094,
  "umap2": 0.5475810246966196
}