{
  "umap1": 9.127117156982422,
  "umap2": 6.528319358825684
}