{
  "umap1": 0.4824615151540207,
  "umap2": 0.6109141555364681
}