{
  "umap1": 9.787949562072754,
  "umap2": 4.47475004196167
}