{
  "No direct optim ancestor": "None",
  "umap1": 0.519848132532377,
  "umap2": 0.4021961322622759
}