{
  "umap1": 0.8481574230497924,
  "umap2": 0.616243981317886
}