{
  "No direct optim ancestor": "None",
  "umap1": 0.6699170140886016,
  "umap2": 0.18158074013945558
}