{
  "umap1": 0.25912860132700777,
  "umap2": 0.7529987972696501
}