{
  "No direct optim ancestor": "None",
  "umap1": 0.525005357065161,
  "umap2": 0.45686378211726897
}