{
  "umap1": 14.029557228088379,
  "umap2": 2.9487247467041016
}