{
  "umap1": 0.7986609618038282,
  "umap2": 0.7717218771556631
}