{
  "umap1": 1.347845435142517,
  "umap2": 10.005807876586914
}