{
  "umap1": 4.875222206115723,
  "umap2": 10.866344451904297
}