{
  "umap1": 0.437516444055121,
  "umap2": 0.03529535146814089
}