{
  "umap1": 5.007141590118408,
  "umap2": 10.614187240600586
}