{
  "umap1": 0.3298547813769718,
  "umap2": 0.6835407698902214
}