{
  "umap1": 0.8372561880654453,
  "umap2": 0.8841856623954616
}