{
  "No direct optim ancestor": "None",
  "umap1": 0.16512496150368028,
  "umap2": 0.46358504790996913
}