{
  "umap1": 2.959493637084961,
  "umap2": 10.471961975097656
}