{
  "No direct optim ancestor": "None",
  "umap1": 0.2626271515547822,
  "umap2": 0.22123254825987804
}