{
  "umap1": 0.08121336624541042,
  "umap2": 0.6858403070236789
}