{
  "umap1": 14.073710441589355,
  "umap2": 2.213857650756836
}