{
  "umap1": 0.9722333061085984,
  "umap2": 0.7655870834183456
}