{
  "umap1": 8.26997184753418,
  "umap2": 6.80310583114624
}