{
  "umap1": 0.29681661688527994,
  "umap2": 0.19215333172249116
}