{
  "No direct optim ancestor": "None",
  "umap1": 0.8568804041341388,
  "umap2": 0.4596945999649472
}