{
  "umap1": 0.2717969089673805,
  "umap2": 0.9592305706624129
}