{
  "umap1": 7.875019550323486,
  "umap2": 5.62588357925415
}