{
  "umap1": 0.6727661669211715,
  "umap2": 0.024713023537712764
}