{
  "umap1": 0.1658316438637477,
  "umap2": 0.31105154586583317
}