{
  "umap1": 4.905065536499023,
  "umap2": 10.85453987121582
}