{
  "umap1": 12.27837085723877,
  "umap2": 3.8352904319763184
}