{
  "umap1": 12.883647918701172,
  "umap2": 6.537363529205322
}