{
  "umap1": 0.5542809688789752,
  "umap2": 0.8083129403381639
}