{
  "umap1": 10.535959243774414,
  "umap2": 2.243448257446289
}