{
  "No direct optim ancestor": "None",
  "umap1": 0.9906273203433883,
  "umap2": 0.6700748682665196
}