{
  "umap1": 13.7169828414917,
  "umap2": 4.249711990356445
}