{
  "umap1": 0.6694656457350504,
  "umap2": 0.5930166672980659
}