{
  "No direct optim ancestor": "None",
  "umap1": 0.12209938933929909,
  "umap2": 0.28535896187521337
}