{
  "umap1": 2.647421360015869,
  "umap2": 10.708086013793945
}