{
  "No direct optim ancestor": "None",
  "umap1": 0.5467144671341211,
  "umap2": 0.20961231037745987
}