{
  "umap1": 0.5887945109613657,
  "umap2": 0.8274655409655338
}