{
  "umap1": 14.04692268371582,
  "umap2": 4.7169880867004395
}