{
  "umap1": 0.6492925684176194,
  "umap2": 0.24678821920302962
}