{
  "umap1": 4.947678089141846,
  "umap2": 10.770939826965332
}