{
  "No direct optim ancestor": "None",
  "umap1": 0.8061685994200106,
  "umap2": 0.9575128739025004
}