{
  "umap1": 0.014093504092258624,
  "umap2": 0.4407731253951499
}