{
  "umap1": 13.405416488647461,
  "umap2": 3.690150022506714
}