{
  "umap1": 0.9726180262563391,
  "umap2": 0.505135497952358
}