{
  "No direct optim ancestor": "None",
  "umap1": 0.22996631443712723,
  "umap2": 0.4118598263940215
}