{
  "umap1": 0.05904773007862607,
  "umap2": 0.9771573298503767
}