{
  "No direct optim ancestor": "None",
  "umap1": 0.31390074078269137,
  "umap2": 0.828907290290482
}