{
  "umap1": 12.28128433227539,
  "umap2": 2.650071382522583
}