{
  "No direct optim ancestor": "None",
  "umap1": 0.6798065832519782,
  "umap2": 0.5768304337082285
}