{
  "umap1": 0.06885196733992005,
  "umap2": 0.22515118055613004
}