{
  "umap1": 11.647698402404785,
  "umap2": 2.3015623092651367
}