{
  "umap1": 0.8026614339527666,
  "umap2": 0.30002110883932676
}