{
  "umap1": 9.694462776184082,
  "umap2": 1.4707441329956055
}