{
  "No direct optim ancestor": "None",
  "umap1": 0.5953492377136486,
  "umap2": 0.8916910662896702
}