{
  "umap1": 8.270683288574219,
  "umap2": 6.812719345092773
}