{
  "No direct optim ancestor": "None",
  "umap1": 0.34854916513982614,
  "umap2": 0.9346014194798351
}