{
  "umap1": 0.05337030364284889,
  "umap2": 0.464194649276096
}