{
  "umap1": 11.988598823547363,
  "umap2": 2.7802443504333496
}