{
  "umap1": 0.6690584548541083,
  "umap2": 0.5653039750568024
}