{
  "umap1": 10.978078842163086,
  "umap2": 1.2909862995147705
}