{
  "No direct optim ancestor": "None",
  "umap1": 0.06120774511040794,
  "umap2": 0.6027083955826557
}