{
  "umap1": 0.6116232570252388,
  "umap2": 0.44284837972710744
}