{
  "umap1": 2.9400079250335693,
  "umap2": 10.615469932556152
}