{
  "umap1": 0.9734722786794008,
  "umap2": 0.43019260585421937
}