{
  "No direct optim ancestor": "None",
  "umap1": 0.9681106891967115,
  "umap2": 0.013610280749902448
}