{
  "No direct optim ancestor": "None",
  "umap1": 0.3957821359258007,
  "umap2": 0.9151841244175818
}