{
  "umap1": 0.019125078937421658,
  "umap2": 0.8828219622135263
}