{
  "umap1": 0.11718299880674765,
  "umap2": 0.8233009706619713
}