{
  "umap1": 14.048454284667969,
  "umap2": 6.558300018310547
}