{
  "No direct optim ancestor": "None",
  "umap1": 0.047762628349485414,
  "umap2": 0.6970494175847838
}