{
  "umap1": 0.4578559263175169,
  "umap2": 0.04101378723870186
}