{
  "umap1": 0.7394404141579807,
  "umap2": 0.5997969710817214
}