{
  "umap1": 4.8975958824157715,
  "umap2": 10.867101669311523
}