{
  "umap1": 0.5472135166697517,
  "umap2": 0.9399379609838054
}