{
  "No direct optim ancestor": "None",
  "umap1": 0.7344800828612443,
  "umap2": 0.44501594292121394
}