{
  "umap1": 0.9698418532977177,
  "umap2": 0.698501023017977
}