{
  "No direct optim ancestor": "None",
  "umap1": 0.6214273540852148,
  "umap2": 0.2641987889405498
}