{
  "umap1": 0.8709098899149832,
  "umap2": 0.99843245469149
}