{
  "umap1": 9.053282737731934,
  "umap2": 6.977592945098877
}