{
  "umap1": 4.9643473625183105,
  "umap2": 10.79930305480957
}