{
  "umap1": 2.9541542530059814,
  "umap2": 10.548205375671387
}