{
  "umap1": 0.6064746567302735,
  "umap2": 0.9559602867706475
}