{
  "umap1": 3.0405514240264893,
  "umap2": 10.65051555633545
}