{
  "umap1": 10.608922958374023,
  "umap2": 1.2544313669204712
}