{
  "umap1": 10.26508617401123,
  "umap2": 3.7632436752319336
}