{
  "umap1": 0.46510077804058103,
  "umap2": 0.47500896389532665
}