{
  "No direct optim ancestor": "None",
  "umap1": 0.581341875413935,
  "umap2": 0.6602722085664503
}