{
  "umap1": 9.610916137695312,
  "umap2": 3.6724612712860107
}