{
  "umap1": 13.307928085327148,
  "umap2": 3.661283493041992
}