{
  "No direct optim ancestor": "None",
  "umap1": 0.8938732495914128,
  "umap2": 0.3456896425420436
}