{
  "umap1": 0.2919940231939008,
  "umap2": 0.9893763766952539
}