{
  "No direct optim ancestor": "None",
  "umap1": 0.778754460449303,
  "umap2": 0.6786392319156326
}