{
  "umap1": 0.16813479657363595,
  "umap2": 0.45342393862453556
}