{
  "umap1": 3.6596291065216064,
  "umap2": 10.274958610534668
}