{
  "umap1": 0.5093288000746886,
  "umap2": 0.9689641325400029
}