{
  "No direct optim ancestor": "None",
  "umap1": 0.06399377109482995,
  "umap2": 0.984472391721717
}