{
  "umap1": 0.8727959861587647,
  "umap2": 0.5775015434263809
}