{
  "umap1": 9.45312213897705,
  "umap2": 1.9363620281219482
}