{
  "No direct optim ancestor": "None",
  "umap1": 0.8262476942468198,
  "umap2": 0.5575941073311247
}