{
  "umap1": 0.16006662537105898,
  "umap2": 0.8091825287385169
}