{
  "umap1": 3.3602359294891357,
  "umap2": 10.350473403930664
}