{
  "umap1": 0.09714163924908403,
  "umap2": 0.9874112495920764
}