{
  "No direct optim ancestor": "None",
  "umap1": 0.24036587473867876,
  "umap2": 0.16177961217077919
}