{
  "umap1": 0.28879534013140495,
  "umap2": 0.6980039481041377
}