{
  "umap1": 13.696435928344727,
  "umap2": 6.557950496673584
}