{
  "umap1": 0.37052244517908517,
  "umap2": 0.32252305113630175
}