{
  "umap1": 11.14895248413086,
  "umap2": 1.238311529159546
}