{
  "No direct optim ancestor": "None",
  "umap1": 0.9376761303516671,
  "umap2": 0.41866477370423905
}