{
  "umap1": 10.535733222961426,
  "umap2": 2.9163029193878174
}