{
  "No direct optim ancestor": "None",
  "umap1": 0.31675788511214387,
  "umap2": 0.9913504279944136
}