{
  "umap1": 14.040563583374023,
  "umap2": 6.366246700286865
}