{
  "umap1": 0.9840570686435514,
  "umap2": 0.9019989083675497
}