{
  "umap1": 9.588773727416992,
  "umap2": 4.517473220825195
}