{
  "No direct optim ancestor": "None",
  "umap1": 0.27157269537693685,
  "umap2": 0.2157165764882345
}