{
  "umap1": 0.9968561563221509,
  "umap2": 0.1869369559925721
}