{
  "umap1": 0.7082454482610023,
  "umap2": 0.23190959512492648
}