{
  "umap1": 13.095505714416504,
  "umap2": 1.823838472366333
}