{
  "No direct optim ancestor": "None",
  "umap1": 0.28522573350089864,
  "umap2": 0.6900293598992608
}