{
  "umap1": 0.8180366273671243,
  "umap2": 0.30003194779353903
}