{
  "No direct optim ancestor": "None",
  "umap1": 0.6379943026170122,
  "umap2": 0.388421374979267
}