{
  "umap1": 8.62575912475586,
  "umap2": 5.22059440612793
}