{
  "No direct optim ancestor": "None",
  "umap1": 0.2541168337747298,
  "umap2": 0.9943594456546386
}