{
  "umap1": 0.7724892722637127,
  "umap2": 0.8628238384867433
}