{
  "umap1": 11.38903522491455,
  "umap2": 4.430561542510986
}