{
  "No direct optim ancestor": "None",
  "umap1": 0.7859089046168176,
  "umap2": 0.2702892889415214
}