{
  "umap1": 0.13529882079730993,
  "umap2": 0.2528434251650621
}