{
  "No direct optim ancestor": "None",
  "umap1": 0.10465103372810292,
  "umap2": 0.3453086715091579
}