{
  "umap1": 0.37902514384796204,
  "umap2": 0.48493058201456407
}