{
  "umap1": 9.926836013793945,
  "umap2": 4.212057113647461
}