{
  "umap1": 0.5604851347893284,
  "umap2": 0.007022162064170723
}