{
  "umap1": 3.0712966918945312,
  "umap2": 10.557329177856445
}