{
  "umap1": 10.541223526000977,
  "umap2": 1.1829891204833984
}