{
  "umap1": 0.051233766197200215,
  "umap2": 0.04779692634737476
}