{
  "No direct optim ancestor": "None",
  "umap1": 0.5065858993657034,
  "umap2": 0.25097616923193455
}