{
  "umap1": 0.4572599112301613,
  "umap2": 0.6804940744839625
}