{
  "No direct optim ancestor": "None",
  "umap1": 0.13515877364561357,
  "umap2": 0.42566084633711976
}