{
  "umap1": 10.392524719238281,
  "umap2": 3.4390501976013184
}