{
  "umap1": 10.809310913085938,
  "umap2": 1.6380330324172974
}