{
  "umap1": 0.5138634813798901,
  "umap2": 0.48397542170140706
}