{
  "No direct optim ancestor": "None",
  "umap1": 0.02148641735343426,
  "umap2": 0.5459518308988096
}