{
  "umap1": 0.13749894686184416,
  "umap2": 0.8586682231510502
}