{
  "No direct optim ancestor": "None",
  "umap1": 0.08673989488561917,
  "umap2": 0.3495135892861566
}