{
  "umap1": 13.436951637268066,
  "umap2": 7.03557014465332
}