{
  "umap1": 0.2990307287875742,
  "umap2": 0.03717825006214126
}