{
  "No direct optim ancestor": "None",
  "umap1": 0.09090656240241024,
  "umap2": 0.28901243549523503
}