{
  "umap1": 0.6261021614841952,
  "umap2": 0.6861537188560007
}