{
  "umap1": 0.4178772688212473,
  "umap2": 0.5166226537162627
}