{
  "No direct optim ancestor": "None",
  "umap1": 0.9080634739843313,
  "umap2": 0.35108021011096846
}