{
  "umap1": 0.712488324363762,
  "umap2": 0.8854709796028851
}