{
  "umap1": 0.6789862699154385,
  "umap2": 0.9836897066909953
}