{
  "umap1": 8.991964340209961,
  "umap2": 2.7210488319396973
}