{
  "umap1": 0.49769299209092865,
  "umap2": 0.4893361631055264
}