{
  "No direct optim ancestor": "None",
  "umap1": 0.9908362445750251,
  "umap2": 0.6826661056498743
}