{
  "umap1": 0.4580057568279079,
  "umap2": 0.7716998355661
}