{
  "umap1": 0.8108343664533059,
  "umap2": 0.9985156431791494
}