{
  "No direct optim ancestor": "None",
  "umap1": 0.6424765406396181,
  "umap2": 0.6217803833036716
}