{
  "umap1": 0.5104762151964712,
  "umap2": 0.1997090518510145
}