{
  "No direct optim ancestor": "None",
  "umap1": 0.9078854748476249,
  "umap2": 0.37823536636307276
}