{
  "umap1": 0.07880828351023927,
  "umap2": 0.3995245912364217
}