{
  "umap1": 0.8972321801497029,
  "umap2": 0.8578570670230314
}