{
  "No direct optim ancestor": "None",
  "umap1": 0.4560152954760448,
  "umap2": 0.44688630303513976
}