{
  "umap1": 0.9958262893823822,
  "umap2": 0.23979609647056477
}