{
  "umap1": 12.965018272399902,
  "umap2": 2.209592342376709
}