{
  "No direct optim ancestor": "None",
  "umap1": 0.5622744336958415,
  "umap2": 0.3038533708928426
}