{
  "umap1": 13.749367713928223,
  "umap2": 2.251601457595825
}