{
  "umap1": 10.129755973815918,
  "umap2": 1.8009141683578491
}