{
  "No direct optim ancestor": "None",
  "umap1": 0.8603399889052089,
  "umap2": 0.5030647859442293
}