{
  "umap1": 0.9498057842518248,
  "umap2": 0.9524975377524556
}