{
  "umap1": 2.6472411155700684,
  "umap2": 10.711423873901367
}