{
  "umap1": 0.7866360020077934,
  "umap2": 0.39301427758488827
}