{
  "umap1": 10.306192398071289,
  "umap2": 4.435379505157471
}