{
  "No direct optim ancestor": "None",
  "umap1": 0.42848869950364776,
  "umap2": 0.7528983372046211
}