{
  "umap1": 0.5486130522415203,
  "umap2": 0.46430314440466913
}