{
  "umap1": 8.815584182739258,
  "umap2": 2.989614248275757
}