{
  "umap1": 0.3020140731815688,
  "umap2": 0.06488627571910388
}