{
  "umap1": 0.7005641762914598,
  "umap2": 0.1339713717619817
}