{
  "umap1": 13.685991287231445,
  "umap2": 2.2879247665405273
}