{
  "No direct optim ancestor": "None",
  "umap1": 0.7823182801641558,
  "umap2": 0.01980713313018978
}