{
  "umap1": 2.6825854778289795,
  "umap2": 10.677491188049316
}