{
  "umap1": 0.10832291107426695,
  "umap2": 0.43452770933212304
}