{
  "umap1": 10.979463577270508,
  "umap2": 1.9953135251998901
}