{
  "umap1": 0.6158960231348629,
  "umap2": 0.04892662625200461
}