{
  "No direct optim ancestor": "None",
  "umap1": 0.3363119760288614,
  "umap2": 0.25788749138053213
}