{
  "No direct optim ancestor": "None",
  "umap1": 0.4734051030248281,
  "umap2": 0.22785173485509336
}