{
  "umap1": 0.12293544878487783,
  "umap2": 0.15573489458410594
}