{
  "umap1": 3.151892900466919,
  "umap2": 10.567686080932617
}