{
  "umap1": 0.6472823890492979,
  "umap2": 0.4180046594232827
}