{
  "umap1": 13.674957275390625,
  "umap2": 4.95026159286499
}