{
  "No direct optim ancestor": "None",
  "umap1": 0.39477761350523366,
  "umap2": 0.8048485127985557
}