{
  "umap1": 0.2503781222813778,
  "umap2": 0.7527708855711226
}