{
  "No direct optim ancestor": "None",
  "umap1": 0.8815859476485867,
  "umap2": 0.4196650253070814
}