{
  "umap1": 0.28920371328666217,
  "umap2": 0.35470553667830107
}