{
  "umap1": 0.06005761134605414,
  "umap2": 0.22066014525391897
}