{
  "No direct optim ancestor": "None",
  "umap1": 0.8977540548060596,
  "umap2": 0.5926479413450829
}