{
  "umap1": 13.341156959533691,
  "umap2": 7.236195087432861
}