{
  "umap1": 0.648139780185309,
  "umap2": 0.9581945707710685
}