{
  "No direct optim ancestor": "None",
  "umap1": 0.6156704123270956,
  "umap2": 0.3791051612563786
}