{
  "No direct optim ancestor": "None",
  "umap1": 0.23036502065721454,
  "umap2": 0.9023874932324375
}