{
  "umap1": 9.614319801330566,
  "umap2": 1.5383509397506714
}