{
  "umap1": 0.3486966134505193,
  "umap2": 0.5554814297508854
}