{
  "No direct optim ancestor": "None",
  "umap1": 0.12191389823568499,
  "umap2": 0.7890307654100184
}