{
  "umap1": 0.8029263811691266,
  "umap2": 0.598060510517271
}