{
  "umap1": 0.2473460544742725,
  "umap2": 0.061998632429211886
}