{
  "umap1": 11.383228302001953,
  "umap2": 1.488539695739746
}