{
  "umap1": 0.9950967628324056,
  "umap2": 0.36135297666143174
}