{
  "umap1": 3.2712953090667725,
  "umap2": 10.465188026428223
}