{
  "No direct optim ancestor": "None",
  "umap1": 0.28392696520164995,
  "umap2": 0.08944531697990121
}