{
  "umap1": 0.38136394506746685,
  "umap2": 0.11226614810012636
}