{
  "umap1": 1.0618966817855835,
  "umap2": 9.712885856628418
}