{
  "No direct optim ancestor": "None",
  "umap1": 0.49920087006378966,
  "umap2": 0.357608897552373
}