{
  "umap1": 0.2318099619967634,
  "umap2": 0.6188716165986963
}