{
  "umap1": 12.465723037719727,
  "umap2": 4.23570442199707
}