{
  "umap1": 12.057295799255371,
  "umap2": 2.980825901031494
}