{
  "umap1": 0.11543069519443971,
  "umap2": 0.5740905203241893
}