{
  "umap1": 12.43310260772705,
  "umap2": 2.6392874717712402
}