{
  "No direct optim ancestor": "None",
  "umap1": 0.19681507088321082,
  "umap2": 0.5035817103328131
}