{
  "umap1": 0.7760983375017753,
  "umap2": 0.4932881316090105
}