{
  "No direct optim ancestor": "None",
  "umap1": 0.7849839310024036,
  "umap2": 0.771527840012427
}