{
  "umap1": 0.7412452650678982,
  "umap2": 0.014090239842732388
}