{
  "umap1": 13.898008346557617,
  "umap2": 2.1081392765045166
}