{
  "No direct optim ancestor": "None",
  "umap1": 0.0846765017702843,
  "umap2": 0.6420908302553971
}