{
  "umap1": 0.3577843276589451,
  "umap2": 0.20187292946167001
}