{
  "No direct optim ancestor": "None",
  "umap1": 0.6617771066612066,
  "umap2": 0.671130973112195
}