{
  "umap1": 0.909306951157198,
  "umap2": 0.7000678908272858
}