{
  "umap1": 10.237397193908691,
  "umap2": 5.711242198944092
}