{
  "umap1": 0.29427175635506464,
  "umap2": 0.04221707462942825
}