{
  "No direct optim ancestor": "None",
  "umap1": 0.028419718226132762,
  "umap2": 0.5060061850591455
}