{
  "umap1": 8.228471755981445,
  "umap2": 8.959547996520996
}