{
  "No direct optim ancestor": "None",
  "umap1": 0.3259959466337452,
  "umap2": 0.10763951121501403
}