{
  "umap1": 0.07012755249074432,
  "umap2": 0.34905072341600796
}