{
  "umap1": 0.4400506998827566,
  "umap2": 0.42569682171997414
}