{
  "No direct optim ancestor": "None",
  "umap1": 0.12462583268020955,
  "umap2": 0.9440396530136744
}