{
  "umap1": 10.663037300109863,
  "umap2": 1.2917596101760864
}