{
  "umap1": 0.996290571901356,
  "umap2": 0.3537156014090652
}