{
  "No direct optim ancestor": "None",
  "umap1": 0.20446329240710837,
  "umap2": 0.8187842560119787
}