{
  "umap1": 14.225533485412598,
  "umap2": 5.640397071838379
}