{
  "No direct optim ancestor": "None",
  "umap1": 0.4374609974925241,
  "umap2": 0.5112192544025356
}