{
  "umap1": 0.01684242056430829,
  "umap2": 0.7203174745353566
}