{
  "umap1": 0.5665072595106919,
  "umap2": 0.2733383209005026
}