{
  "umap1": 9.634140968322754,
  "umap2": 3.901639699935913
}