{
  "umap1": 0.05081881421795664,
  "umap2": 0.07016456557745732
}