{
  "No direct optim ancestor": "None",
  "umap1": 0.8480120720369427,
  "umap2": 0.7451133605029014
}