{
  "umap1": 1.193067193031311,
  "umap2": 9.728436470031738
}