{
  "umap1": 0.3999029106077079,
  "umap2": 0.2976286187229894
}