{
  "umap1": 2.94708514213562,
  "umap2": 10.534355163574219
}