{
  "umap1": 4.903894901275635,
  "umap2": 10.86124038696289
}