{
  "umap1": 0.13855187140878955,
  "umap2": 0.906662616594174
}