{
  "umap1": 14.11933422088623,
  "umap2": 2.2673890590667725
}