{
  "No direct optim ancestor": "None",
  "umap1": 0.4374187041704378,
  "umap2": 0.5786122480855874
}