{
  "umap1": 0.9080538566586389,
  "umap2": 0.5746371184019105
}