{
  "umap1": 8.305252075195312,
  "umap2": 8.930644989013672
}