{
  "umap1": 0.0760837311824335,
  "umap2": 0.9003827088423828
}