{
  "umap1": 3.4255318641662598,
  "umap2": 10.368340492248535
}