{
  "umap1": 0.42843028090943225,
  "umap2": 0.8702558903934449
}