{
  "No direct optim ancestor": "None",
  "umap1": 0.7332119141244355,
  "umap2": 0.7356522592752515
}