{
  "umap1": 0.9055128883894851,
  "umap2": 0.7067741680175841
}