{
  "No direct optim ancestor": "None",
  "umap1": 0.8617973677181303,
  "umap2": 0.4437659264468977
}