{
  "umap1": 8.985679626464844,
  "umap2": 3.561997652053833
}