{
  "umap1": 0.5395407615935419,
  "umap2": 0.33159635209314786
}