{
  "umap1": 10.154647827148438,
  "umap2": 3.6224305629730225
}