{
  "umap1": 0.4454699206239703,
  "umap2": 0.7999526609633397
}