{
  "No direct optim ancestor": "None",
  "umap1": 0.8542743793126124,
  "umap2": 0.45360004425764666
}