{
  "umap1": 3.343846321105957,
  "umap2": 9.985105514526367
}