{
  "umap1": 0.8066852488099014,
  "umap2": 0.7184252377670748
}