{
  "umap1": 14.09759521484375,
  "umap2": 2.300738573074341
}