{
  "No direct optim ancestor": "None",
  "umap1": 0.2905162415896798,
  "umap2": 0.6331955689266278
}