{
  "No direct optim ancestor": "None",
  "umap1": 0.10826465977127353,
  "umap2": 0.4392910389588963
}