{
  "umap1": 0.4457012050237079,
  "umap2": 0.20374895637804535
}