{
  "umap1": 0.7938439903913426,
  "umap2": 0.9731838494151699
}