{
  "No direct optim ancestor": "None",
  "umap1": 0.7056001783020178,
  "umap2": 0.4413467671663661
}