{
  "umap1": 0.38681102308318804,
  "umap2": 0.17429045143381983
}