{
  "No direct optim ancestor": "None",
  "umap1": 0.09269925148751579,
  "umap2": 0.2512288417152154
}