{
  "umap1": 12.942763328552246,
  "umap2": 7.543415069580078
}