{
  "umap1": 0.23680120754472667,
  "umap2": 0.08801259005491247
}