{
  "umap1": 8.68569278717041,
  "umap2": 5.4645094871521
}