{
  "umap1": 8.333695411682129,
  "umap2": 7.269413948059082
}