{
  "No direct optim ancestor": "None",
  "umap1": 0.48878537857920124,
  "umap2": 0.32467324332476777
}