{
  "umap1": 0.44343170718170055,
  "umap2": 0.5486156844844224
}