{
  "umap1": 0.38275420871162946,
  "umap2": 0.9827529044477117
}