{
  "No direct optim ancestor": "None",
  "umap1": 0.455756296393245,
  "umap2": 0.02419045549642118
}