{
  "umap1": 0.4584171184098108,
  "umap2": 0.6662920471829714
}