{
  "umap1": 11.837185859680176,
  "umap2": 1.3094617128372192
}