{
  "No direct optim ancestor": "None",
  "umap1": 0.11492125109691909,
  "umap2": 0.959108506734629
}