{
  "umap1": 0.7028836622279511,
  "umap2": 0.4156431243569898
}