{
  "umap1": 8.627060890197754,
  "umap2": 5.288216590881348
}