{
  "umap1": 11.627395629882812,
  "umap2": 3.718698263168335
}