{
  "umap1": 0.2556606629494378,
  "umap2": 0.6239240979398064
}