{
  "No direct optim ancestor": "None",
  "umap1": 0.6689180673097197,
  "umap2": 0.2992957749990518
}