{
  "umap1": 14.284534454345703,
  "umap2": 4.059061050415039
}