{
  "umap1": 0.8840257702645195,
  "umap2": 0.25323878361761265
}