{
  "umap1": 7.319956302642822,
  "umap2": 5.863232612609863
}