{
  "umap1": 0.024860783462181124,
  "umap2": 0.735846958890981
}