{
  "umap1": 3.5150744915008545,
  "umap2": 10.368268013000488
}