{
  "Ancestor's direct optim goal": "a square with a circle on top",
  "umap1": 0.6103520582086942,
  "umap2": 0.5776081839337666
}