{
  "No direct optim ancestor": "None",
  "umap1": 0.4442948230944418,
  "umap2": 0.48619389753337916
}