{
  "umap1": 0.7532837974125522,
  "umap2": 0.11210398147861
}