{
  "umap1": 0.961021011551127,
  "umap2": 0.12601082574711997
}