{
  "umap1": 8.58304214477539,
  "umap2": 3.157235860824585
}