{
  "umap1": 0.16783865219318683,
  "umap2": 0.16084996741165447
}