{
  "No direct optim ancestor": "None",
  "umap1": 0.9938158777675161,
  "umap2": 0.20086050586460735
}