{
  "umap1": 10.185226440429688,
  "umap2": 7.244287490844727
}