{
  "umap1": 0.28114162120202224,
  "umap2": 0.42333051257642573
}