{
  "umap1": 0.7432723343485567,
  "umap2": 0.10228976449245719
}