{
  "umap1": 2.7253987789154053,
  "umap2": 10.665932655334473
}