{
  "umap1": 12.659467697143555,
  "umap2": 7.21419095993042
}