{
  "umap1": 0.1504495998972306,
  "umap2": 0.9669083050307427
}