{
  "No direct optim ancestor": "None",
  "umap1": 0.8057357329197213,
  "umap2": 0.9688296885223734
}