{
  "umap1": 0.2861755326779827,
  "umap2": 0.7807727824762571
}