{
  "umap1": 0.05730287069573736,
  "umap2": 0.22818253020347212
}