{
  "No direct optim ancestor": "None",
  "umap1": 0.463338500314338,
  "umap2": 0.9932635111582271
}