{
  "umap1": 13.560199737548828,
  "umap2": 6.273987293243408
}