{
  "umap1": 0.7476712164953336,
  "umap2": 0.043946512725676845
}