{
  "umap1": 12.49938678741455,
  "umap2": 2.1071834564208984
}