{
  "umap1": 0.10709133759935285,
  "umap2": 0.4201755372837861
}