{
  "No direct optim ancestor": "None",
  "umap1": 0.5798944537385251,
  "umap2": 0.4701685221209999
}