{
  "No direct optim ancestor": "None",
  "umap1": 0.4480658872403672,
  "umap2": 0.8403420389327756
}