{
  "umap1": 0.08183210537778907,
  "umap2": 0.4189793862240172
}