{
  "umap1": 12.737117767333984,
  "umap2": 4.4933953285217285
}