{
  "No direct optim ancestor": "None",
  "umap1": 0.37554820552371393,
  "umap2": 0.36257985333255416
}