{
  "umap1": 0.40932000636451527,
  "umap2": 0.2956181734315144
}