{
  "umap1": 13.526665687561035,
  "umap2": 3.961517572402954
}