{
  "umap1": 0.20262863429333633,
  "umap2": 0.8383661403538231
}