{
  "No direct optim ancestor": "None",
  "umap1": 0.9555899145973165,
  "umap2": 0.24704029759633817
}