{
  "umap1": 0.540320082722301,
  "umap2": 0.3839625686491761
}