{
  "No direct optim ancestor": "None",
  "umap1": 0.47513273114910226,
  "umap2": 0.3405736928238099
}