{
  "umap1": 0.06207328320003569,
  "umap2": 0.3462666089024552
}