{
  "umap1": 13.390887260437012,
  "umap2": 6.218709468841553
}