{
  "umap1": 13.3755521774292,
  "umap2": 6.363020896911621
}