{
  "umap1": 0.1772703732956432,
  "umap2": 0.15088448071156857
}