{
  "umap1": 11.132596015930176,
  "umap2": 2.797376871109009
}