{
  "No direct optim ancestor": "None",
  "umap1": 0.6461290905696947,
  "umap2": 0.6018959201721944
}