{
  "umap1": 0.5832611184117352,
  "umap2": 0.5937112954225023
}