{
  "No direct optim ancestor": "None",
  "umap1": 0.4082067802054189,
  "umap2": 0.30444143576112015
}