{
  "umap1": 0.6896486562076344,
  "umap2": 0.673287636394608
}