{
  "No direct optim ancestor": "None",
  "umap1": 0.7929978077371954,
  "umap2": 0.3220620830775448
}