{
  "umap1": 11.671879768371582,
  "umap2": 3.582545518875122
}