{
  "umap1": 0.2604537335149517,
  "umap2": 0.8035811202707998
}