{
  "umap1": 3.8522167205810547,
  "umap2": 9.889975547790527
}