{
  "No direct optim ancestor": "None",
  "umap1": 0.7838280951568358,
  "umap2": 0.9095866782919719
}