{
  "umap1": 0.9992330815068992,
  "umap2": 0.46762579166115936
}