{
  "No direct optim ancestor": "None",
  "umap1": 0.2476477677543114,
  "umap2": 0.7158737586668839
}