{
  "umap1": 0.6224223859176812,
  "umap2": 0.6113115619572603
}