{
  "No direct optim ancestor": "None",
  "umap1": 0.5842456065524464,
  "umap2": 0.6860760636130507
}