{
  "umap1": 0.24234500713335994,
  "umap2": 0.22675164038069595
}