{
  "umap1": 3.8872430324554443,
  "umap2": 9.857061386108398
}