{
  "No direct optim ancestor": "None",
  "umap1": 0.2852276315049488,
  "umap2": 0.6893406299140685
}