{
  "umap1": 0.5091294561976125,
  "umap2": 0.5423420709197961
}