{
  "umap1": 11.329222679138184,
  "umap2": 3.5509989261627197
}