{
  "umap1": 9.554795265197754,
  "umap2": 5.764519691467285
}