{
  "umap1": 10.811984062194824,
  "umap2": 2.2081050872802734
}