{
  "umap1": 0.8232021108355175,
  "umap2": 0.2507447534497358
}