{
  "No direct optim ancestor": "None",
  "umap1": 0.9454250361946872,
  "umap2": 0.3127916914406119
}