{
  "umap1": 13.841039657592773,
  "umap2": 6.979418754577637
}