{
  "No direct optim ancestor": "None",
  "umap1": 0.19385828010032302,
  "umap2": 0.9481404638036548
}