{
  "umap1": 0.6540647302689004,
  "umap2": 0.5151339365165958
}