{
  "umap1": 13.292678833007812,
  "umap2": 6.337030410766602
}