{
  "umap1": 7.931636333465576,
  "umap2": 8.912219047546387
}