{
  "umap1": 12.272372245788574,
  "umap2": 1.7160805463790894
}