{
  "umap1": 0.644316391275595,
  "umap2": 0.6911020115580414
}