{
  "No direct optim ancestor": "None",
  "umap1": 0.7032159497681416,
  "umap2": 0.6919662269384114
}