{
  "umap1": 9.934310913085938,
  "umap2": 2.6477859020233154
}