{
  "No direct optim ancestor": "None",
  "umap1": 0.9249983876971657,
  "umap2": 0.3392081938641234
}