{
  "umap1": 0.9401654972557203,
  "umap2": 0.20560819649990925
}