{
  "umap1": 12.195792198181152,
  "umap2": 2.9534451961517334
}