{
  "umap1": 0.5606956534944469,
  "umap2": 0.0017732766735741867
}