{
  "umap1": 14.429930686950684,
  "umap2": 5.472448825836182
}