{
  "umap1": 1.4493656158447266,
  "umap2": 10.008291244506836
}