{
  "umap1": 12.499545097351074,
  "umap2": 3.851163625717163
}