{
  "No direct optim ancestor": "None",
  "umap1": 0.3086821341415995,
  "umap2": 0.19362280410575883
}