{
  "umap1": 0.33016243107862653,
  "umap2": 0.5630213321108684
}