{
  "umap1": 13.419922828674316,
  "umap2": 5.875236988067627
}