{
  "No direct optim ancestor": "None",
  "umap1": 0.629879826984261,
  "umap2": 0.994083194996356
}