{
  "umap1": 0.056115890915527045,
  "umap2": 0.9389642916382988
}