{
  "umap1": 11.871682167053223,
  "umap2": 1.6092607975006104
}