{
  "umap1": 13.594538688659668,
  "umap2": 6.4015421867370605
}