{
  "umap1": 0.9537475029324778,
  "umap2": 0.5128525552392613
}