{
  "umap1": 0.08377095847350136,
  "umap2": 0.4540350063202061
}