{
  "umap1": 9.439565658569336,
  "umap2": 4.594685077667236
}