{
  "No direct optim ancestor": "None",
  "umap1": 0.31527200073791706,
  "umap2": 0.47572068814694846
}