{
  "umap1": 0.9851737361667183,
  "umap2": 0.06234842276801433
}