{
  "umap1": 10.754753112792969,
  "umap2": 1.4394190311431885
}