{
  "No direct optim ancestor": "None",
  "umap1": 0.06936839008852502,
  "umap2": 0.7217834747639906
}