{
  "umap1": 0.7694086984602642,
  "umap2": 0.017244936990315263
}