{
  "No direct optim ancestor": "None",
  "umap1": 0.07594196757800353,
  "umap2": 0.8858340349961739
}