{
  "umap1": 13.30909538269043,
  "umap2": 4.845248699188232
}