{
  "umap1": 0.7739385428380132,
  "umap2": 0.9220929076750085
}