{
  "umap1": 14.205601692199707,
  "umap2": 5.266291618347168
}