{
  "umap1": 1.4056189060211182,
  "umap2": 10.044415473937988
}