{
  "umap1": 0.26089584016028056,
  "umap2": 0.5389915379859485
}