{
  "umap1": 13.801105499267578,
  "umap2": 6.412892818450928
}