{
  "No direct optim ancestor": "None",
  "umap1": 0.3832018925854137,
  "umap2": 0.3754214303591942
}