{
  "umap1": 0.3665805279927553,
  "umap2": 0.35981908591107437
}