{
  "No direct optim ancestor": "None",
  "umap1": 0.016174344899904547,
  "umap2": 0.15394805047303828
}