{
  "umap1": 0.08492508865619464,
  "umap2": 0.27504985455052444
}