{
  "umap1": 9.887371063232422,
  "umap2": 2.626807689666748
}