{
  "umap1": 0.3564399011678785,
  "umap2": 0.10157644890261797
}