{
  "No direct optim ancestor": "None",
  "umap1": 0.03491060567377824,
  "umap2": 0.2640634479833752
}