{
  "No direct optim ancestor": "None",
  "umap1": 0.5186570696083528,
  "umap2": 0.07638982463994282
}