{
  "umap1": 11.912824630737305,
  "umap2": 1.8984662294387817
}