{
  "umap1": 0.2997999846939722,
  "umap2": 0.6322384967989466
}