{
  "umap1": 12.394673347473145,
  "umap2": 5.018375873565674
}