{
  "umap1": 5.013320446014404,
  "umap2": 10.736433982849121
}