{
  "umap1": 14.195507049560547,
  "umap2": 6.2570905685424805
}