{
  "umap1": 11.892065048217773,
  "umap2": 6.885039329528809
}