{
  "umap1": 0.05963175935296505,
  "umap2": 0.8331896219272263
}