{
  "No direct optim ancestor": "None",
  "umap1": 0.9802154513112357,
  "umap2": 0.15798795756475792
}