{
  "umap1": 3.7938992977142334,
  "umap2": 9.87482738494873
}