{
  "umap1": 0.10413454242948905,
  "umap2": 0.5819505456383661
}