{
  "umap1": 0.1915891750278298,
  "umap2": 0.09940041180386683
}