{
  "umap1": 12.080909729003906,
  "umap2": 4.199171543121338
}