{
  "No direct optim ancestor": "None",
  "umap1": 0.4108314640271219,
  "umap2": 0.024172290270842334
}