{
  "umap1": 0.656729134629065,
  "umap2": 0.3687223502020516
}