{
  "umap1": 0.7394926062198819,
  "umap2": 0.8058508760222903
}