{
  "umap1": 4.921547889709473,
  "umap2": 10.836013793945312
}