{
  "umap1": 0.8483074658096954,
  "umap2": 0.9984362389049249
}