{
  "No direct optim ancestor": "None",
  "umap1": 0.8075406259515372,
  "umap2": 0.959900951660233
}