{
  "No direct optim ancestor": "None",
  "umap1": 0.800624165687787,
  "umap2": 0.039273062199671194
}