{
  "umap1": 11.562017440795898,
  "umap2": 3.215982675552368
}