{
  "umap1": 0.053384851751924756,
  "umap2": 0.6412724664517604
}