{
  "No direct optim ancestor": "None",
  "umap1": 0.16250627684139662,
  "umap2": 0.6181894268248892
}