{
  "umap1": 13.170538902282715,
  "umap2": 3.442331075668335
}