{
  "umap1": 0.3032659105907932,
  "umap2": 0.5531035233241731
}