{
  "umap1": 0.5920012108195599,
  "umap2": 0.4680802651606957
}