{
  "No direct optim ancestor": "None",
  "umap1": 0.12206737017578118,
  "umap2": 0.19716739871496514
}