{
  "umap1": 10.023296356201172,
  "umap2": 5.995990753173828
}