{
  "umap1": 12.013741493225098,
  "umap2": 6.175289630889893
}