{
  "No direct optim ancestor": "None",
  "umap1": 0.9722694052583769,
  "umap2": 0.19211019387767236
}