{
  "umap1": 0.43257191785912996,
  "umap2": 0.6633738155963642
}