{
  "umap1": 0.9641021591742083,
  "umap2": 0.2948087447379155
}