{
  "No direct optim ancestor": "None",
  "umap1": 0.9347518745627583,
  "umap2": 0.3415356747957192
}