{
  "umap1": 0.2573860665924249,
  "umap2": 0.1325313928093137
}