{
  "No direct optim ancestor": "None",
  "umap1": 0.66675144725712,
  "umap2": 0.5026055492262768
}