{
  "umap1": 0.14446335876901817,
  "umap2": 0.5723792563676507
}