{
  "umap1": 12.55843734741211,
  "umap2": 2.640871524810791
}