{
  "umap1": 9.287199020385742,
  "umap2": 2.569687843322754
}