{
  "umap1": 0.6259785920058434,
  "umap2": 0.38759898096357326
}