{
  "No direct optim ancestor": "None",
  "umap1": 0.23341302148264542,
  "umap2": 0.6280906147128978
}