{
  "umap1": 12.950665473937988,
  "umap2": 2.5271718502044678
}