{
  "umap1": 11.893799781799316,
  "umap2": 2.358381509780884
}