{
  "umap1": 0.6141519571515414,
  "umap2": 0.7885150928430712
}