{
  "No direct optim ancestor": "None",
  "umap1": 0.6925054630038706,
  "umap2": 0.4151837721172864
}