{
  "umap1": 9.044440269470215,
  "umap2": 6.532349109649658
}