{
  "umap1": 0.577717903143493,
  "umap2": 0.4143073495022368
}