{
  "umap1": 13.25758171081543,
  "umap2": 5.036345481872559
}