{
  "umap1": 0.33568619864108673,
  "umap2": 0.7582486945042438
}