{
  "No direct optim ancestor": "None",
  "umap1": 0.6527896298791362,
  "umap2": 0.7010860985019813
}