{
  "umap1": 0.6414015568034892,
  "umap2": 0.5482825096339449
}