{
  "No direct optim ancestor": "None",
  "umap1": 0.09554841552035143,
  "umap2": 0.9897473188511772
}