{
  "umap1": 13.845072746276855,
  "umap2": 5.659234523773193
}