{
  "No direct optim ancestor": "None",
  "umap1": 0.28802937751592583,
  "umap2": 0.7857883459546768
}