{
  "umap1": 0.021702671714747934,
  "umap2": 0.15920119849351333
}