{
  "umap1": 7.3308281898498535,
  "umap2": 5.880561828613281
}