{
  "umap1": 10.703015327453613,
  "umap2": 1.9812090396881104
}