{
  "umap1": 4.950981616973877,
  "umap2": 10.807639122009277
}