{
  "umap1": 8.600211143493652,
  "umap2": 5.3953070640563965
}