{
  "umap1": 0.4419317356919824,
  "umap2": 0.092054749454061
}