{
  "No direct optim ancestor": "None",
  "umap1": 0.8798599553964996,
  "umap2": 0.5701594082271139
}