{
  "umap1": 0.2314118006083884,
  "umap2": 0.841381244573839
}