{
  "umap1": 2.807732582092285,
  "umap2": 10.623880386352539
}