{
  "umap1": 7.951237201690674,
  "umap2": 8.905740737915039
}