{
  "umap1": 7.342632293701172,
  "umap2": 5.843888282775879
}