{
  "umap1": 14.083209991455078,
  "umap2": 6.654175758361816
}