{
  "umap1": 4.949914932250977,
  "umap2": 10.812094688415527
}