{
  "umap1": 0.06060468270615671,
  "umap2": 0.9725392187834415
}