{
  "umap1": 0.06757120983339848,
  "umap2": 0.365087074329253
}