{
  "umap1": 1.0175065994262695,
  "umap2": 9.635640144348145
}