{
  "umap1": 0.8329467973658283,
  "umap2": 0.049461288939148695
}