{
  "umap1": 0.8720831190189672,
  "umap2": 0.03639972606960251
}