{
  "umap1": 13.572684288024902,
  "umap2": 2.747746229171753
}