{
  "umap1": 10.194103240966797,
  "umap2": 1.4330353736877441
}