{
  "No direct optim ancestor": "None",
  "umap1": 0.4354862009637057,
  "umap2": 0.4193256186716108
}