{
  "umap1": 11.917325973510742,
  "umap2": 2.1087565422058105
}