{
  "umap1": 0.5293710659328253,
  "umap2": 0.3119160381733419
}