{
  "umap1": 0.6479984874215339,
  "umap2": 0.0009156691400582506
}