{
  "No direct optim ancestor": "None",
  "umap1": 0.40240607020523633,
  "umap2": 0.18776733553548708
}