{
  "umap1": 12.16983413696289,
  "umap2": 2.207575559616089
}