{
  "umap1": 14.29042911529541,
  "umap2": 5.433997631072998
}