{
  "umap1": 0.6571177099735639,
  "umap2": 0.2650286249246986
}