{
  "No direct optim ancestor": "None",
  "umap1": 0.8512965866687154,
  "umap2": 0.4375860748540562
}