{
  "umap1": 10.78581428527832,
  "umap2": 7.479736328125
}