{
  "No direct optim ancestor": "None",
  "umap1": 0.7919532913655101,
  "umap2": 0.19305207625417187
}