{
  "umap1": 0.3910223888315283,
  "umap2": 0.6456436825073761
}