{
  "umap1": 13.177275657653809,
  "umap2": 5.730187892913818
}