{
  "umap1": 0.36317953668835135,
  "umap2": 0.7728365449267418
}