{
  "Ancestor's direct optim goal": "a close-up photo of a ladybug with red shell and green spots",
  "umap1": 0.3433121906941483,
  "umap2": 0.9693139157042583
}