{
  "umap1": 13.655035018920898,
  "umap2": 5.41874885559082
}