{
  "umap1": 0.168007227822199,
  "umap2": 0.7135283556296687
}