{
  "No direct optim ancestor": "None",
  "umap1": 0.7350280149859116,
  "umap2": 0.7669742255393597
}