{
  "umap1": 0.08516538230043513,
  "umap2": 0.6291614266039648
}