{
  "No direct optim ancestor": "None",
  "umap1": 0.21300991380754575,
  "umap2": 0.20053443952270855
}