{
  "umap1": 0.28442234200039873,
  "umap2": 0.7245400538103226
}