{
  "umap1": 0.8465791149109159,
  "umap2": 0.9383859382519458
}