{
  "No direct optim ancestor": "None",
  "umap1": 0.1714920199114871,
  "umap2": 0.4372623045043448
}