{
  "No direct optim ancestor": "None",
  "umap1": 0.09742224574932379,
  "umap2": 0.1255604114518376
}