{
  "umap1": 0.4178428764335752,
  "umap2": 0.4931646097183471
}