{
  "umap1": 14.092645645141602,
  "umap2": 5.7260870933532715
}