{
  "umap1": 14.587991714477539,
  "umap2": 4.9719977378845215
}