{
  "umap1": 11.93269157409668,
  "umap2": 2.8095736503601074
}