{
  "umap1": 0.2300651759661989,
  "umap2": 0.21880655204543775
}