{
  "No direct optim ancestor": "None",
  "umap1": 0.5835600687703083,
  "umap2": 0.4547649334538213
}