{
  "umap1": 11.121783256530762,
  "umap2": 1.5532130002975464
}