{
  "No direct optim ancestor": "None",
  "umap1": 0.43185542313174163,
  "umap2": 0.12775917919123014
}