{
  "umap1": 0.10805657975525529,
  "umap2": 0.4107668896274378
}