{
  "umap1": 0.34987906493185894,
  "umap2": 0.8251370327321285
}