{
  "No direct optim ancestor": "None",
  "umap1": 0.8930066851504506,
  "umap2": 0.8858779943338406
}