{
  "umap1": 13.880194664001465,
  "umap2": 2.8247838020324707
}