{
  "umap1": 0.2826537695750626,
  "umap2": 0.05381898346270675
}