{
  "No direct optim ancestor": "None",
  "umap1": 0.4871533251327541,
  "umap2": 0.7797369067369204
}