{
  "umap1": 0.9920585911290548,
  "umap2": 0.831877971274334
}