{
  "No direct optim ancestor": "None",
  "umap1": 0.5242471472938554,
  "umap2": 0.8953973108258002
}