{
  "umap1": 13.862146377563477,
  "umap2": 6.561002254486084
}