{
  "No direct optim ancestor": "None",
  "umap1": 0.868321791075646,
  "umap2": 0.8336360459635807
}