{
  "umap1": 0.8558841004740599,
  "umap2": 0.3420658019135836
}