{
  "umap1": 12.089105606079102,
  "umap2": 1.817181944847107
}