{
  "umap1": 0.8418252424121836,
  "umap2": 0.17966695964972135
}