{
  "No direct optim ancestor": "None",
  "umap1": 0.7038472723023179,
  "umap2": 0.38161349623091334
}