{
  "umap1": 12.861591339111328,
  "umap2": 2.354421854019165
}