{
  "umap1": 3.748833656311035,
  "umap2": 10.220553398132324
}