{
  "umap1": 0.14440989717417285,
  "umap2": 0.6708077091337755
}