{
  "umap1": 13.058128356933594,
  "umap2": 7.083568572998047
}