{
  "umap1": 11.107685089111328,
  "umap2": 1.6507251262664795
}