{
  "umap1": 0.9247012727454472,
  "umap2": 0.18688836351204186
}