{
  "No direct optim ancestor": "None",
  "umap1": 0.2295636192798779,
  "umap2": 0.4578137941995071
}