{
  "No direct optim ancestor": "None",
  "umap1": 0.6027118492042455,
  "umap2": 0.949995796405214
}