{
  "umap1": 0.3097718201728238,
  "umap2": 0.9748697504015503
}