{
  "umap1": 0.9949253888344788,
  "umap2": 0.7823312542438002
}