{
  "umap1": 13.052444458007812,
  "umap2": 7.126410961151123
}