{
  "umap1": 1.108880639076233,
  "umap2": 9.837329864501953
}