{
  "No direct optim ancestor": "None",
  "umap1": 0.08586436355971405,
  "umap2": 0.48190380343748807
}