{
  "umap1": 0.2598124479945312,
  "umap2": 0.748125777368569
}