{
  "umap1": 10.21960735321045,
  "umap2": 2.9221692085266113
}