{
  "No direct optim ancestor": "None",
  "umap1": 0.2652864294423719,
  "umap2": 0.9770685995492576
}