{
  "umap1": 0.33851315377361635,
  "umap2": 0.9617996114893685
}