{
  "umap1": 13.702866554260254,
  "umap2": 1.9545416831970215
}