{
  "umap1": 0.845064206311375,
  "umap2": 0.46057316510800816
}