{
  "No direct optim ancestor": "None",
  "umap1": 0.5934853561579952,
  "umap2": 0.6140651646091226
}