{
  "umap1": 0.2512654106159886,
  "umap2": 0.9900079597132316
}