{
  "umap1": 14.00979232788086,
  "umap2": 4.064908981323242
}