{
  "umap1": 0.13461882333417285,
  "umap2": 0.7457822723859341
}