{
  "No direct optim ancestor": "None",
  "umap1": 0.8525740962399322,
  "umap2": 0.2925993619528595
}