{
  "umap1": 10.796466827392578,
  "umap2": 1.2398728132247925
}