{
  "umap1": 0.9792851411520517,
  "umap2": 0.7376273055879811
}