{
  "No direct optim ancestor": "None",
  "umap1": 0.4052576780816326,
  "umap2": 0.39789406141603056
}