{
  "umap1": 0.8829840124336531,
  "umap2": 0.16428207957814067
}