{
  "umap1": 11.929300308227539,
  "umap2": 7.467288494110107
}