{
  "umap1": 3.3782615661621094,
  "umap2": 10.004485130310059
}