{
  "umap1": 0.9114976775729773,
  "umap2": 0.09483719909031985
}