{
  "umap1": 0.055500686585121306,
  "umap2": 0.013539317765763004
}