{
  "No direct optim ancestor": "None",
  "umap1": 0.03276754264363635,
  "umap2": 0.9904513679029014
}