{
  "umap1": 9.670947074890137,
  "umap2": 6.933819770812988
}