{
  "umap1": 9.161482810974121,
  "umap2": 2.9422991275787354
}