{
  "umap1": 13.946425437927246,
  "umap2": 4.1373724937438965
}