{
  "umap1": 8.050074577331543,
  "umap2": 8.84827709197998
}