{
  "umap1": 0.32809591063270527,
  "umap2": 0.9229642936014978
}