{
  "umap1": 1.3391499519348145,
  "umap2": 10.01731014251709
}