{
  "No direct optim ancestor": "None",
  "umap1": 0.236951890114118,
  "umap2": 0.0838486344005922
}