{
  "umap1": 10.532143592834473,
  "umap2": 1.7294062376022339
}