{
  "umap1": 0.8029597936550497,
  "umap2": 0.22989568214240197
}