{
  "umap1": 0.8362672884683638,
  "umap2": 0.46242872828020765
}