{
  "No direct optim ancestor": "None",
  "umap1": 0.9779618595083897,
  "umap2": 0.822836920087886
}