{
  "No direct optim ancestor": "None",
  "umap1": 0.12495366795840546,
  "umap2": 0.09765117526094513
}