{
  "umap1": 0.3684711064994336,
  "umap2": 0.5173618421815762
}