{
  "umap1": 3.429941177368164,
  "umap2": 9.926445007324219
}