{
  "umap1": 0.643925572221282,
  "umap2": 0.669297632591811
}