{
  "No direct optim ancestor": "None",
  "umap1": 0.07898443946735456,
  "umap2": 0.8203157500888202
}