{
  "umap1": 0.36607850034839584,
  "umap2": 0.49475856807842267
}