{
  "No direct optim ancestor": "None",
  "umap1": 0.8826583129446313,
  "umap2": 0.5892390155728049
}