{
  "umap1": 13.757501602172852,
  "umap2": 1.9414706230163574
}