{
  "umap1": 7.292116165161133,
  "umap2": 5.902287006378174
}