{
  "umap1": 0.8040164730514071,
  "umap2": 0.5187641276717879,
  "Direct optim goal": "a photo of a flower"
}