{
  "Direct optim goal": "a photo of a flower",
  "umap1": 0.7065373088399993,
  "umap2": 0.012283143896915871
}