{
  "umap1": 0.09295563410667096,
  "umap2": 0.40706622954801996
}