{
  "umap1": 8.964218139648438,
  "umap2": 5.907999515533447
}