{
  "umap1": 12.285475730895996,
  "umap2": 2.558844804763794
}