{
  "umap1": 13.863227844238281,
  "umap2": 3.3066604137420654
}