{
  "umap1": 14.077024459838867,
  "umap2": 5.309428691864014
}