{
  "No direct optim ancestor": "None",
  "umap1": 0.24765449390689942,
  "umap2": 0.846852370542056
}