{
  "umap1": 0.9286063747283441,
  "umap2": 0.9116869306789471
}