{
  "umap1": 13.647867202758789,
  "umap2": 7.22481107711792
}