{
  "umap1": 3.0240955352783203,
  "umap2": 10.578243255615234
}