{
  "umap1": 9.679720878601074,
  "umap2": 4.694648742675781
}