{
  "umap1": 0.49276771956776244,
  "umap2": 0.908728050917065
}