{
  "umap1": 0.40938751180318134,
  "umap2": 0.43898021686635846
}