{
  "No direct optim ancestor": "None",
  "umap1": 0.5649996657945211,
  "umap2": 0.01147557797609855
}