{
  "umap1": 0.717086363438948,
  "umap2": 0.38064563195774304
}