{
  "umap1": 9.76186466217041,
  "umap2": 4.655150413513184
}