{
  "umap1": 0.16311775041283816,
  "umap2": 0.8979841770506048
}