{
  "umap1": 7.947534561157227,
  "umap2": 8.961146354675293
}