{
  "umap1": 0.15660307331309187,
  "umap2": 0.9135201798316676
}