{
  "No direct optim ancestor": "None",
  "umap1": 0.3931749296678645,
  "umap2": 0.6570452404619751
}