{
  "umap1": 14.178982734680176,
  "umap2": 2.89343523979187
}