{
  "No direct optim ancestor": "None",
  "umap1": 0.4802557654299464,
  "umap2": 0.8195963253535168
}