{
  "umap1": 0.08446281508341302,
  "umap2": 0.19370010509270807
}