{
  "umap1": 1.1138312816619873,
  "umap2": 9.798709869384766
}