{
  "umap1": 0.9104309915011634,
  "umap2": 0.12096180580570437
}