{
  "umap1": 3.4164373874664307,
  "umap2": 9.893000602722168
}