{
  "umap1": 10.919022560119629,
  "umap2": 2.7845075130462646
}