{
  "No direct optim ancestor": "None",
  "umap1": 0.3180178283460642,
  "umap2": 0.7334449513178314
}