{
  "umap1": 0.5696032045921471,
  "umap2": 0.7469941670305852
}