{
  "umap1": 0.522769451321906,
  "umap2": 0.03376196870199433
}