{
  "umap1": 13.105252265930176,
  "umap2": 3.3214128017425537
}