{
  "No direct optim ancestor": "None",
  "umap1": 0.47700200998146725,
  "umap2": 0.6254360262831259
}