{
  "umap1": 12.692559242248535,
  "umap2": 7.05027961730957
}