{
  "umap1": 0.1418441844765289,
  "umap2": 0.060800517908635276
}