{
  "umap1": 4.996577262878418,
  "umap2": 10.768294334411621
}