{
  "umap1": 0.6164600481842379,
  "umap2": 0.8901647548183493
}