{
  "No direct optim ancestor": "None",
  "umap1": 0.9372261935973721,
  "umap2": 0.49209477383665834
}