{
  "umap1": 12.015412330627441,
  "umap2": 3.1331629753112793
}