{
  "umap1": 0.369367680817301,
  "umap2": 0.9687287564795907
}