{
  "No direct optim ancestor": "None",
  "umap1": 0.8157362705074159,
  "umap2": 0.7619743136744923
}