{
  "umap1": 8.625824928283691,
  "umap2": 5.4125165939331055
}