{
  "umap1": 0.2365726065507493,
  "umap2": 0.2275270342403103
}