{
  "umap1": 0.730828443945085,
  "umap2": 0.8245364916428664
}