{
  "No direct optim ancestor": "None",
  "umap1": 0.7642726838599594,
  "umap2": 0.8604066165176258
}