{
  "umap1": 0.9437607523496011,
  "umap2": 0.993417960461499
}