{
  "umap1": 3.589958906173706,
  "umap2": 10.17801570892334
}