{
  "umap1": 1.4525700807571411,
  "umap2": 10.004417419433594
}