{
  "umap1": 1.0540506839752197,
  "umap2": 9.711955070495605
}