{
  "umap1": 0.6403915217941127,
  "umap2": 0.6284296117104988
}