{
  "No direct optim ancestor": "None",
  "umap1": 0.7288861434076803,
  "umap2": 0.4736280765086459
}