{
  "umap1": 0.20793909450765036,
  "umap2": 0.0245575652396105
}