{
  "umap1": 13.28283977508545,
  "umap2": 4.9417219161987305
}