{
  "No direct optim ancestor": "None",
  "umap1": 0.41204775891417955,
  "umap2": 0.02783243311054362
}