{
  "umap1": 0.22623282638655218,
  "umap2": 0.4075494381323933
}