{
  "umap1": 0.07768486523990537,
  "umap2": 0.44573373514022585
}