{
  "umap1": 8.900821685791016,
  "umap2": 5.842658996582031
}