{
  "umap1": 0.04478215088762838,
  "umap2": 0.3907240516374636
}