{
  "No direct optim ancestor": "None",
  "umap1": 0.10344049530856914,
  "umap2": 0.06960023119952308
}