{
  "umap1": 9.818150520324707,
  "umap2": 3.829420328140259
}