{
  "No direct optim ancestor": "None",
  "umap1": 0.7998588331883,
  "umap2": 0.8128357742203924
}