{
  "umap1": 0.47416021389394436,
  "umap2": 0.1654639083639191
}