{
  "No direct optim ancestor": "None",
  "umap1": 0.8213078414685305,
  "umap2": 0.2734057636150419
}