{
  "umap1": 11.16843318939209,
  "umap2": 1.6735477447509766
}