{
  "umap1": 0.5780657157139173,
  "umap2": 0.8988318289995361
}