{
  "No direct optim ancestor": "None",
  "umap1": 0.6700730943908978,
  "umap2": 0.2750026671161664
}