{
  "umap1": 0.10800310329155172,
  "umap2": 0.24543137125119074
}