{
  "umap1": 12.90920352935791,
  "umap2": 2.245774507522583
}