{
  "umap1": 0.10511937647640113,
  "umap2": 0.8759063431694577
}