{
  "No direct optim ancestor": "None",
  "umap1": 0.13485184006966056,
  "umap2": 0.5589062886036545
}