{
  "umap1": 8.921416282653809,
  "umap2": 5.866229057312012
}