{
  "umap1": 14.07304859161377,
  "umap2": 2.3476359844207764
}