{
  "umap1": 0.6861168673491481,
  "umap2": 0.9074167727950192
}