{
  "No direct optim ancestor": "None",
  "umap1": 0.4506546455400968,
  "umap2": 0.21617895829046951
}