{
  "umap1": 8.8783597946167,
  "umap2": 3.2549140453338623
}