{
  "umap1": 13.636785507202148,
  "umap2": 6.593322277069092
}