{
  "umap1": 11.537873268127441,
  "umap2": 6.463519096374512
}