{
  "umap1": 0.4738532765829586,
  "umap2": 0.46590150098016314
}