{
  "umap1": 9.615551948547363,
  "umap2": 2.9283478260040283
}