{
  "No direct optim ancestor": "None",
  "umap1": 0.12194312025119325,
  "umap2": 0.07248610643268472
}