{
  "umap1": 3.8594963550567627,
  "umap2": 9.849918365478516
}