{
  "umap1": 0.9526646919528711,
  "umap2": 0.14318020265203057
}