{
  "umap1": 0.11709963610189633,
  "umap2": 0.46988940361804155
}