{
  "umap1": 4.98598051071167,
  "umap2": 10.743708610534668
}