{
  "umap1": 10.301185607910156,
  "umap2": 3.478506088256836
}