{
  "umap1": 11.312174797058105,
  "umap2": 1.6968201398849487
}