{
  "umap1": 0.4214023495674546,
  "umap2": 0.3504262909222293
}