{
  "No direct optim ancestor": "None",
  "umap1": 0.7557825155881608,
  "umap2": 0.6828512447721943
}