{
  "No direct optim ancestor": "None",
  "umap1": 0.031212010750798935,
  "umap2": 0.1942592514254834
}