{
  "umap1": 0.5407146048624193,
  "umap2": 0.24128038206552016
}