{
  "umap1": 11.2498140335083,
  "umap2": 2.207595109939575
}