{
  "No direct optim ancestor": "None",
  "umap1": 0.3888525658538028,
  "umap2": 0.3501040221066192
}