{
  "umap1": 0.38342664908534174,
  "umap2": 0.5365888186156834
}