{
  "No direct optim ancestor": "None",
  "umap1": 0.9575926496297223,
  "umap2": 0.3680124299710945
}