{
  "umap1": 8.743334770202637,
  "umap2": 5.348298072814941
}