{
  "umap1": 0.08292690755194831,
  "umap2": 0.7831880117891364
}