{
  "umap1": 0.6217416077475273,
  "umap2": 0.8478545549143104
}