{
  "No direct optim ancestor": "None",
  "umap1": 0.8242294633037286,
  "umap2": 0.15300031487244792
}