{
  "umap1": 0.9966603169586141,
  "umap2": 0.9789836309305409
}