{
  "umap1": 11.01717472076416,
  "umap2": 2.6681721210479736
}