{
  "No direct optim ancestor": "None",
  "umap1": 0.956079277991129,
  "umap2": 0.6805091461456753
}