{
  "umap1": 0.9916635388727283,
  "umap2": 0.2608726923974194
}