{
  "No direct optim ancestor": "None",
  "umap1": 0.07892755399780682,
  "umap2": 0.8902968051011582
}