{
  "umap1": 10.385127067565918,
  "umap2": 2.488218069076538
}