{
  "umap1": 12.927635192871094,
  "umap2": 6.304222583770752
}