{
  "umap1": 9.323477745056152,
  "umap2": 6.367825031280518
}