{
  "umap1": 0.1147021896810525,
  "umap2": 0.7214849669033434
}