{
  "No direct optim ancestor": "None",
  "umap1": 0.40727732179302356,
  "umap2": 0.07015578298551406
}