{
  "umap1": 0.7006292180309022,
  "umap2": 0.8577355161566752
}