{
  "No direct optim ancestor": "None",
  "umap1": 0.6663685389353453,
  "umap2": 0.28201185084194647
}