{
  "umap1": 12.999720573425293,
  "umap2": 4.973203182220459
}