{
  "umap1": 0.24662592452931975,
  "umap2": 0.6630218511142172
}