{
  "umap1": 0.3302353088692208,
  "umap2": 0.10249734896997853
}