{
  "No direct optim ancestor": "None",
  "umap1": 0.0037927729034932245,
  "umap2": 0.594826645515351
}