{
  "umap1": 13.003929138183594,
  "umap2": 4.370108604431152
}