{
  "No direct optim ancestor": "None",
  "umap1": 0.5443835737707912,
  "umap2": 0.2207850904434625
}