{
  "umap1": 0.6842770772002241,
  "umap2": 0.6610306294714584
}