{
  "umap1": 0.48491735863111785,
  "umap2": 0.7546726087192089
}