{
  "No direct optim ancestor": "None",
  "umap1": 0.280835724335605,
  "umap2": 0.026137931982438523
}