{
  "umap1": 8.276144981384277,
  "umap2": 6.80830717086792
}