{
  "umap1": 0.8180752975659863,
  "umap2": 0.3066447648806392
}