{
  "umap1": 8.879716873168945,
  "umap2": 5.799308776855469
}