{
  "No direct optim ancestor": "None",
  "umap1": 0.8393082018387056,
  "umap2": 0.2415091852078023
}