{
  "umap1": 13.784464836120605,
  "umap2": 4.786668300628662
}