{
  "umap1": 13.491528511047363,
  "umap2": 5.2846574783325195
}