{
  "umap1": 0.9462786522634087,
  "umap2": 0.6430051615583536
}