{
  "No direct optim ancestor": "None",
  "umap1": 0.1148574821134054,
  "umap2": 0.23638300155294645
}