{
  "No direct optim ancestor": "None",
  "umap1": 0.21735188560994145,
  "umap2": 0.4678460458085417
}