{
  "umap1": 0.0255465126399812,
  "umap2": 0.31052850663774145
}