{
  "umap1": 0.48332278889001834,
  "umap2": 0.7936383721503389
}