{
  "No direct optim ancestor": "None",
  "umap1": 0.061967540649587316,
  "umap2": 0.3384082280470174
}