{
  "umap1": 9.631908416748047,
  "umap2": 6.368772506713867
}