{
  "umap1": 0.23805516696336548,
  "umap2": 0.7677861623095025
}