{
  "No direct optim ancestor": "None",
  "umap1": 0.33808584093385263,
  "umap2": 0.8132802659299605
}