{
  "umap1": 0.3969587039874274,
  "umap2": 0.8622879784503625
}