{
  "umap1": 3.1583054065704346,
  "umap2": 10.56885814666748
}