{
  "umap1": 11.553154945373535,
  "umap2": 3.6792290210723877
}