{
  "umap1": 10.376799583435059,
  "umap2": 3.2164716720581055
}