{
  "No direct optim ancestor": "None",
  "umap1": 0.7786326347610888,
  "umap2": 0.6504194912641225
}