{
  "umap1": 0.0656431678672581,
  "umap2": 0.24698381986378204
}