{
  "umap1": 0.6840568337642888,
  "umap2": 0.9217599112082097
}