{
  "No direct optim ancestor": "None",
  "umap1": 0.35167657005626973,
  "umap2": 0.384243764945695
}