{
  "umap1": 11.912979125976562,
  "umap2": 1.9801887273788452
}