{
  "No direct optim ancestor": "None",
  "umap1": 0.626546722523248,
  "umap2": 0.47923550003773807
}