{
  "umap1": 0.5996528409384092,
  "umap2": 0.1643352985165576
}