{
  "umap1": 12.584783554077148,
  "umap2": 1.727128505706787
}