{
  "umap1": 11.675178527832031,
  "umap2": 3.451287031173706
}