{
  "umap1": 0.020215648621151217,
  "umap2": 0.1503342027556519
}