{
  "umap1": 11.252906799316406,
  "umap2": 3.179630994796753
}