{
  "umap1": 12.783044815063477,
  "umap2": 1.7898995876312256
}