{
  "No direct optim ancestor": "None",
  "umap1": 0.3043858459635611,
  "umap2": 0.0664844337088869
}