{
  "umap1": 0.9483028783870195,
  "umap2": 0.4554196695000551
}