{
  "umap1": 0.6598787986969746,
  "umap2": 0.013449068957244403
}