{
  "No direct optim ancestor": "None",
  "umap1": 0.16454766882463134,
  "umap2": 0.46087558011566554
}