{
  "No direct optim ancestor": "None",
  "umap1": 0.7893541134971932,
  "umap2": 0.7591022386557118
}