{
  "umap1": 0.04606011733018789,
  "umap2": 0.10977701781718074
}