{
  "No direct optim ancestor": "None",
  "umap1": 0.5025153773532354,
  "umap2": 0.2937489695651947
}