{
  "umap1": 0.907416034259561,
  "umap2": 0.2845796661567621
}