{
  "umap1": 9.981017112731934,
  "umap2": 1.4557558298110962
}