{
  "No direct optim ancestor": "None",
  "umap1": 0.7291951637379214,
  "umap2": 0.9786299609573978
}