{
  "umap1": 0.8696381232197394,
  "umap2": 0.10599405294395325
}