{
  "umap1": 12.076239585876465,
  "umap2": 3.0238161087036133
}