{
  "No direct optim ancestor": "None",
  "umap1": 0.3474182627262463,
  "umap2": 0.7935360383670261
}