{
  "umap1": 0.9988367476227901,
  "umap2": 0.09148227603495196
}