{
  "umap1": 11.19385051727295,
  "umap2": 4.075510025024414
}