{
  "umap1": 0.6667355921009134,
  "umap2": 0.1321940820949824
}