{
  "umap1": 12.794076919555664,
  "umap2": 4.9012064933776855
}