{
  "No direct optim ancestor": "None",
  "umap1": 0.9576922481811867,
  "umap2": 0.0839005544845236
}