{
  "umap1": 0.3049603284307575,
  "umap2": 0.7397410500795336
}