{
  "No direct optim ancestor": "None",
  "umap1": 0.07804534813223796,
  "umap2": 0.4601724376346127
}