{
  "umap1": 14.155433654785156,
  "umap2": 4.926259994506836
}