{
  "No direct optim ancestor": "None",
  "umap1": 0.03615026706921842,
  "umap2": 0.08532683954009979
}