{
  "umap1": 0.9205471825337079,
  "umap2": 0.7474447884013178
}