{
  "umap1": 9.634061813354492,
  "umap2": 6.054332256317139
}