{
  "umap1": 9.311135292053223,
  "umap2": 4.538068771362305
}