{
  "No direct optim ancestor": "None",
  "umap1": 0.6620981049308208,
  "umap2": 0.3941412839762073
}