{
  "umap1": 9.852951049804688,
  "umap2": 1.3092259168624878
}