{
  "umap1": 0.6658284156369338,
  "umap2": 0.32567289879508476
}