{
  "umap1": 8.342259407043457,
  "umap2": 7.250433444976807
}