{
  "umap1": 8.60865306854248,
  "umap2": 5.308023929595947
}