{
  "No direct optim ancestor": "None",
  "umap1": 0.4128317166999673,
  "umap2": 0.578090447429207
}