{
  "umap1": 10.439517974853516,
  "umap2": 2.2995924949645996
}