{
  "umap1": 0.05471024916910394,
  "umap2": 0.8061641756346895
}