{
  "umap1": 0.8101183042464999,
  "umap2": 0.17208663056571083
}