{
  "No direct optim ancestor": "None",
  "umap1": 0.4781551689723741,
  "umap2": 0.03774980074227707
}