{
  "umap1": 3.6067588329315186,
  "umap2": 10.012553215026855
}