{
  "No direct optim ancestor": "None",
  "umap1": 0.265924917630016,
  "umap2": 0.9354743853593506
}