{
  "umap1": 0.9374076613416562,
  "umap2": 0.0038615454170922714
}