{
  "umap1": 4.883621692657471,
  "umap2": 10.780920028686523
}