{
  "umap1": 0.9798443506657674,
  "umap2": 0.9033804372358066
}