{
  "umap1": 9.846940040588379,
  "umap2": 2.4778897762298584
}