{
  "umap1": 0.14915999185393114,
  "umap2": 0.5793834431339799
}