{
  "umap1": 7.3446760177612305,
  "umap2": 5.848163604736328
}