{
  "umap1": 7.306290149688721,
  "umap2": 5.877152442932129
}