{
  "umap1": 0.31720674107410407,
  "umap2": 0.24593927432995888
}