{
  "umap1": 2.7080843448638916,
  "umap2": 10.66344165802002
}