{
  "No direct optim ancestor": "None",
  "umap1": 0.43061618921011435,
  "umap2": 0.8640358446374516
}