{
  "umap1": 0.9916638278779407,
  "umap2": 0.8614863978224554
}