{
  "umap1": 13.687239646911621,
  "umap2": 3.784940242767334
}