{
  "umap1": 9.682409286499023,
  "umap2": 3.476125478744507
}