{
  "umap1": 0.13890990083567878,
  "umap2": 0.025963680314835758
}