{
  "umap1": 1.4927102327346802,
  "umap2": 9.983129501342773
}