{
  "umap1": 0.6874126255024494,
  "umap2": 0.8232286304654467
}