{
  "umap1": 7.957426071166992,
  "umap2": 5.725333213806152
}