{
  "umap1": 10.326698303222656,
  "umap2": 5.653194427490234
}