{
  "umap1": 0.3450546888877847,
  "umap2": 0.5670740400007891
}