{
  "No direct optim ancestor": "None",
  "umap1": 0.5069007472428539,
  "umap2": 0.48759899445023314
}