{
  "No direct optim ancestor": "None",
  "umap1": 0.7241970242662785,
  "umap2": 0.5586759447600667
}