{
  "umap1": 0.48933007643773363,
  "umap2": 0.6374412168300153
}