{
  "umap1": 12.889169692993164,
  "umap2": 2.0239956378936768
}