{
  "umap1": 0.05384617440106443,
  "umap2": 0.38229377654679086
}