{
  "umap1": 1.0243191719055176,
  "umap2": 9.72122573852539
}