{
  "umap1": 9.657880783081055,
  "umap2": 3.0862197875976562
}