{
  "No direct optim ancestor": "None",
  "umap1": 0.8835877253642619,
  "umap2": 0.6356494646586685
}