{
  "umap1": 0.2587770059545573,
  "umap2": 0.8978220673170494
}