{
  "umap1": 0.998283861997688,
  "umap2": 0.9883222893626044
}