{
  "No direct optim ancestor": "None",
  "umap1": 0.07354652760422375,
  "umap2": 0.8123930051692707
}