{
  "umap1": 13.994558334350586,
  "umap2": 6.328212738037109
}