{
  "umap1": 0.7977946556534076,
  "umap2": 0.7043030821103459
}