{
  "No direct optim ancestor": "None",
  "umap1": 0.35872260287886015,
  "umap2": 0.05707172100519087
}