{
  "umap1": 3.4700186252593994,
  "umap2": 10.37773609161377
}