{
  "umap1": 3.44956374168396,
  "umap2": 10.459002494812012
}