{
  "No direct optim ancestor": "None",
  "umap1": 0.6246030538101635,
  "umap2": 0.8279480529986333
}