{
  "umap1": 0.7189309681158087,
  "umap2": 0.4321588366070991
}