{
  "umap1": 11.098184585571289,
  "umap2": 1.9588234424591064
}