{
  "No direct optim ancestor": "None",
  "umap1": 0.30191387688439775,
  "umap2": 0.40820260350732396
}