{
  "umap1": 0.1884313632535639,
  "umap2": 0.5246057717404298
}