{
  "umap1": 11.942530632019043,
  "umap2": 5.436772346496582
}