{
  "umap1": 12.685954093933105,
  "umap2": 6.110361576080322
}