{
  "umap1": 0.5540960110012001,
  "umap2": 0.47317324405624306
}