{
  "No direct optim ancestor": "None",
  "umap1": 0.37888875047065307,
  "umap2": 0.5435457015056675
}