{
  "No direct optim ancestor": "None",
  "umap1": 0.8345172808236594,
  "umap2": 0.10968475772593833
}