{
  "umap1": 0.10234602385111446,
  "umap2": 0.40031270717899814
}