{
  "umap1": 13.833635330200195,
  "umap2": 6.6833720207214355
}