{
  "umap1": 9.116021156311035,
  "umap2": 4.8606438636779785
}