{
  "No direct optim ancestor": "None",
  "umap1": 0.12028457557156635,
  "umap2": 0.6008747496056391
}