{
  "umap1": 0.6015161839131277,
  "umap2": 0.6629440637059545
}