{
  "umap1": 13.598491668701172,
  "umap2": 6.629784107208252
}