{
  "umap1": 0.5718709651148378,
  "umap2": 0.16396534978154476
}