{
  "No direct optim ancestor": "None",
  "umap1": 0.992596448536246,
  "umap2": 0.42069858608758337
}