{
  "umap1": 0.8907778994197151,
  "umap2": 0.4190152135501771
}