{
  "umap1": 13.86734390258789,
  "umap2": 6.880105018615723
}