{
  "No direct optim ancestor": "None",
  "umap1": 0.5566979670275845,
  "umap2": 0.7663634884759082
}