{
  "No direct optim ancestor": "None",
  "umap1": 0.9388917576645731,
  "umap2": 0.8955401889750818
}