{
  "umap1": 0.6958470980699435,
  "umap2": 0.26352867514115685
}