{
  "umap1": 9.576470375061035,
  "umap2": 3.175854206085205
}