{
  "No direct optim ancestor": "None",
  "umap1": 0.2398354448700074,
  "umap2": 0.10172028774950681
}