{
  "umap1": 0.4107359579442291,
  "umap2": 0.2586148488991893
}