{
  "No direct optim ancestor": "None",
  "umap1": 0.13999919559969787,
  "umap2": 0.266556197598694
}