{
  "umap1": 12.36721134185791,
  "umap2": 3.673076868057251
}