{
  "umap1": 0.32491477368125765,
  "umap2": 0.11976903274021555
}