{
  "umap1": 11.271743774414062,
  "umap2": 1.82039213180542
}