{
  "No direct optim ancestor": "None",
  "umap1": 0.24947501225199797,
  "umap2": 0.8773424255145802
}