{
  "umap1": 0.9562805379048018,
  "umap2": 0.1910496464587419
}