{
  "umap1": 3.3120226860046387,
  "umap2": 10.460673332214355
}