{
  "umap1": 0.46157519422143467,
  "umap2": 0.24314117893726417
}