{
  "No direct optim ancestor": "None",
  "umap1": 0.9521267150373223,
  "umap2": 0.7352637390836922
}