{
  "umap1": 13.90194320678711,
  "umap2": 5.746155738830566
}