{
  "umap1": 0.7347896541154662,
  "umap2": 0.1433137065137342
}