{
  "umap1": 0.7198886226496639,
  "umap2": 0.7690036127368022
}