{
  "No direct optim ancestor": "None",
  "umap1": 0.8207454851228065,
  "umap2": 0.6246736463491588
}