{
  "umap1": 13.394112586975098,
  "umap2": 3.9205822944641113
}