{
  "No direct optim ancestor": "None",
  "umap1": 0.3508683666694594,
  "umap2": 0.5326723538973233
}