{
  "umap1": 12.54922103881836,
  "umap2": 7.529088497161865
}