{
  "umap1": 0.41621920802077117,
  "umap2": 0.8037624642032324
}