{
  "umap1": 0.9203476445386992,
  "umap2": 0.9563817082499455
}