{
  "umap1": 0.775387068238445,
  "umap2": 0.4424834654839219
}