{
  "umap1": 11.297354698181152,
  "umap2": 1.4551441669464111
}