{
  "No direct optim ancestor": "None",
  "umap1": 0.2675413519407006,
  "umap2": 0.9731908389281267
}