{
  "No direct optim ancestor": "None",
  "umap1": 0.7592844828567673,
  "umap2": 0.15572112202134825
}