{
  "umap1": 0.5609014962342838,
  "umap2": 0.5686420732456139
}