{
  "umap1": 12.957036018371582,
  "umap2": 3.290030002593994
}