{
  "No direct optim ancestor": "None",
  "umap1": 0.9054440891893888,
  "umap2": 0.6519936866531394
}