{
  "umap1": 0.5929380533004489,
  "umap2": 0.9464555623690933
}