{
  "umap1": 10.50620174407959,
  "umap2": 4.351892948150635
}