{
  "No direct optim ancestor": "None",
  "umap1": 0.0998741290442352,
  "umap2": 0.05399475005354282
}