{
  "umap1": 0.18211421941949202,
  "umap2": 0.7114115931900278
}