{
  "umap1": 12.595287322998047,
  "umap2": 6.70294189453125
}