{
  "No direct optim ancestor": "None",
  "umap1": 0.9549709092636077,
  "umap2": 0.3539817817746953
}