{
  "umap1": 0.39654601759202757,
  "umap2": 0.9029912388029131
}