{
  "umap1": 9.14927864074707,
  "umap2": 5.901965618133545
}