{
  "umap1": 13.0919189453125,
  "umap2": 6.922262191772461
}