{
  "umap1": 1.0672138929367065,
  "umap2": 9.59054946899414
}