{
  "umap1": 10.15519905090332,
  "umap2": 2.843834400177002
}