{
  "umap1": 2.7784132957458496,
  "umap2": 10.581512451171875
}