{
  "umap1": 0.3236075297319465,
  "umap2": 0.8145385330595637
}