{
  "umap1": 0.8284717178900332,
  "umap2": 0.7423348770233268
}