{
  "umap1": 0.02233209514306178,
  "umap2": 0.9923168961967082
}