{
  "umap1": 9.481454849243164,
  "umap2": 5.841497898101807
}