{
  "umap1": 12.300034523010254,
  "umap2": 1.874508261680603
}