{
  "No direct optim ancestor": "None",
  "umap1": 0.5306413671023233,
  "umap2": 0.05569489535604455
}