{
  "umap1": 0.10833838634300652,
  "umap2": 0.3170352819517035
}