{
  "umap1": 10.152105331420898,
  "umap2": 2.3154296875
}