{
  "umap1": 12.636679649353027,
  "umap2": 1.762879490852356
}