{
  "No direct optim ancestor": "None",
  "umap1": 0.05257298419739409,
  "umap2": 0.5750982905497346
}