{
  "umap1": 0.22461431953578948,
  "umap2": 0.9918254067127169
}