{
  "umap1": 0.9014663508176365,
  "umap2": 0.17915529075158165
}