{
  "No direct optim ancestor": "None",
  "umap1": 0.31679178607202785,
  "umap2": 0.9141543522892311
}