{
  "umap1": 8.600427627563477,
  "umap2": 7.896181583404541
}