{
  "umap1": 0.014071975269628778,
  "umap2": 0.20567585340443628
}