{
  "umap1": 0.5995587029689528,
  "umap2": 0.27227493856528007
}