{
  "No direct optim ancestor": "None",
  "umap1": 0.2848519376557884,
  "umap2": 0.4748289178341125
}