{
  "No direct optim ancestor": "None",
  "umap1": 0.8480786289252881,
  "umap2": 0.3120033118979234
}