{
  "umap1": 0.2882895559777092,
  "umap2": 0.5983379495277201
}