{
  "umap1": 11.02358341217041,
  "umap2": 5.004267692565918
}