{
  "umap1": 0.2447633573752147,
  "umap2": 0.4665939413316197
}