{
  "umap1": 1.3881537914276123,
  "umap2": 10.020750045776367
}