{
  "umap1": 13.262514114379883,
  "umap2": 5.432876110076904
}