{
  "umap1": 10.807077407836914,
  "umap2": 1.9920789003372192
}