{
  "No direct optim ancestor": "None",
  "umap1": 0.5569281599594501,
  "umap2": 0.2799973032839055
}