{
  "umap1": 0.1971145903621575,
  "umap2": 0.03345775058705458
}