{
  "umap1": 14.011950492858887,
  "umap2": 5.889651298522949
}