{
  "umap1": 2.977701425552368,
  "umap2": 10.481258392333984
}