{
  "umap1": 0.6614370559438212,
  "umap2": 0.11075445708204568
}