{
  "umap1": 2.6573426723480225,
  "umap2": 10.683197021484375
}