{
  "No direct optim ancestor": "None",
  "umap1": 0.09377072348023985,
  "umap2": 0.06308813359469623
}