{
  "umap1": 0.5811419802291032,
  "umap2": 0.9594952550593412
}