{
  "umap1": 13.905434608459473,
  "umap2": 2.544292688369751
}