{
  "Ancestor's direct optim goal": "a photo of a green snowflake with red fractal branches",
  "umap1": 0.44088858891153715,
  "umap2": 0.1892304359763678
}