{
  "umap1": 0.8305009119147386,
  "umap2": 0.8276368510950215
}