{
  "umap1": 2.8976645469665527,
  "umap2": 10.567293167114258
}