{
  "umap1": 0.8620060925673037,
  "umap2": 0.23135919127007698
}