{
  "umap1": 0.09165293383751882,
  "umap2": 0.10427718377512507
}