{
  "No direct optim ancestor": "None",
  "umap1": 0.2875107853517991,
  "umap2": 0.18120025434645015
}