{
  "umap1": 3.2757036685943604,
  "umap2": 10.38471508026123
}