{
  "umap1": 1.3409966230392456,
  "umap2": 9.859436988830566
}