{
  "umap1": 2.973256826400757,
  "umap2": 10.473831176757812
}