{
  "umap1": 13.580291748046875,
  "umap2": 3.2076823711395264
}