{
  "umap1": 0.6933050750162849,
  "umap2": 0.29271519685030434
}