{
  "No direct optim ancestor": "None",
  "umap1": 0.3954827536593556,
  "umap2": 0.15555412767563404
}