{
  "umap1": 0.22274344755738762,
  "umap2": 0.6216665864876475
}