{
  "umap1": 13.910055160522461,
  "umap2": 2.166558027267456
}