{
  "umap1": 0.06458869499187159,
  "umap2": 0.5074512228630657
}