{
  "No direct optim ancestor": "None",
  "umap1": 0.5521016911290693,
  "umap2": 0.5248448137795432
}