{
  "No direct optim ancestor": "None",
  "umap1": 0.0956376505042148,
  "umap2": 0.4296265202130819
}