{
  "umap1": 0.956690432727807,
  "umap2": 0.6170022076106605
}