{
  "umap1": 0.13529988336596976,
  "umap2": 0.499292710200545
}