{
  "umap1": 3.1381752490997314,
  "umap2": 10.501510620117188
}