{
  "No direct optim ancestor": "None",
  "umap1": 0.7949771850117182,
  "umap2": 0.373263725700265
}