{
  "umap1": 0.24016475126812853,
  "umap2": 0.9700290869090665
}