{
  "umap1": 0.7130989634227078,
  "umap2": 0.33798974725268727
}