{
  "umap1": 11.644676208496094,
  "umap2": 2.6175782680511475
}