{
  "No direct optim ancestor": "None",
  "umap1": 0.9328210040367455,
  "umap2": 0.34276166759652416
}