{
  "umap1": 0.10589913940601303,
  "umap2": 0.7319436749174723
}