{
  "umap1": 10.841758728027344,
  "umap2": 1.4754703044891357
}