{
  "No direct optim ancestor": "None",
  "umap1": 0.13727038608492204,
  "umap2": 0.18436301312104997
}