{
  "umap1": 0.4126263217744919,
  "umap2": 0.7399173705850312
}