{
  "umap1": 1.0218291282653809,
  "umap2": 9.64328384399414
}