{
  "umap1": 0.49977822960401586,
  "umap2": 0.5502335602533089
}