{
  "No direct optim ancestor": "None",
  "umap1": 0.023739364027352328,
  "umap2": 0.7523733029046156
}