{
  "umap1": 14.502937316894531,
  "umap2": 4.130727767944336
}