{
  "umap1": 10.941971778869629,
  "umap2": 2.251680850982666
}