{
  "No direct optim ancestor": "None",
  "umap1": 0.935555430651369,
  "umap2": 0.8208822650110553
}