{
  "umap1": 0.10779917349324175,
  "umap2": 0.6517948233854572
}