{
  "umap1": 9.583141326904297,
  "umap2": 5.8728227615356445
}