{
  "umap1": 12.680208206176758,
  "umap2": 7.281717777252197
}