{
  "umap1": 0.8091895890025212,
  "umap2": 0.15033504602400338
}