{
  "umap1": 11.744538307189941,
  "umap2": 2.057976245880127
}