{
  "No direct optim ancestor": "None",
  "umap1": 0.6924838562793423,
  "umap2": 0.18940874351508674
}