{
  "umap1": 13.700787544250488,
  "umap2": 4.309076309204102
}