{
  "umap1": 3.4606266021728516,
  "umap2": 9.886942863464355
}