{
  "umap1": 0.2837255023692761,
  "umap2": 0.5493471921411672
}