{
  "No direct optim ancestor": "None",
  "umap1": 0.26328019571477257,
  "umap2": 0.7847039236397075
}