{
  "umap1": 9.968240737915039,
  "umap2": 4.370151042938232
}