{
  "umap1": 0.18726814433537597,
  "umap2": 0.17439218895822206
}