{
  "umap1": 3.5426385402679443,
  "umap2": 10.105112075805664
}