{
  "umap1": 0.7760721722617177,
  "umap2": 0.19651556752981203
}