{
  "No direct optim ancestor": "None",
  "umap1": 0.14079851386637077,
  "umap2": 0.3103916541374757
}