{
  "No direct optim ancestor": "None",
  "umap1": 0.8407384292631532,
  "umap2": 0.4291941455089977
}