{
  "umap1": 0.4710001810433402,
  "umap2": 0.08783946075121929
}