{
  "umap1": 0.8927137718654584,
  "umap2": 0.011666192148935828
}