{
  "No direct optim ancestor": "None",
  "umap1": 0.9938192971553825,
  "umap2": 0.9067735997318747
}