{
  "umap1": 0.6893145990926938,
  "umap2": 0.24426859947864998
}