{
  "umap1": 1.1163760423660278,
  "umap2": 9.809978485107422
}