{
  "umap1": 13.015305519104004,
  "umap2": 5.7007527351379395
}