{
  "No direct optim ancestor": "None",
  "umap1": 0.03755932058092115,
  "umap2": 0.8348808308719827
}