{
  "umap1": 0.5484646374524752,
  "umap2": 0.10575806634572149
}