{
  "umap1": 13.106603622436523,
  "umap2": 3.6532742977142334
}