{
  "umap1": 0.7681548745420881,
  "umap2": 0.31182826120483953
}