{
  "No direct optim ancestor": "None",
  "umap1": 0.32090696816402586,
  "umap2": 0.12881350293462868
}