{
  "umap1": 13.027725219726562,
  "umap2": 6.272830486297607
}