{
  "No direct optim ancestor": "None",
  "umap1": 0.757671602130702,
  "umap2": 0.31290167211217945
}