{
  "umap1": 0.25058279706748954,
  "umap2": 0.0894876662160381
}