{
  "No direct optim ancestor": "None",
  "umap1": 0.619388137518303,
  "umap2": 0.07535230673165005
}