{
  "umap1": 0.35552312370065264,
  "umap2": 0.43591431980864637
}