{
  "umap1": 10.817617416381836,
  "umap2": 3.9320154190063477
}