{
  "umap1": 0.741925045307014,
  "umap2": 0.34587454058555656
}