{
  "No direct optim ancestor": "None",
  "umap1": 0.26771426944995147,
  "umap2": 0.2916454272702439
}