{
  "No direct optim ancestor": "None",
  "umap1": 0.084378997743077,
  "umap2": 0.6514882017210477
}