{
  "umap1": 11.165322303771973,
  "umap2": 1.5562242269515991
}