{
  "umap1": 0.6724814199047162,
  "umap2": 0.00983297015148632
}