{
  "umap1": 8.60673713684082,
  "umap2": 3.7020914554595947
}