{
  "umap1": 0.07708164582076305,
  "umap2": 0.9327395984144149
}