{
  "No direct optim ancestor": "None",
  "umap1": 0.0483431770271624,
  "umap2": 0.48765194219846
}