{
  "umap1": 2.858370304107666,
  "umap2": 10.608373641967773
}