{
  "umap1": 0.8232734974782864,
  "umap2": 0.6458856843364611,
  "Direct optim goal": "a photo of a starfish with five red arms and green spots"
}