{
  "umap1": 12.51853084564209,
  "umap2": 4.095655918121338
}