{
  "umap1": 0.2006268934485561,
  "umap2": 0.8800175010763389
}