{
  "No direct optim ancestor": "None",
  "umap1": 0.4483916564831256,
  "umap2": 0.22421981832854554
}