{
  "No direct optim ancestor": "None",
  "umap1": 0.7383538745144571,
  "umap2": 0.585205732897718
}