{
  "umap1": 0.2191013386605951,
  "umap2": 0.7503339596774851
}