{
  "umap1": 13.121658325195312,
  "umap2": 6.3545145988464355
}