{
  "umap1": 10.601168632507324,
  "umap2": 2.0564157962799072
}