{
  "umap1": 12.401183128356934,
  "umap2": 2.263702154159546
}