{
  "No direct optim ancestor": "None",
  "umap1": 0.8808189373881874,
  "umap2": 0.7103748716148943
}