{
  "umap1": 0.857978889212082,
  "umap2": 0.7621519974615009
}