{
  "umap1": 0.792074676694599,
  "umap2": 0.07125951290168253
}