{
  "umap1": 13.88045883178711,
  "umap2": 1.784940242767334
}