{
  "No direct optim ancestor": "None",
  "umap1": 0.37163482467762077,
  "umap2": 0.9934588542259172
}