{
  "umap1": 0.6709639879219667,
  "umap2": 0.3323698771181822
}