{
  "umap1": 0.6395052867815544,
  "umap2": 0.8104517087046846
}