{
  "No direct optim ancestor": "None",
  "umap1": 0.4734618910800583,
  "umap2": 0.4197650528126342
}