{
  "umap1": 9.034354209899902,
  "umap2": 6.228232383728027
}