{
  "No direct optim ancestor": "None",
  "umap1": 0.5768790659049503,
  "umap2": 0.587960486191651
}