{
  "umap1": 0.42322528137740734,
  "umap2": 0.3317479966265714
}