{
  "No direct optim ancestor": "None",
  "umap1": 0.24921468540349123,
  "umap2": 0.3748206120002525
}