{
  "umap1": 0.39538310106111496,
  "umap2": 0.6516759967418767
}