{
  "umap1": 11.956871032714844,
  "umap2": 2.772244930267334
}