{
  "umap1": 13.746451377868652,
  "umap2": 4.619050979614258
}