{
  "umap1": 3.3977506160736084,
  "umap2": 9.899208068847656
}