{
  "umap1": 0.6284680545432976,
  "umap2": 0.20957589598867887
}