{
  "umap1": 10.99877643585205,
  "umap2": 2.197726011276245
}