{
  "No direct optim ancestor": "None",
  "umap1": 0.8629293306514962,
  "umap2": 0.28784985471316393
}