{
  "umap1": 0.713475828819064,
  "umap2": 0.24208411136664665
}