{
  "No direct optim ancestor": "None",
  "umap1": 0.30773658099276024,
  "umap2": 0.5984863643983288
}