{
  "umap1": 0.6908199174731002,
  "umap2": 0.9633459318595811
}