{
  "umap1": 12.05376148223877,
  "umap2": 4.035856246948242
}