{
  "No direct optim ancestor": "None",
  "umap1": 0.4454750703649609,
  "umap2": 0.2651656083992433
}