{
  "umap1": 0.07043017249754369,
  "umap2": 0.9405160005870438
}