{
  "umap1": 2.970651865005493,
  "umap2": 10.642956733703613
}