{
  "umap1": 14.425621032714844,
  "umap2": 6.088019847869873
}