{
  "umap1": 0.3610251504322113,
  "umap2": 0.10367650376954474
}