{
  "No direct optim ancestor": "None",
  "umap1": 0.4353797337206494,
  "umap2": 0.18543883826744934
}