{
  "umap1": 11.50059700012207,
  "umap2": 2.9426605701446533
}