{
  "umap1": 0.9731255439441248,
  "umap2": 0.5442491633455302
}