{
  "umap1": 0.8116731981017878,
  "umap2": 0.8398478396225799
}