{
  "umap1": 8.167186737060547,
  "umap2": 8.908689498901367
}