{
  "umap1": 13.912501335144043,
  "umap2": 3.8726704120635986
}