{
  "umap1": 8.827347755432129,
  "umap2": 2.825918674468994
}