{
  "umap1": 0.19327658213414545,
  "umap2": 0.3204335969941562
}