{
  "No direct optim ancestor": "None",
  "umap1": 0.6932465793045796,
  "umap2": 0.188698950578277
}