{
  "umap1": 12.898141860961914,
  "umap2": 3.189145565032959
}