{
  "umap1": 11.327319145202637,
  "umap2": 3.2490501403808594
}