{
  "No direct optim ancestor": "None",
  "umap1": 0.7099711226485713,
  "umap2": 0.8916942936494328
}