{
  "umap1": 0.8273326601841353,
  "umap2": 0.22840362689168026
}