{
  "No direct optim ancestor": "None",
  "umap1": 0.7769277885172753,
  "umap2": 0.259739070084109
}