{
  "umap1": 0.3833957291803112,
  "umap2": 0.10585009537768097
}