{
  "umap1": 0.43819141981990606,
  "umap2": 0.9962712279555757
}