{
  "umap1": 8.209091186523438,
  "umap2": 8.756436347961426
}