{
  "umap1": 0.8817298479766378,
  "umap2": 0.47530261677864005
}