{
  "umap1": 4.867832660675049,
  "umap2": 10.806768417358398
}