{
  "umap1": 1.226927399635315,
  "umap2": 9.934720993041992
}