{
  "No direct optim ancestor": "None",
  "umap1": 0.9856029254213502,
  "umap2": 0.8723030077583267
}