{
  "umap1": 0.03037432946284202,
  "umap2": 0.792893139486056
}