{
  "umap1": 13.000190734863281,
  "umap2": 7.476682662963867
}