{
  "No direct optim ancestor": "None",
  "umap1": 0.42760716692467626,
  "umap2": 0.570712666548407
}