{
  "umap1": 0.21767360506574784,
  "umap2": 0.4724342982303972
}