{
  "No direct optim ancestor": "None",
  "umap1": 0.5710890928092155,
  "umap2": 0.591066242482869
}