{
  "umap1": 11.742775917053223,
  "umap2": 3.1317062377929688
}