{
  "umap1": 0.926988681141086,
  "umap2": 0.028783408078770223
}