{
  "umap1": 3.6121554374694824,
  "umap2": 10.095799446105957
}