{
  "umap1": 0.2642965007567848,
  "umap2": 0.08023638376465358
}