{
  "umap1": 10.147369384765625,
  "umap2": 2.640195608139038
}