{
  "umap1": 10.70537281036377,
  "umap2": 2.44494891166687
}