{
  "umap1": 0.12697102749110067,
  "umap2": 0.12247042703971878
}