{
  "umap1": 0.021663778368163245,
  "umap2": 0.045763068380562766
}