{
  "No direct optim ancestor": "None",
  "umap1": 0.9223016367766551,
  "umap2": 0.8197560083630425
}