{
  "No direct optim ancestor": "None",
  "umap1": 0.1947780446065982,
  "umap2": 0.28350663433695844
}