{
  "umap1": 0.1855033309013051,
  "umap2": 0.38660101771688327
}