{
  "umap1": 8.648259162902832,
  "umap2": 5.363953113555908
}