{
  "No direct optim ancestor": "None",
  "umap1": 0.6503559198352616,
  "umap2": 0.045178217078649885
}