{
  "umap1": 14.342299461364746,
  "umap2": 5.371973514556885
}