{
  "umap1": 0.02801707219890126,
  "umap2": 0.7556912300611731
}