{
  "No direct optim ancestor": "None",
  "umap1": 0.13409597406764995,
  "umap2": 0.5601139298051112
}