{
  "umap1": 0.4449172666365864,
  "umap2": 0.37790200924258843
}