{
  "umap1": 10.898873329162598,
  "umap2": 2.9811904430389404
}