{
  "umap1": 9.197526931762695,
  "umap2": 5.681197643280029
}