{
  "No direct optim ancestor": "None",
  "umap1": 0.39350597059358916,
  "umap2": 0.3609749143584693
}