{
  "umap1": 0.38297285751725707,
  "umap2": 0.7517232963077634
}