{
  "umap1": 2.7442197799682617,
  "umap2": 10.658313751220703
}