{
  "umap1": 0.05312841099938814,
  "umap2": 0.7070872819730486
}