{
  "umap1": 0.6777128669088414,
  "umap2": 0.32379483419113
}