{
  "umap1": 8.235245704650879,
  "umap2": 8.959357261657715
}