{
  "umap1": 0.7602445051259993,
  "umap2": 0.7822414155931767
}