{
  "No direct optim ancestor": "None",
  "umap1": 0.2373787376393528,
  "umap2": 0.24430114538225522
}