{
  "umap1": 0.4837726932732743,
  "umap2": 0.37197119314002214
}