{
  "umap1": 2.6893539428710938,
  "umap2": 10.675128936767578
}