{
  "umap1": 0.5981592948802429,
  "umap2": 0.8198893639347397
}