{
  "No direct optim ancestor": "None",
  "umap1": 0.7642345894723157,
  "umap2": 0.11881619394261289
}