{
  "umap1": 13.095952987670898,
  "umap2": 3.198503255844116
}