{
  "No direct optim ancestor": "None",
  "umap1": 0.40588740784707633,
  "umap2": 0.9958943193799827
}