{
  "umap1": 0.8333191349835589,
  "umap2": 0.16204316743607783
}