{
  "umap1": 0.047678557453575854,
  "umap2": 0.5200124438577801
}