{
  "No direct optim ancestor": "None",
  "umap1": 0.9008105557711079,
  "umap2": 0.4813315602462638
}