{
  "umap1": 13.526520729064941,
  "umap2": 6.657192230224609
}