{
  "umap1": 12.912299156188965,
  "umap2": 7.023700714111328
}