{
  "umap1": 0.896379808226293,
  "umap2": 0.36362786410379966
}