{
  "No direct optim ancestor": "None",
  "umap1": 0.040204238987983976,
  "umap2": 0.8836180879516624
}