{
  "No direct optim ancestor": "None",
  "umap1": 0.5675823561670172,
  "umap2": 0.2445562851058114
}