{
  "umap1": 0.10747608793248664,
  "umap2": 0.8806275864288701
}