{
  "umap1": 9.780961036682129,
  "umap2": 5.4445719718933105
}