{
  "umap1": 8.032927513122559,
  "umap2": 8.861021041870117
}