{
  "umap1": 0.03271930284358804,
  "umap2": 0.6591637228719333
}