{
  "umap1": 3.481696844100952,
  "umap2": 9.985541343688965
}