{
  "umap1": 0.9317302601353256,
  "umap2": 0.6597995488045355
}