{
  "No direct optim ancestor": "None",
  "umap1": 0.7884240633013553,
  "umap2": 0.9043204430874938
}