{
  "umap1": 12.87627124786377,
  "umap2": 7.066478252410889
}