{
  "umap1": 0.3991659491482421,
  "umap2": 0.38931596942418134
}