{
  "umap1": 7.392653465270996,
  "umap2": 5.795805931091309
}