{
  "No direct optim ancestor": "None",
  "umap1": 0.5931730161413425,
  "umap2": 0.5677065847175222
}