{
  "umap1": 0.8512224323126947,
  "umap2": 0.7675685454694314
}