{
  "umap1": 13.469060897827148,
  "umap2": 5.307366371154785
}