{
  "umap1": 12.054065704345703,
  "umap2": 2.3572840690612793
}