{
  "umap1": 0.027556973846503796,
  "umap2": 0.3618996492841853
}