{
  "No direct optim ancestor": "None",
  "umap1": 0.5098732712171828,
  "umap2": 0.10357621763544311
}