{
  "umap1": 1.2688515186309814,
  "umap2": 9.959853172302246
}