{
  "No direct optim ancestor": "None",
  "umap1": 0.8109357611440151,
  "umap2": 0.7304310258747636
}