{
  "umap1": 12.478411674499512,
  "umap2": 1.637794017791748
}