{
  "umap1": 0.35126917834143956,
  "umap2": 0.7145066735617545
}