{
  "No direct optim ancestor": "None",
  "umap1": 0.6272510709599592,
  "umap2": 0.34609021264517115
}