{
  "umap1": 0.691343518735709,
  "umap2": 0.4766536480861331
}