{
  "umap1": 0.4831413013312216,
  "umap2": 0.6286113857876939
}