{
  "No direct optim ancestor": "None",
  "umap1": 0.6393203345202186,
  "umap2": 0.9876574513772993
}