{
  "No direct optim ancestor": "None",
  "umap1": 0.9245200306275819,
  "umap2": 0.48222894134843386
}