{
  "umap1": 0.13276766219448866,
  "umap2": 0.05986274101250577
}