{
  "umap1": 0.031644895522717875,
  "umap2": 0.08640664819833432
}