{
  "umap1": 2.855332374572754,
  "umap2": 10.499041557312012
}