{
  "umap1": 9.695005416870117,
  "umap2": 5.844398498535156
}