{
  "umap1": 10.594507217407227,
  "umap2": 2.298271656036377
}