{
  "No direct optim ancestor": "None",
  "umap1": 0.5406220965473514,
  "umap2": 0.1586052194242923
}