{
  "umap1": 0.8140312592895185,
  "umap2": 0.578626377564329
}