{
  "umap1": 0.653493359859929,
  "umap2": 0.385718217705894
}