{
  "umap1": 3.4517276287078857,
  "umap2": 10.3026704788208
}