{
  "umap1": 7.334007263183594,
  "umap2": 5.847182273864746
}