{
  "umap1": 14.06546688079834,
  "umap2": 4.928528308868408
}