{
  "No direct optim ancestor": "None",
  "umap1": 0.5214782440971449,
  "umap2": 0.34276963998402454
}