{
  "umap1": 0.5652080075935767,
  "umap2": 0.5905597881265441
}