{
  "umap1": 8.34361457824707,
  "umap2": 7.261091709136963
}