{
  "umap1": 0.1812043622478302,
  "umap2": 0.9482827653911933
}