{
  "No direct optim ancestor": "None",
  "umap1": 0.536583019703336,
  "umap2": 0.8810331867867462
}