{
  "umap1": 13.181670188903809,
  "umap2": 6.127692699432373
}