{
  "umap1": 0.9120692841723312,
  "umap2": 0.2358756727384359
}