{
  "umap1": 10.30790901184082,
  "umap2": 5.561403274536133
}