{
  "No direct optim ancestor": "None",
  "umap1": 0.015810144141218063,
  "umap2": 0.7948491097190157
}