{
  "umap1": 0.8190210828258443,
  "umap2": 0.3801425540459975
}