{
  "umap1": 7.32928466796875,
  "umap2": 5.861684799194336
}