{
  "umap1": 0.1685822704492066,
  "umap2": 0.5500992658937487
}