{
  "umap1": 0.5177699076948606,
  "umap2": 0.50365627938937
}