{
  "umap1": 3.8336262702941895,
  "umap2": 9.890705108642578
}