{
  "umap1": 2.8313417434692383,
  "umap2": 10.597136497497559
}