{
  "umap1": 12.789320945739746,
  "umap2": 7.183503150939941
}