{
  "No direct optim ancestor": "None",
  "umap1": 0.39064274387454845,
  "umap2": 0.1397345600833334
}