{
  "umap1": 0.9101036170799409,
  "umap2": 0.9499178771889801
}