{
  "umap1": 13.884184837341309,
  "umap2": 1.8016667366027832
}