{
  "No direct optim ancestor": "None",
  "umap1": 0.08659818107779016,
  "umap2": 0.9049297317848018
}