{
  "umap1": 0.1787881485094519,
  "umap2": 0.9602214265008491
}