{
  "umap1": 9.226692199707031,
  "umap2": 2.4878876209259033
}