{
  "No direct optim ancestor": "None",
  "umap1": 0.3216295119765693,
  "umap2": 0.42030143893656746
}