{
  "umap1": 0.7061078076001364,
  "umap2": 0.9617239143410158
}