{
  "umap1": 0.3416967585792202,
  "umap2": 0.5100555569480819
}