{
  "No direct optim ancestor": "None",
  "umap1": 0.8890405961308842,
  "umap2": 0.1879556954502204
}