{
  "umap1": 0.47841352214850197,
  "umap2": 0.9119986876102171
}