{
  "No direct optim ancestor": "None",
  "umap1": 0.1175317454853142,
  "umap2": 0.627884907689315
}