{
  "umap1": 11.420324325561523,
  "umap2": 2.314699411392212
}