{
  "umap1": 0.24891055640863413,
  "umap2": 0.3715493200176232
}