{
  "No direct optim ancestor": "None",
  "umap1": 0.6981907778162744,
  "umap2": 0.0003183795470159678
}