{
  "No direct optim ancestor": "None",
  "umap1": 0.6889298113856964,
  "umap2": 0.10940485297194702
}