{
  "umap1": 0.9229545171513407,
  "umap2": 0.6566211738209766
}