{
  "umap1": 12.2083101272583,
  "umap2": 2.0090510845184326
}