{
  "umap1": 10.21959400177002,
  "umap2": 1.4408884048461914
}