{
  "umap1": 0.2852344127473515,
  "umap2": 0.07119783645988709
}