{
  "umap1": 12.945319175720215,
  "umap2": 4.974588394165039
}