{
  "umap1": 12.816875457763672,
  "umap2": 7.4218831062316895
}