{
  "umap1": 0.31086220685738697,
  "umap2": 0.052991601570213764
}