{
  "umap1": 4.93947696685791,
  "umap2": 10.780268669128418
}