{
  "umap1": 0.4946070154806783,
  "umap2": 0.31690990455123913
}