{
  "No direct optim ancestor": "None",
  "umap1": 0.4212355821184741,
  "umap2": 0.4307256399019036
}