{
  "umap1": 13.651434898376465,
  "umap2": 2.1634886264801025
}