{
  "No direct optim ancestor": "None",
  "umap1": 0.3491095114766657,
  "umap2": 0.817654165535961
}