{
  "umap1": 0.2936100764096905,
  "umap2": 0.40502319881041937
}