{
  "umap1": 0.6214776367392604,
  "umap2": 0.19792405144417702
}