{
  "umap1": 1.2041871547698975,
  "umap2": 9.917716979980469
}