{
  "umap1": 14.32664680480957,
  "umap2": 5.654298305511475
}