{
  "umap1": 0.884261301048832,
  "umap2": 0.7910076078177342
}