{
  "No direct optim ancestor": "None",
  "umap1": 0.8468122409281569,
  "umap2": 0.7086954041390611
}