{
  "umap1": 8.063177108764648,
  "umap2": 8.887027740478516
}