{
  "umap1": 8.606836318969727,
  "umap2": 3.1507272720336914
}