{
  "umap1": 0.2655793196345293,
  "umap2": 0.9105870021724177
}