{
  "No direct optim ancestor": "None",
  "umap1": 0.1121776460319801,
  "umap2": 0.8084025471592241
}