{
  "umap1": 11.956170082092285,
  "umap2": 3.3464503288269043
}