{
  "umap1": 0.42734228398223817,
  "umap2": 0.4947535232866226
}