{
  "umap1": 13.497462272644043,
  "umap2": 5.355513095855713
}