{
  "umap1": 0.9779024989340326,
  "umap2": 0.5420535324434598
}