{
  "No direct optim ancestor": "None",
  "umap1": 0.8342848580999869,
  "umap2": 0.9347195651437985
}