{
  "umap1": 0.3885756645754609,
  "umap2": 0.02651621219737421
}