{
  "No direct optim ancestor": "None",
  "umap1": 0.8595932413886719,
  "umap2": 0.4272977670089737
}