{
  "umap1": 0.6704746652830406,
  "umap2": 0.8808136512530884
}