{
  "umap1": 0.93479652146027,
  "umap2": 0.6770716183359643
}