{
  "No direct optim ancestor": "None",
  "umap1": 0.4352816046210515,
  "umap2": 0.7532945451508258
}