{
  "umap1": 8.916207313537598,
  "umap2": 5.8371124267578125
}