{
  "No direct optim ancestor": "None",
  "umap1": 0.30477722151642106,
  "umap2": 0.9689368482961563
}