{
  "umap1": 0.2720974289092405,
  "umap2": 0.8476821838789181
}