{
  "umap1": 1.0852818489074707,
  "umap2": 9.657366752624512
}