{
  "umap1": 0.8503949002039638,
  "umap2": 0.4020523163142877
}