{
  "umap1": 1.353839635848999,
  "umap2": 10.031665802001953
}