{
  "umap1": 11.6929349899292,
  "umap2": 2.0898277759552
}