{
  "No direct optim ancestor": "None",
  "umap1": 0.48043509937655926,
  "umap2": 0.22833168864232167
}