{
  "umap1": 0.2079642819385764,
  "umap2": 0.914476846692005
}