{
  "umap1": 0.08578342768914016,
  "umap2": 0.8632936875544724
}