{
  "No direct optim ancestor": "None",
  "umap1": 0.9328370752950701,
  "umap2": 0.07993315463615092
}