{
  "umap1": 11.807486534118652,
  "umap2": 2.7181107997894287
}