{
  "umap1": 0.14465322849986983,
  "umap2": 0.9231484874929556
}