{
  "umap1": 7.304797172546387,
  "umap2": 5.882007122039795
}