{
  "No direct optim ancestor": "None",
  "umap1": 0.4219775984369475,
  "umap2": 0.08451607193929234
}