{
  "umap1": 0.08809459152822707,
  "umap2": 0.7772666058905487
}