{
  "No direct optim ancestor": "None",
  "umap1": 0.6669750370550043,
  "umap2": 0.15178525860548375
}