{
  "umap1": 0.6594454149764436,
  "umap2": 0.6517785325380758
}