{
  "umap1": 10.367602348327637,
  "umap2": 5.082599639892578
}