{
  "umap1": 13.860774993896484,
  "umap2": 5.055806636810303
}