{
  "umap1": 0.7221283240689895,
  "umap2": 0.41995154435183935
}