{
  "No direct optim ancestor": "None",
  "umap1": 0.535164378659283,
  "umap2": 0.4410463496710948
}