{
  "umap1": 8.80345630645752,
  "umap2": 9.007213592529297
}