{
  "umap1": 0.07534648813144285,
  "umap2": 0.5883186482374919
}