{
  "umap1": 10.867633819580078,
  "umap2": 1.4173915386199951
}