{
  "umap1": 0.6577332781379265,
  "umap2": 0.8712134876339461
}