{
  "No direct optim ancestor": "None",
  "umap1": 0.7666880326215778,
  "umap2": 0.2591028466627351
}