{
  "umap1": 0.584709069515374,
  "umap2": 0.30523285008444345
}