{
  "No direct optim ancestor": "None",
  "umap1": 0.6227483644962416,
  "umap2": 0.1553113008039274
}