{
  "umap1": 14.19615364074707,
  "umap2": 5.531491279602051
}