{
  "No direct optim ancestor": "None",
  "umap1": 0.6114633260619834,
  "umap2": 0.7910208879888144
}