{
  "umap1": 0.5284749120187566,
  "umap2": 0.45225233449739655
}