{
  "umap1": 0.8224201518113787,
  "umap2": 0.6052030554271879
}