{
  "umap1": 4.980524063110352,
  "umap2": 10.777650833129883
}