{
  "umap1": 1.3183555603027344,
  "umap2": 9.869010925292969
}