{
  "umap1": 0.36748419425330614,
  "umap2": 0.13285130722718508
}