{
  "No direct optim ancestor": "None",
  "umap1": 0.2101151818840008,
  "umap2": 0.6249270442471604
}