{
  "umap1": 11.567327499389648,
  "umap2": 1.9207189083099365
}