{
  "umap1": 0.4870717828221951,
  "umap2": 0.04539808240259913
}