{
  "umap1": 7.3281168937683105,
  "umap2": 5.861639022827148
}