{
  "umap1": 0.9193718510519427,
  "umap2": 0.14825019796144157
}