{
  "umap1": 3.8286969661712646,
  "umap2": 10.15392017364502
}