{
  "umap1": 10.782441139221191,
  "umap2": 1.479479193687439
}