{
  "umap1": 0.1698787797133301,
  "umap2": 0.03047116276811057
}