{
  "umap1": 7.959132194519043,
  "umap2": 8.929272651672363
}