{
  "umap1": 4.932684898376465,
  "umap2": 10.831761360168457
}