{
  "umap1": 13.62299633026123,
  "umap2": 3.9386720657348633
}