{
  "umap1": 0.584387960027935,
  "umap2": 0.1350124257844012
}