{
  "No direct optim ancestor": "None",
  "umap1": 0.7865122252783191,
  "umap2": 0.9680375073225796
}