{
  "umap1": 11.756139755249023,
  "umap2": 6.683714389801025
}