{
  "No direct optim ancestor": "None",
  "umap1": 0.4472441362996671,
  "umap2": 0.6426623119766772
}