{
  "umap1": 0.2892328668267483,
  "umap2": 0.3190311264380814
}