{
  "umap1": 0.4095324176020464,
  "umap2": 0.6500910345172578
}