{
  "No direct optim ancestor": "None",
  "umap1": 0.0737207158095059,
  "umap2": 0.13884300364238633
}