{
  "umap1": 3.036893367767334,
  "umap2": 10.49647045135498
}