{
  "umap1": 14.082998275756836,
  "umap2": 4.456545829772949
}