{
  "umap1": 12.497772216796875,
  "umap2": 4.340573310852051
}