{
  "umap1": 12.633809089660645,
  "umap2": 2.930265426635742
}