{
  "umap1": 0.5187466891797099,
  "umap2": 0.14310664555673003
}