{
  "No direct optim ancestor": "None",
  "umap1": 0.7110051925177433,
  "umap2": 0.5599524400422007
}