{
  "umap1": 0.4122377112899859,
  "umap2": 0.09007056204588715
}