{
  "umap1": 2.8637895584106445,
  "umap2": 10.49653148651123
}