{
  "No direct optim ancestor": "None",
  "umap1": 0.7944276274999856,
  "umap2": 0.5832626364310226
}