{
  "umap1": 13.519878387451172,
  "umap2": 2.582782745361328
}