{
  "umap1": 0.6465088006238948,
  "umap2": 0.823270565231434
}