{
  "umap1": 9.075312614440918,
  "umap2": 7.008388996124268
}