{
  "umap1": 13.506543159484863,
  "umap2": 1.986511468887329
}