{
  "No direct optim ancestor": "None",
  "umap1": 0.8638144196998081,
  "umap2": 0.4230238417184904
}