{
  "umap1": 0.18488506166836804,
  "umap2": 0.1887369905218721
}