{
  "umap1": 12.426547050476074,
  "umap2": 1.6475008726119995
}