{
  "umap1": 12.867815971374512,
  "umap2": 6.713816165924072
}