{
  "umap1": 10.863265037536621,
  "umap2": 3.064185619354248
}