{
  "No direct optim ancestor": "None",
  "umap1": 0.32459260634913467,
  "umap2": 0.969802867982289
}