{
  "umap1": 0.07401027208961508,
  "umap2": 0.5749079349390726
}