{
  "umap1": 14.07834529876709,
  "umap2": 2.1557531356811523
}