{
  "umap1": 0.009206916540785204,
  "umap2": 0.4569732480182779
}