{
  "No direct optim ancestor": "None",
  "umap1": 0.1438410462484112,
  "umap2": 0.5766313269030272
}