{
  "umap1": 3.47997784614563,
  "umap2": 10.02510929107666
}