{
  "umap1": 0.7427727389926155,
  "umap2": 0.4552289298328086
}