{
  "Ancestor's direct optim goal": "a photo of a double helix DNA strand with red and green bands",
  "umap1": 0.0038494408001713554,
  "umap2": 0.3355826534805718
}