{
  "No direct optim ancestor": "None",
  "umap1": 0.3938840855484059,
  "umap2": 0.10142621791063944
}