{
  "umap1": 0.3750881651115501,
  "umap2": 0.8652168368143525
}