{
  "umap1": 12.005916595458984,
  "umap2": 2.927952289581299
}