{
  "umap1": 10.77469253540039,
  "umap2": 1.33029043674469
}