{
  "umap1": 0.6954495404069503,
  "umap2": 0.8591124659661616
}