{
  "umap1": 2.956416368484497,
  "umap2": 10.328540802001953
}