{
  "No direct optim ancestor": "None",
  "umap1": 0.9637081686269796,
  "umap2": 0.05051291329124641
}