{
  "umap1": 0.0808254049770758,
  "umap2": 0.2851616953054774
}