{
  "umap1": 3.4270546436309814,
  "umap2": 10.415746688842773
}