{
  "umap1": 8.376039505004883,
  "umap2": 8.88206958770752
}