{
  "umap1": 14.111104965209961,
  "umap2": 5.994435787200928
}