{
  "umap1": 0.8782521366332502,
  "umap2": 0.4919014848942499
}