{
  "No direct optim ancestor": "None",
  "umap1": 0.021759851528667107,
  "umap2": 0.4129034523185252
}