{
  "No direct optim ancestor": "None",
  "umap1": 0.7246452583994473,
  "umap2": 0.605207508803617
}