{
  "umap1": 9.623425483703613,
  "umap2": 3.228883981704712
}