{
  "umap1": 0.6722785800910576,
  "umap2": 0.775827107719895
}