{
  "umap1": 13.425762176513672,
  "umap2": 7.05217170715332
}