{
  "No direct optim ancestor": "None",
  "umap1": 0.1652841583390412,
  "umap2": 0.0570303310303798
}