{
  "umap1": 12.962387084960938,
  "umap2": 5.878477573394775
}