{
  "umap1": 0.3722487872565241,
  "umap2": 0.9598269980266818
}