{
  "umap1": 1.1372486352920532,
  "umap2": 9.723692893981934
}