{
  "umap1": 1.1900380849838257,
  "umap2": 9.58264446258545
}