{
  "umap1": 0.12856341999162535,
  "umap2": 0.8258499231163778
}