{
  "umap1": 10.788483619689941,
  "umap2": 1.5653409957885742
}