{
  "umap1": 0.707872021711035,
  "umap2": 0.6373388783798449
}