{
  "No direct optim ancestor": "None",
  "umap1": 0.7716984255483075,
  "umap2": 0.36043108552436953
}