{
  "No direct optim ancestor": "None",
  "umap1": 0.9808619452949052,
  "umap2": 0.2760172161356852
}