{
  "umap1": 13.740049362182617,
  "umap2": 4.504453182220459
}