{
  "umap1": 0.2557904875170396,
  "umap2": 0.061225676446620914
}