{
  "umap1": 11.45641803741455,
  "umap2": 1.5379350185394287
}