{
  "umap1": 0.8833872240705904,
  "umap2": 0.2634489112567855
}