{
  "No direct optim ancestor": "None",
  "umap1": 0.7873978837988305,
  "umap2": 0.40332468209849115
}