{
  "No direct optim ancestor": "None",
  "umap1": 0.5692986185209797,
  "umap2": 0.9653824708594407
}