{
  "umap1": 10.149299621582031,
  "umap2": 3.3754231929779053
}