{
  "umap1": 0.014187093896092962,
  "umap2": 0.8450907578147974
}