{
  "umap1": 0.5830624029423992,
  "umap2": 0.4125201114047734
}