{
  "umap1": 0.7976980177643872,
  "umap2": 0.7154398497951193
}