{
  "No direct optim ancestor": "None",
  "umap1": 0.975131123070545,
  "umap2": 0.888164596204147
}