{
  "umap1": 0.8601745759593608,
  "umap2": 0.36902485900174964
}