{
  "No direct optim ancestor": "None",
  "umap1": 0.14866582600467426,
  "umap2": 0.5431868627489885
}