{
  "umap1": 0.9156378300899938,
  "umap2": 0.1765831710649075
}