{
  "umap1": 0.7996727337552534,
  "umap2": 0.49623021877156603
}