{
  "umap1": 10.929449081420898,
  "umap2": 2.9896183013916016
}