{
  "No direct optim ancestor": "None",
  "umap1": 0.9996370734907064,
  "umap2": 0.1754592360374312
}