{
  "No direct optim ancestor": "None",
  "umap1": 0.9002637379287394,
  "umap2": 0.7205384509579115
}