{
  "umap1": 0.6826860056212928,
  "umap2": 0.8814464053453382
}