{
  "umap1": 10.683090209960938,
  "umap2": 1.840684175491333
}