{
  "umap1": 1.4763095378875732,
  "umap2": 10.07194995880127
}