{
  "umap1": 0.9076115316453386,
  "umap2": 0.4777137461981801
}