{
  "umap1": 1.2817667722702026,
  "umap2": 9.783135414123535
}