{
  "No direct optim ancestor": "None",
  "umap1": 0.3241067237153701,
  "umap2": 0.6217110526996162
}