{
  "umap1": 0.9337274285220707,
  "umap2": 0.996920994184165
}