{
  "umap1": 3.110283374786377,
  "umap2": 10.589224815368652
}