{
  "umap1": 0.4995978418698306,
  "umap2": 0.8911319236955509
}