{
  "No direct optim ancestor": "None",
  "umap1": 0.67059185790342,
  "umap2": 0.969640126655046
}