{
  "umap1": 12.306673049926758,
  "umap2": 1.830414891242981
}