{
  "umap1": 0.434048001789217,
  "umap2": 0.013736216869314033
}