{
  "umap1": 11.329081535339355,
  "umap2": 1.588162899017334
}