{
  "umap1": 11.463908195495605,
  "umap2": 3.732455015182495
}