{
  "umap1": 0.9090513830173752,
  "umap2": 0.10527688174591454
}