{
  "No direct optim ancestor": "None",
  "umap1": 0.5870470030402197,
  "umap2": 0.6645286969801804
}