{
  "No direct optim ancestor": "None",
  "umap1": 0.5241087998210769,
  "umap2": 0.03758934029073946
}