{
  "umap1": 0.9110717511771333,
  "umap2": 0.3103411781769111
}