{
  "umap1": 11.943547248840332,
  "umap2": 2.5647451877593994
}