{
  "umap1": 0.6718891607426202,
  "umap2": 0.6031962950381885
}