{
  "umap1": 8.945688247680664,
  "umap2": 6.592645645141602
}