{
  "No direct optim ancestor": "None",
  "umap1": 0.6681928105412622,
  "umap2": 0.49591472572144324
}