{
  "umap1": 0.5775066903544561,
  "umap2": 0.3975762054383448
}