{
  "umap1": 0.8293159185124027,
  "umap2": 0.4996212145864416
}