{
  "No direct optim ancestor": "None",
  "umap1": 0.7295798480527818,
  "umap2": 0.6679587596375156
}