{
  "umap1": 0.714518894294357,
  "umap2": 0.6993600095833452
}