{
  "umap1": 7.953149795532227,
  "umap2": 8.962821960449219
}