{
  "No direct optim ancestor": "None",
  "umap1": 0.4930615370566842,
  "umap2": 0.6456036755980382
}