{
  "umap1": 0.9024061526590038,
  "umap2": 0.8412859691956212
}