{
  "umap1": 12.596485137939453,
  "umap2": 7.304961204528809
}