{
  "umap1": 10.923833847045898,
  "umap2": 1.4723553657531738
}