{
  "umap1": 14.047575950622559,
  "umap2": 5.059805870056152
}