{
  "No direct optim ancestor": "None",
  "umap1": 0.39209484705163633,
  "umap2": 0.935629062913481
}