{
  "umap1": 0.9210545342811921,
  "umap2": 0.34027936354296573
}