{
  "umap1": 10.629011154174805,
  "umap2": 1.8889718055725098
}