{
  "umap1": 0.8308777128842489,
  "umap2": 0.4884624301579311
}