{
  "No direct optim ancestor": "None",
  "umap1": 0.6024398763296605,
  "umap2": 0.046951771291819266
}