{
  "umap1": 0.14644357863852875,
  "umap2": 0.9324775841902526
}