{
  "umap1": 9.874428749084473,
  "umap2": 3.376145124435425
}