{
  "No direct optim ancestor": "None",
  "umap1": 0.8779659046889932,
  "umap2": 0.7273069949172161
}