{
  "umap1": 5.004483222961426,
  "umap2": 10.748910903930664
}