{
  "umap1": 10.847597122192383,
  "umap2": 2.267899990081787
}