{
  "No direct optim ancestor": "None",
  "umap1": 0.9691925871239764,
  "umap2": 0.8914313954139254
}