{
  "umap1": 13.557908058166504,
  "umap2": 6.615361213684082
}