{
  "umap1": 0.04499373468597101,
  "umap2": 0.6997238157754572
}