{
  "umap1": 11.472573280334473,
  "umap2": 1.7524710893630981
}