{
  "No direct optim ancestor": "None",
  "umap1": 0.9516884597599741,
  "umap2": 0.6712091318419319
}