{
  "umap1": 0.24901867580011516,
  "umap2": 0.5323909927134207
}