{
  "umap1": 0.04316081207408773,
  "umap2": 0.7388947357129754
}