{
  "No direct optim ancestor": "None",
  "umap1": 0.6225442714598521,
  "umap2": 0.7355038954667551
}