{
  "umap1": 11.704034805297852,
  "umap2": 1.8843605518341064
}