{
  "No direct optim ancestor": "None",
  "umap1": 0.7018588557688057,
  "umap2": 0.12882423766969997
}