{
  "umap1": 14.180487632751465,
  "umap2": 2.4203262329101562
}