{
  "umap1": 0.1087462716892077,
  "umap2": 0.42063195675533127
}