{
  "No direct optim ancestor": "None",
  "umap1": 0.7788275683331403,
  "umap2": 0.6769533008025959
}