{
  "umap1": 0.7975295065445476,
  "umap2": 0.2627001894427543
}