{
  "umap1": 3.7401628494262695,
  "umap2": 10.185259819030762
}