{
  "umap1": 0.9136122357525194,
  "umap2": 0.25521295071555494
}