{
  "umap1": 11.449559211730957,
  "umap2": 3.6031546592712402
}