{
  "No direct optim ancestor": "None",
  "umap1": 0.8855018453837474,
  "umap2": 0.874780877622841
}