{
  "umap1": 0.031709268048998984,
  "umap2": 0.7100237695921362
}