{
  "umap1": 13.225131034851074,
  "umap2": 3.356646776199341
}