{
  "No direct optim ancestor": "None",
  "umap1": 0.5224658574891186,
  "umap2": 0.24481616912006687
}