{
  "umap1": 0.8057361594164685,
  "umap2": 0.7052509811817382
}