{
  "umap1": 0.5098712820313858,
  "umap2": 0.9184354418905364
}