{
  "No direct optim ancestor": "None",
  "umap1": 0.4953788306382638,
  "umap2": 0.3470326071584048
}