{
  "umap1": 0.45263004094531767,
  "umap2": 0.03963960812189571
}