{
  "umap1": 2.6570093631744385,
  "umap2": 10.688241004943848
}