{
  "umap1": 12.067808151245117,
  "umap2": 3.8551645278930664
}