{
  "umap1": 13.764280319213867,
  "umap2": 5.184414386749268
}