{
  "umap1": 0.27179037427993535,
  "umap2": 0.5508212129904525
}