{
  "No direct optim ancestor": "None",
  "umap1": 0.22830998784407774,
  "umap2": 0.748423891775352
}