{
  "umap1": 0.9696560969163786,
  "umap2": 0.1267222506300516
}