{
  "No direct optim ancestor": "None",
  "umap1": 0.9344616392700623,
  "umap2": 0.5189996543905768
}