{
  "umap1": 0.2500259447923796,
  "umap2": 0.8505482498397104
}