{
  "No direct optim ancestor": "None",
  "umap1": 0.4415093692849048,
  "umap2": 0.6362803048833123
}