{
  "No direct optim ancestor": "None",
  "umap1": 0.06043564929780143,
  "umap2": 0.37621745950602126
}