{
  "umap1": 0.8765165914911678,
  "umap2": 0.08538689972488067
}