{
  "umap1": 0.3055419371089706,
  "umap2": 0.7836275825235053
}