{
  "No direct optim ancestor": "None",
  "umap1": 0.8414270459084479,
  "umap2": 0.09045733803550515
}