{
  "umap1": 10.676406860351562,
  "umap2": 3.6811931133270264
}