{
  "umap1": 0.5643228361891589,
  "umap2": 0.9739876605157557
}