{
  "No direct optim ancestor": "None",
  "umap1": 0.6534390356225799,
  "umap2": 0.22474382828941375
}