{
  "umap1": 0.42564314367667955,
  "umap2": 0.742501481425845
}