{
  "No direct optim ancestor": "None",
  "umap1": 0.5451389545465574,
  "umap2": 0.338830204812974
}