{
  "umap1": 0.10563960933895633,
  "umap2": 0.49087464614752085
}