{
  "No direct optim ancestor": "None",
  "umap1": 0.03703403099088476,
  "umap2": 0.4780044971374614
}