{
  "umap1": 10.979450225830078,
  "umap2": 2.2176053524017334
}