{
  "umap1": 0.5882038750045908,
  "umap2": 0.5572012224522719
}