{
  "umap1": 13.783705711364746,
  "umap2": 4.933371543884277
}