{
  "No direct optim ancestor": "None",
  "umap1": 0.2773598836812725,
  "umap2": 0.24972141016578275
}