{
  "umap1": 14.185990333557129,
  "umap2": 5.422239303588867
}