{
  "umap1": 0.5629915399330061,
  "umap2": 0.35836455445110205
}