{
  "No direct optim ancestor": "None",
  "umap1": 0.5824294060687075,
  "umap2": 0.33032908062988353
}