{
  "umap1": 2.6400442123413086,
  "umap2": 10.672989845275879
}