{
  "umap1": 0.5118342475079484,
  "umap2": 0.14287269477932385
}