{
  "umap1": 0.4982906105967152,
  "umap2": 0.9100622234865813
}