{
  "No direct optim ancestor": "None",
  "umap1": 0.8196085174526873,
  "umap2": 0.38617543608058313
}