{
  "umap1": 12.314416885375977,
  "umap2": 6.774911880493164
}