{
  "umap1": 0.3252604719116897,
  "umap2": 0.08473106222445914
}