{
  "No direct optim ancestor": "None",
  "umap1": 0.3782397027803662,
  "umap2": 0.5283253855279593
}