{
  "umap1": 13.144728660583496,
  "umap2": 7.089813232421875
}