{
  "umap1": 13.864391326904297,
  "umap2": 6.1127543449401855
}