{
  "No direct optim ancestor": "None",
  "umap1": 0.9791432393932236,
  "umap2": 0.1456379752967254
}