{
  "umap1": 0.9537923756688554,
  "umap2": 0.8024689673838805
}