{
  "No direct optim ancestor": "None",
  "umap1": 0.85404176408584,
  "umap2": 0.5341926345667036
}