{
  "umap1": 0.5135295302912795,
  "umap2": 0.4329224781477413
}