{
  "umap1": 11.054644584655762,
  "umap2": 1.5767103433609009
}