{
  "No direct optim ancestor": "None",
  "umap1": 0.04117053906824597,
  "umap2": 0.24610450329588618
}