{
  "umap1": 0.23639935544505863,
  "umap2": 0.9477542455288216
}