{
  "umap1": 0.040197599819882024,
  "umap2": 0.9463460494435335
}