{
  "No direct optim ancestor": "None",
  "umap1": 0.8057063845932427,
  "umap2": 0.7691820104104263
}