{
  "umap1": 3.6533944606781006,
  "umap2": 10.310629844665527
}