{
  "umap1": 0.2027454118131472,
  "umap2": 0.4651729003757106
}