{
  "No direct optim ancestor": "None",
  "umap1": 0.023854334961736723,
  "umap2": 0.5522023058381536
}