{
  "umap1": 12.648077011108398,
  "umap2": 2.882936477661133
}