{
  "umap1": 0.17669995895781154,
  "umap2": 0.557142769593314
}