{
  "No direct optim ancestor": "None",
  "umap1": 0.8889012445581814,
  "umap2": 0.69773408177088
}