{
  "umap1": 8.753643035888672,
  "umap2": 5.681241035461426
}