{
  "umap1": 0.4327742986119998,
  "umap2": 0.2098548017140276
}