{
  "No direct optim ancestor": "None",
  "umap1": 0.4264829544372424,
  "umap2": 0.7451427398593232
}