{
  "umap1": 8.931544303894043,
  "umap2": 5.871373653411865
}