{
  "umap1": 0.17983922623895543,
  "umap2": 0.19202033407134056
}