{
  "No direct optim ancestor": "None",
  "umap1": 0.2768653918909538,
  "umap2": 0.5945347124005145
}