{
  "No direct optim ancestor": "None",
  "umap1": 0.6520719551671141,
  "umap2": 0.45762217250435056
}