{
  "umap1": 0.9823816108040746,
  "umap2": 0.20097274428134304
}