{
  "umap1": 0.11545548883794643,
  "umap2": 0.7200299436675123
}