{
  "umap1": 1.026233434677124,
  "umap2": 9.593247413635254
}