{
  "umap1": 0.7117147582653248,
  "umap2": 0.9238320905426005
}