{
  "No direct optim ancestor": "None",
  "umap1": 0.44609740344217785,
  "umap2": 0.17433815161471067
}