{
  "umap1": 13.877985000610352,
  "umap2": 5.189277648925781
}