{
  "umap1": 13.783392906188965,
  "umap2": 5.9040303230285645
}