{
  "umap1": 11.884373664855957,
  "umap2": 4.615085601806641
}