{
  "umap1": 0.13061640155550924,
  "umap2": 0.4666529716086142
}