{
  "umap1": 8.053852081298828,
  "umap2": 8.861624717712402
}