{
  "umap1": 4.87304162979126,
  "umap2": 10.86571216583252
}