{
  "umap1": 0.5600396031888011,
  "umap2": 0.0005501760692242508
}