{
  "No direct optim ancestor": "None",
  "umap1": 0.4893667333434396,
  "umap2": 0.0949179966139968
}