{
  "umap1": 14.049751281738281,
  "umap2": 3.898650884628296
}