{
  "umap1": 13.633356094360352,
  "umap2": 4.149164199829102
}