{
  "umap1": 0.9691433140063447,
  "umap2": 0.14671634604947925
}