{
  "umap1": 8.939800262451172,
  "umap2": 5.96915340423584
}