{
  "umap1": 8.912071228027344,
  "umap2": 5.862586975097656
}