{
  "No direct optim ancestor": "None",
  "umap1": 0.8726931001237858,
  "umap2": 0.9081342870497674
}