{
  "umap1": 0.29128858811444425,
  "umap2": 0.07381415098077315
}