{
  "umap1": 10.402698516845703,
  "umap2": 4.369300365447998
}