{
  "No direct optim ancestor": "None",
  "umap1": 0.8405282178754404,
  "umap2": 0.28476401293751497
}