{
  "umap1": 0.853731836058813,
  "umap2": 0.3593156791393748
}