{
  "umap1": 12.378937721252441,
  "umap2": 6.775660991668701
}