{
  "No direct optim ancestor": "None",
  "umap1": 0.04047212131106348,
  "umap2": 0.8622845657571917
}