{
  "umap1": 0.7975733745538036,
  "umap2": 0.5261943304817491
}