{
  "umap1": 0.5019685387544349,
  "umap2": 0.46459373443273166
}