{
  "umap1": 8.6050443649292,
  "umap2": 3.5478575229644775
}