{
  "No direct optim ancestor": "None",
  "umap1": 0.5516762392077421,
  "umap2": 0.1024961063279255
}