{
  "umap1": 0.1423598743110801,
  "umap2": 0.21852469299036792
}