{
  "No direct optim ancestor": "None",
  "umap1": 0.26657688108338506,
  "umap2": 0.9651839742710089
}