{
  "umap1": 0.62356667152224,
  "umap2": 0.73533629275557
}