{
  "umap1": 11.959721565246582,
  "umap2": 2.7537059783935547
}