{
  "No direct optim ancestor": "None",
  "umap1": 0.4783606882160364,
  "umap2": 0.07627468627891221
}