{
  "umap1": 0.9180029141833516,
  "umap2": 0.41539251623870665
}