{
  "umap1": 13.703047752380371,
  "umap2": 5.811047554016113
}