{
  "No direct optim ancestor": "None",
  "umap1": 0.06766048194048846,
  "umap2": 0.02215015825870803
}