{
  "umap1": 0.2085982336876543,
  "umap2": 0.5426699548527348
}