{
  "No direct optim ancestor": "None",
  "umap1": 0.9439629533754367,
  "umap2": 0.07829642057860087
}