{
  "umap1": 12.20288372039795,
  "umap2": 2.094111204147339
}