{
  "umap1": 0.8546292666828803,
  "umap2": 0.022363899755458716
}