{
  "No direct optim ancestor": "None",
  "umap1": 0.929102986298573,
  "umap2": 0.9995625158080561
}