{
  "umap1": 12.193243026733398,
  "umap2": 6.3575544357299805
}