{
  "No direct optim ancestor": "None",
  "umap1": 0.28579719555112926,
  "umap2": 0.45569365223040725
}