{
  "umap1": 0.5225448122826551,
  "umap2": 0.0863289853150001
}