{
  "umap1": 9.243597984313965,
  "umap2": 4.429536819458008
}