{
  "umap1": 0.4719019404858078,
  "umap2": 0.14483772548992913
}