{
  "umap1": 12.617029190063477,
  "umap2": 7.179119110107422
}