{
  "No direct optim ancestor": "None",
  "umap1": 0.28693128164588966,
  "umap2": 0.22131052203760726
}