{
  "umap1": 0.35487950328341933,
  "umap2": 0.19463165342780397
}