{
  "umap1": 12.215912818908691,
  "umap2": 7.230910301208496
}