{
  "umap1": 12.69096565246582,
  "umap2": 6.634145259857178
}