{
  "umap1": 0.7583370475217587,
  "umap2": 0.9451482311862561
}