{
  "No direct optim ancestor": "None",
  "umap1": 0.3933705600406161,
  "umap2": 0.36610507055271224
}