{
  "umap1": 8.343524932861328,
  "umap2": 7.2535719871521
}