{
  "umap1": 0.23465155180681008,
  "umap2": 0.3215794177512834
}