{
  "umap1": 0.6395438071983759,
  "umap2": 0.012724108364278397,
  "Direct optim goal": "a close-up photo of a dragon fruit with red skin, green scales, and blue seeds"
}