{
  "umap1": 8.017480850219727,
  "umap2": 8.916728019714355
}