{
  "No direct optim ancestor": "None",
  "umap1": 0.029235624269292493,
  "umap2": 0.6035387030842838
}