{
  "umap1": 0.3670899463611237,
  "umap2": 0.20738107061848343
}