{
  "umap1": 12.26868724822998,
  "umap2": 4.160647392272949
}