{
  "No direct optim ancestor": "None",
  "umap1": 0.6923544878377111,
  "umap2": 0.5744912062595426
}