{
  "umap1": 0.38065852667186706,
  "umap2": 0.15977039743850274
}