{
  "umap1": 1.1405054330825806,
  "umap2": 9.556334495544434
}