{
  "umap1": 0.8522894127162043,
  "umap2": 0.1801854770159501
}