{
  "No direct optim ancestor": "None",
  "umap1": 0.6908034091772455,
  "umap2": 0.4086147680991895
}