{
  "umap1": 0.19866443171598747,
  "umap2": 0.20041207134591876
}