{
  "umap1": 14.163039207458496,
  "umap2": 4.4908552169799805
}