{
  "umap1": 0.7687415771090825,
  "umap2": 0.6001287635327353
}