{
  "No direct optim ancestor": "None",
  "umap1": 0.7758348541611955,
  "umap2": 0.10346427604688102
}