{
  "No direct optim ancestor": "None",
  "umap1": 0.03313150353250649,
  "umap2": 0.01774551685660486
}