{
  "umap1": 0.9662842797497675,
  "umap2": 0.4767554024365992
}