{
  "umap1": 8.632455825805664,
  "umap2": 5.0760369300842285
}