{
  "umap1": 13.091986656188965,
  "umap2": 6.42209005355835
}