{
  "umap1": 0.87571615809212,
  "umap2": 0.27773498715092515
}