{
  "umap1": 9.702652931213379,
  "umap2": 1.8725793361663818
}