{
  "No direct optim ancestor": "None",
  "umap1": 0.5978405692910618,
  "umap2": 0.47197425287535233
}