{
  "No direct optim ancestor": "None",
  "umap1": 0.24159123400172178,
  "umap2": 0.8459391817702392
}