{
  "umap1": 0.1767336790470434,
  "umap2": 0.6824402106879132
}