{
  "umap1": 0.2902535903662756,
  "umap2": 0.6473990654365567
}