{
  "No direct optim ancestor": "None",
  "umap1": 0.6805234197155661,
  "umap2": 0.4637616764535497
}