{
  "umap1": 12.82564640045166,
  "umap2": 7.383871078491211
}