{
  "umap1": 0.8600704643552142,
  "umap2": 0.8139981806032472
}