{
  "umap1": 10.697721481323242,
  "umap2": 1.466092824935913
}