{
  "No direct optim ancestor": "None",
  "umap1": 0.86884866238806,
  "umap2": 0.20446839960165597
}