{
  "umap1": 0.30291707234575516,
  "umap2": 0.8606474224927828
}