{
  "umap1": 13.188773155212402,
  "umap2": 3.846794366836548
}