{
  "No direct optim ancestor": "None",
  "umap1": 0.2462300778407499,
  "umap2": 0.11639119464551706
}