{
  "umap1": 0.7821746502562461,
  "umap2": 0.566059260978498
}