{
  "umap1": 2.7397561073303223,
  "umap2": 10.62475872039795
}