{
  "umap1": 12.558284759521484,
  "umap2": 7.123158931732178
}