{
  "No direct optim ancestor": "None",
  "umap1": 0.32519664574305673,
  "umap2": 0.3566699010006743
}