{
  "umap1": 13.020155906677246,
  "umap2": 3.144439458847046
}