{
  "umap1": 0.4992452858076185,
  "umap2": 0.12543280359405462
}