{
  "umap1": 10.908225059509277,
  "umap2": 1.5859712362289429
}