{
  "No direct optim ancestor": "None",
  "umap1": 0.8092852803795209,
  "umap2": 0.8245084888004391
}