{
  "umap1": 0.2836555070523201,
  "umap2": 0.38379197379361263
}