{
  "umap1": 12.58211898803711,
  "umap2": 4.96976375579834
}