{
  "umap1": 0.020348329985744762,
  "umap2": 0.24020874546785653,
  "Direct optim goal": "a photo of a red centipede with green legs"
}