{
  "Direct optim goal": "a photo of a red centipede with green legs",
  "umap1": 0.827741286073979,
  "umap2": 0.4785501961610642
}