{
  "No direct optim ancestor": "None",
  "umap1": 0.9522881790138527,
  "umap2": 0.9135507604420119
}