{
  "umap1": 0.06917022104544313,
  "umap2": 0.242591128923081
}