{
  "umap1": 0.018967296285218982,
  "umap2": 0.025099032438497537
}