{
  "umap1": 8.349295616149902,
  "umap2": 7.239654541015625
}