{
  "umap1": 10.695595741271973,
  "umap2": 2.105118751525879
}