{
  "umap1": 0.21442262287016434,
  "umap2": 0.8990634524890485
}