{
  "No direct optim ancestor": "None",
  "umap1": 0.18630937571373696,
  "umap2": 0.3998749105910204
}