{
  "umap1": 11.962318420410156,
  "umap2": 2.1620240211486816
}