{
  "umap1": 13.341543197631836,
  "umap2": 1.7005337476730347
}