{
  "No direct optim ancestor": "None",
  "umap1": 0.5345923637913557,
  "umap2": 0.2199142531380328
}