{
  "umap1": 0.31610887121696796,
  "umap2": 0.5602205412391845
}