{
  "No direct optim ancestor": "None",
  "umap1": 0.39617874859078694,
  "umap2": 0.16855524704212377
}