{
  "umap1": 0.3675567021254168,
  "umap2": 0.3544592441890191
}