{
  "umap1": 0.8355101984727747,
  "umap2": 0.9225790381627356
}