{
  "No direct optim ancestor": "None",
  "umap1": 0.164184440190283,
  "umap2": 0.49362193596394344
}