{
  "umap1": 13.244436264038086,
  "umap2": 4.249840259552002
}