{
  "umap1": 3.632443904876709,
  "umap2": 10.319526672363281
}