{
  "umap1": 0.5980695398192623,
  "umap2": 0.21028335897656514
}