{
  "umap1": 0.6668972955537688,
  "umap2": 0.16862378301916015
}