{
  "No direct optim ancestor": "None",
  "umap1": 0.2960896014975357,
  "umap2": 0.011633451356169444
}