{
  "umap1": 10.733455657958984,
  "umap2": 1.4140936136245728
}