{
  "No direct optim ancestor": "None",
  "umap1": 0.19939258025239226,
  "umap2": 0.10157058014676601
}