{
  "umap1": 11.036847114562988,
  "umap2": 6.485655307769775
}