{
  "umap1": 0.9471882623816434,
  "umap2": 0.8145321636408548
}