{
  "umap1": 4.9914140701293945,
  "umap2": 10.768280029296875
}