{
  "umap1": 0.4950752220409058,
  "umap2": 0.962322690270407
}