{
  "umap1": 0.8371208752181685,
  "umap2": 0.9210050800253647
}