{
  "umap1": 0.8183876151669975,
  "umap2": 0.9564418004014995
}