{
  "umap1": 13.53493881225586,
  "umap2": 6.472150802612305
}