{
  "No direct optim ancestor": "None",
  "umap1": 0.3740516108092057,
  "umap2": 0.8181154815538031
}