{
  "umap1": 13.021602630615234,
  "umap2": 7.481655120849609
}