{
  "No direct optim ancestor": "None",
  "umap1": 0.34719041416668617,
  "umap2": 0.591774260398635
}