{
  "umap1": 0.12814049819376128,
  "umap2": 0.5921134570030666
}