{
  "No direct optim ancestor": "None",
  "umap1": 0.27315672878286257,
  "umap2": 0.3358323106999147
}