{
  "umap1": 0.6842187186938258,
  "umap2": 0.15681681848349371
}