{
  "umap1": 0.6310165047781185,
  "umap2": 0.5242348921766284
}