{
  "No direct optim ancestor": "None",
  "umap1": 0.01653625164534478,
  "umap2": 0.8159229222282517
}