{
  "umap1": 11.045279502868652,
  "umap2": 2.174823045730591
}