{
  "umap1": 0.0205060416484093,
  "umap2": 0.6969914502926938
}