{
  "No direct optim ancestor": "None",
  "umap1": 0.17477002144406195,
  "umap2": 0.047454079495947044
}