{
  "umap1": 0.2229825166884467,
  "umap2": 0.6850070723584922
}