{
  "umap1": 11.157003402709961,
  "umap2": 1.86166250705719
}