{
  "No direct optim ancestor": "None",
  "umap1": 0.8863773146261743,
  "umap2": 0.7737061821873588
}