{
  "umap1": 0.335186706464459,
  "umap2": 0.18593825126288577
}