{
  "umap1": 13.577109336853027,
  "umap2": 4.294103622436523
}