{
  "umap1": 0.7000418297611647,
  "umap2": 0.764835562958117
}