{
  "umap1": 3.2031805515289307,
  "umap2": 10.197360038757324
}