{
  "umap1": 13.804550170898438,
  "umap2": 4.284474849700928
}