{
  "No direct optim ancestor": "None",
  "umap1": 0.40175497975277763,
  "umap2": 0.505851407444491
}