{
  "umap1": 0.6576985964409062,
  "umap2": 0.5648502690967918
}