{
  "umap1": 7.287055492401123,
  "umap2": 5.934389591217041
}