{
  "umap1": 2.7753522396087646,
  "umap2": 10.566457748413086
}