{
  "umap1": 0.7361781420067641,
  "umap2": 0.8497431982531775
}