{
  "umap1": 12.886079788208008,
  "umap2": 7.688260078430176
}