{
  "No direct optim ancestor": "None",
  "umap1": 0.17085975464609937,
  "umap2": 0.9822508077743761
}