{
  "umap1": 10.773477554321289,
  "umap2": 1.8751221895217896
}