{
  "umap1": 12.992281913757324,
  "umap2": 6.359436988830566
}