{
  "umap1": 11.792625427246094,
  "umap2": 4.418639659881592
}