{
  "umap1": 1.028784990310669,
  "umap2": 9.634532928466797
}