{
  "umap1": 0.477681319861312,
  "umap2": 0.6231392832823525
}