{
  "No direct optim ancestor": "None",
  "umap1": 0.5324044268347418,
  "umap2": 0.9576823470752297
}