{
  "umap1": 0.21454233016073476,
  "umap2": 0.38252696609861214
}