{
  "umap1": 11.07497787475586,
  "umap2": 3.9803128242492676
}