{
  "umap1": 3.173661470413208,
  "umap2": 10.36854076385498
}