{
  "umap1": 10.15878677368164,
  "umap2": 2.546177864074707
}