{
  "umap1": 0.21626600337618895,
  "umap2": 0.0465227952474484
}