{
  "No direct optim ancestor": "None",
  "umap1": 0.23383550323543967,
  "umap2": 0.19305346437885518
}