{
  "umap1": 14.103758811950684,
  "umap2": 3.826742649078369
}