{
  "No direct optim ancestor": "None",
  "umap1": 0.08068277817096348,
  "umap2": 0.6975893371341362
}