{
  "umap1": 0.9810131373879124,
  "umap2": 0.46043623933052746
}