{
  "No direct optim ancestor": "None",
  "umap1": 0.7096666690003883,
  "umap2": 0.5309141132457433
}