{
  "umap1": 0.506060884753516,
  "umap2": 0.8046253091568164
}