{
  "No direct optim ancestor": "None",
  "umap1": 0.6948708588671496,
  "umap2": 0.4942821418223712
}