{
  "umap1": 8.92354965209961,
  "umap2": 5.885167598724365
}