{
  "umap1": 0.6960300196789043,
  "umap2": 0.011258240604559266
}