{
  "umap1": 0.21385401889770494,
  "umap2": 0.9750592489803189
}