{
  "No direct optim ancestor": "None",
  "umap1": 0.9105046179040429,
  "umap2": 0.511786427594389
}