{
  "No direct optim ancestor": "None",
  "umap1": 0.25598196478803625,
  "umap2": 0.3161161100842613
}