{
  "umap1": 0.41569421239233195,
  "umap2": 0.3661975611338698
}