{
  "umap1": 0.49350844602927546,
  "umap2": 0.9068411899083942
}