{
  "umap1": 14.065613746643066,
  "umap2": 5.763526916503906
}