{
  "umap1": 0.390303190852496,
  "umap2": 0.22906279764029458
}