{
  "No direct optim ancestor": "None",
  "umap1": 0.8350212213607023,
  "umap2": 0.6626404822862164
}