{
  "umap1": 13.891839981079102,
  "umap2": 1.9692589044570923
}