{
  "No direct optim ancestor": "None",
  "umap1": 0.09997703724509555,
  "umap2": 0.5954646848946337
}