{
  "umap1": 0.9285591602095097,
  "umap2": 0.43935557797618563
}