{
  "umap1": 13.168107032775879,
  "umap2": 3.1032795906066895
}