{
  "umap1": 0.9046883568924177,
  "umap2": 0.18950860461118546
}