{
  "No direct optim ancestor": "None",
  "umap1": 0.42225551830707375,
  "umap2": 0.44020280778218346
}