{
  "umap1": 0.03449135133288728,
  "umap2": 0.21677339841496268
}