{
  "umap1": 12.230963706970215,
  "umap2": 3.8494081497192383
}