{
  "No direct optim ancestor": "None",
  "umap1": 0.5834087431611692,
  "umap2": 0.8796054489250598
}