{
  "umap1": 0.9575825333595276,
  "umap2": 9.583739280700684
}