{
  "umap1": 0.5930092005237614,
  "umap2": 0.40458092937147405
}