{
  "umap1": 2.922851085662842,
  "umap2": 10.612317085266113
}