{
  "umap1": 0.10701391630158863,
  "umap2": 0.18603628603881928
}