{
  "No direct optim ancestor": "None",
  "umap1": 0.030890923195844744,
  "umap2": 0.8057079371656954
}