{
  "umap1": 0.9178129405739873,
  "umap2": 0.16711245630191396
}