{
  "umap1": 10.463552474975586,
  "umap2": 2.588642120361328
}