{
  "umap1": 13.12389850616455,
  "umap2": 3.376922130584717
}