{
  "umap1": 0.5923986846203195,
  "umap2": 0.10308216015688232
}