{
  "umap1": 4.962764739990234,
  "umap2": 10.803973197937012
}