{
  "umap1": 0.7091126085410602,
  "umap2": 0.6274339340754019
}