{
  "No direct optim ancestor": "None",
  "umap1": 0.5404765412037972,
  "umap2": 0.660662455362634
}