{
  "umap1": 9.183273315429688,
  "umap2": 9.008644104003906
}