{
  "umap1": 0.05427668177475986,
  "umap2": 0.5163856103113884
}