{
  "umap1": 13.229774475097656,
  "umap2": 6.8719282150268555
}