{
  "umap1": 9.821249961853027,
  "umap2": 3.2222275733947754
}