{
  "umap1": 0.005687303979020952,
  "umap2": 0.3929300587073171
}