{
  "No direct optim ancestor": "None",
  "umap1": 0.09272198453868896,
  "umap2": 0.8076657795575204
}