{
  "umap1": 0.07392265687824073,
  "umap2": 0.24025562533903388
}