{
  "No direct optim ancestor": "None",
  "umap1": 0.08077299861922305,
  "umap2": 0.7259275802433933
}