{
  "umap1": 2.785742998123169,
  "umap2": 10.607105255126953
}