{
  "umap1": 0.0858460980490603,
  "umap2": 0.928675994209265
}