{
  "umap1": 0.18648278818580255,
  "umap2": 0.6678812285931971
}