{
  "umap1": 0.16244494138957255,
  "umap2": 0.750918145248917
}