{
  "No direct optim ancestor": "None",
  "umap1": 0.308227581766653,
  "umap2": 0.9179127288513759
}