{
  "umap1": 11.049150466918945,
  "umap2": 1.8230293989181519
}