{
  "No direct optim ancestor": "None",
  "umap1": 0.8338526608643209,
  "umap2": 0.9554816550081379
}