{
  "umap1": 0.7013202427609099,
  "umap2": 0.4406903929748045
}