{
  "umap1": 11.52248764038086,
  "umap2": 2.1373279094696045
}