{
  "No direct optim ancestor": "None",
  "umap1": 0.8696426071172352,
  "umap2": 0.11484654388060811
}