{
  "umap1": 0.5489909615324908,
  "umap2": 0.9916015009333522
}