{
  "umap1": 10.684521675109863,
  "umap2": 2.4872305393218994
}