{
  "umap1": 10.75083065032959,
  "umap2": 1.780991554260254
}