{
  "umap1": 4.8702263832092285,
  "umap2": 10.890203475952148
}