{
  "umap1": 10.144668579101562,
  "umap2": 1.941172480583191
}