{
  "No direct optim ancestor": "None",
  "umap1": 0.7305856998019142,
  "umap2": 0.8419053388884645
}