{
  "umap1": 0.23055340134882463,
  "umap2": 0.04007013753060473
}