{
  "umap1": 10.836228370666504,
  "umap2": 2.567211151123047
}