{
  "umap1": 0.19191355245524677,
  "umap2": 0.3229080222251044
}