{
  "No direct optim ancestor": "None",
  "umap1": 0.9019727369568616,
  "umap2": 0.11208958144202641
}