{
  "umap1": 0.22152455805092996,
  "umap2": 0.19559741850240042
}