{
  "No direct optim ancestor": "None",
  "umap1": 0.9365172575031834,
  "umap2": 0.4152133058805866
}