{
  "umap1": 0.17350951841041884,
  "umap2": 0.8181553547530364
}