{
  "No direct optim ancestor": "None",
  "umap1": 0.8480779871763413,
  "umap2": 0.5618375985105899
}