{
  "umap1": 13.684316635131836,
  "umap2": 6.548033237457275
}