{
  "No direct optim ancestor": "None",
  "umap1": 0.23241257662516013,
  "umap2": 0.6102866540728674
}