{
  "umap1": 0.6098674268151655,
  "umap2": 0.5798974825931459
}