{
  "umap1": 11.9503812789917,
  "umap2": 4.145794868469238
}