{
  "No direct optim ancestor": "None",
  "umap1": 0.7663306259978415,
  "umap2": 0.053470403619263585
}