{
  "umap1": 0.7505306014398624,
  "umap2": 0.5090968943457179
}