{
  "umap1": 0.9210888851058596,
  "umap2": 0.780244010583358
}