{
  "No direct optim ancestor": "None",
  "umap1": 0.2490553085963607,
  "umap2": 0.5054249831356594
}