{
  "umap1": 0.25272327145952356,
  "umap2": 0.040682998410957905
}