{
  "No direct optim ancestor": "None",
  "umap1": 0.2684636074984029,
  "umap2": 0.48048660223451434
}