{
  "umap1": 0.9939264661128286,
  "umap2": 0.009558922409806048
}