{
  "umap1": 13.101727485656738,
  "umap2": 3.570136070251465
}