{
  "umap1": 12.064656257629395,
  "umap2": 3.436309337615967
}