{
  "umap1": 13.499735832214355,
  "umap2": 2.5241832733154297
}