{
  "umap1": 2.7029991149902344,
  "umap2": 10.643698692321777
}