{
  "umap1": 0.4768552606127029,
  "umap2": 0.029905045746928205
}