{
  "umap1": 3.641731023788452,
  "umap2": 9.958520889282227
}