{
  "umap1": 0.7361393256846874,
  "umap2": 0.5118749720717353
}