{
  "No direct optim ancestor": "None",
  "umap1": 0.9086325701111274,
  "umap2": 0.4999453853511957
}