{
  "umap1": 13.948592185974121,
  "umap2": 2.419217586517334
}