{
  "umap1": 0.4854016470716125,
  "umap2": 0.23216078843357812
}