{
  "No direct optim ancestor": "None",
  "umap1": 0.38238269328589225,
  "umap2": 0.9214485054385853
}