{
  "umap1": 8.59157657623291,
  "umap2": 7.909201622009277
}