{
  "umap1": 0.4509560588997985,
  "umap2": 0.21570006285378485
}