{
  "umap1": 12.718903541564941,
  "umap2": 6.941004753112793
}