{
  "No direct optim ancestor": "None",
  "umap1": 0.7411536126864968,
  "umap2": 0.7283093531406503
}