{
  "umap1": 0.08001514874631466,
  "umap2": 0.7729853259132571
}