{
  "umap1": 3.817410469055176,
  "umap2": 9.948351860046387
}