{
  "umap1": 0.8019657226097838,
  "umap2": 0.6517585185067727
}