{
  "umap1": 13.99516487121582,
  "umap2": 2.095889091491699
}