{
  "umap1": 0.08215817519390312,
  "umap2": 0.6940698837287884
}