{
  "umap1": 14.081933975219727,
  "umap2": 5.108625411987305
}