{
  "umap1": 0.06786376762187407,
  "umap2": 0.24106758790372462
}