{
  "No direct optim ancestor": "None",
  "umap1": 0.06602130086356395,
  "umap2": 0.9437324444678399
}