{
  "No direct optim ancestor": "None",
  "umap1": 0.6093849633769977,
  "umap2": 0.7185489105307481
}