{
  "umap1": 0.990530184526152,
  "umap2": 0.40219898099176365
}