{
  "umap1": 12.718514442443848,
  "umap2": 1.8229806423187256
}