{
  "umap1": 12.481108665466309,
  "umap2": 4.73068380355835
}