{
  "No direct optim ancestor": "None",
  "umap1": 0.32344546187897993,
  "umap2": 0.42579500763555467
}