{
  "umap1": 0.5691426977545877,
  "umap2": 0.06979631087761917
}