{
  "umap1": 8.335253715515137,
  "umap2": 7.263885498046875
}