{
  "umap1": 0.5244621291641333,
  "umap2": 0.24802706953648812
}