{
  "No direct optim ancestor": "None",
  "umap1": 0.5151249868430884,
  "umap2": 0.7979739408800958
}