{
  "umap1": 0.2711740540212052,
  "umap2": 0.24860266547354914
}