{
  "umap1": 9.990108489990234,
  "umap2": 4.148536682128906
}