{
  "No direct optim ancestor": "None",
  "umap1": 0.5697508007161529,
  "umap2": 0.4062297210785205
}