{
  "umap1": 11.904810905456543,
  "umap2": 3.1008777618408203
}