{
  "umap1": 0.37698479259356166,
  "umap2": 0.752638317727352
}