{
  "umap1": 0.9966683032724597,
  "umap2": 0.21068316861550251
}