{
  "umap1": 2.7890636920928955,
  "umap2": 10.656411170959473
}