{
  "No direct optim ancestor": "None",
  "umap1": 0.8991808207253636,
  "umap2": 0.9945346228472213
}