{
  "umap1": 0.6928523578005708,
  "umap2": 0.9026827008618258
}