{
  "umap1": 12.595754623413086,
  "umap2": 3.015700340270996
}