{
  "umap1": 0.05273900340014348,
  "umap2": 0.9966039579273077
}