{
  "umap1": 0.9681517525882256,
  "umap2": 0.3745455972374595
}