{
  "umap1": 1.0534197092056274,
  "umap2": 9.604180335998535
}