{
  "umap1": 12.574045181274414,
  "umap2": 4.633823871612549
}