{
  "umap1": 0.7344027986228153,
  "umap2": 0.8475126119559067
}