{
  "No direct optim ancestor": "None",
  "umap1": 0.832586091122176,
  "umap2": 0.5997783427148549
}