{
  "umap1": 9.32502269744873,
  "umap2": 3.6233971118927
}