{
  "umap1": 3.0508170127868652,
  "umap2": 10.567026138305664
}