{
  "umap1": 3.47072696685791,
  "umap2": 10.015302658081055
}