{
  "umap1": 0.24824640138198228,
  "umap2": 0.32389490328504267
}