{
  "umap1": 10.865578651428223,
  "umap2": 5.1176934242248535
}