{
  "umap1": 14.15285587310791,
  "umap2": 3.3755879402160645
}