{
  "umap1": 13.177453994750977,
  "umap2": 4.497629165649414
}