{
  "umap1": 12.831526756286621,
  "umap2": 3.105377197265625
}