{
  "umap1": 0.7870466892539506,
  "umap2": 0.6763394179453566
}