{
  "No direct optim ancestor": "None",
  "umap1": 0.35176009601997227,
  "umap2": 0.37427511263733937
}