{
  "umap1": 8.588376998901367,
  "umap2": 7.924278259277344
}