{
  "umap1": 0.5278427738179172,
  "umap2": 0.4497996777130373
}