{
  "umap1": 2.7787094116210938,
  "umap2": 10.438802719116211
}