{
  "umap1": 12.187464714050293,
  "umap2": 4.007848739624023
}