{
  "umap1": 0.46844781249714595,
  "umap2": 0.05959070545455103
}