{
  "No direct optim ancestor": "None",
  "umap1": 0.703548890707114,
  "umap2": 0.38753778703826514
}