{
  "No direct optim ancestor": "None",
  "umap1": 0.8100863227149951,
  "umap2": 0.22892895799436663
}