{
  "umap1": 0.6743926272900368,
  "umap2": 0.24665292739534694
}