{
  "umap1": 4.9567413330078125,
  "umap2": 10.779040336608887
}