{
  "umap1": 0.6936322000267532,
  "umap2": 0.20721088858949732
}