{
  "umap1": 9.069629669189453,
  "umap2": 7.011133193969727
}