{
  "umap1": 7.305005073547363,
  "umap2": 5.887174129486084
}