{
  "No direct optim ancestor": "None",
  "umap1": 0.7741522963825717,
  "umap2": 0.6455925259218537
}