{
  "umap1": 0.30877506408917577,
  "umap2": 0.15129992233495615
}