{
  "umap1": 11.360808372497559,
  "umap2": 1.82107412815094
}