{
  "umap1": 1.0531699657440186,
  "umap2": 9.615724563598633
}