{
  "umap1": 11.19288444519043,
  "umap2": 2.1676619052886963
}