{
  "umap1": 0.6193797815672046,
  "umap2": 0.89085319775668
}