{
  "No direct optim ancestor": "None",
  "umap1": 0.09174170334409093,
  "umap2": 0.012432683587400128
}