{
  "No direct optim ancestor": "None",
  "umap1": 0.6097897879691981,
  "umap2": 0.5409817217361589
}