{
  "umap1": 0.730039347768184,
  "umap2": 0.0839439688325303
}