{
  "umap1": 1.077528476715088,
  "umap2": 9.679872512817383
}