{
  "umap1": 0.8923885039533664,
  "umap2": 0.09431106006998913
}