{
  "umap1": 0.9739621670116194,
  "umap2": 0.3292650836862798
}