{
  "umap1": 11.07056713104248,
  "umap2": 3.111604928970337
}