{
  "No direct optim ancestor": "None",
  "umap1": 0.7928985654328241,
  "umap2": 0.20399269279864318
}