{
  "umap1": 2.906702995300293,
  "umap2": 10.429327011108398
}