{
  "umap1": 13.064929008483887,
  "umap2": 2.622084856033325
}