{
  "No direct optim ancestor": "None",
  "umap1": 0.8752103452501724,
  "umap2": 0.5673228182246595
}