{
  "umap1": 0.3187830902557367,
  "umap2": 0.7892585919454262
}