{
  "umap1": 0.7846697949834228,
  "umap2": 0.9376954579896644
}