{
  "No direct optim ancestor": "None",
  "umap1": 0.360143619323376,
  "umap2": 0.5951350854954823
}