{
  "umap1": 9.513985633850098,
  "umap2": 2.6565375328063965
}