{
  "No direct optim ancestor": "None",
  "umap1": 0.7540312547855836,
  "umap2": 0.7456172460183345
}