{
  "umap1": 0.6780744583484947,
  "umap2": 0.7152740336608534
}