{
  "umap1": 9.328258514404297,
  "umap2": 3.0913500785827637
}