{
  "umap1": 0.6737801991850133,
  "umap2": 0.1749701879907457
}