{
  "No direct optim ancestor": "None",
  "umap1": 0.13912266517892447,
  "umap2": 0.6684251396938793
}