{
  "umap1": 13.182732582092285,
  "umap2": 6.81507682800293
}