{
  "umap1": 0.668416245235377,
  "umap2": 0.9906613649143752
}