{
  "No direct optim ancestor": "None",
  "umap1": 0.2168366505831133,
  "umap2": 0.5214540870933694
}