{
  "umap1": 0.10555461793859378,
  "umap2": 0.1470040171450131
}