{
  "No direct optim ancestor": "None",
  "umap1": 0.449143586785388,
  "umap2": 0.9067582309017985
}