{
  "umap1": 11.958497047424316,
  "umap2": 6.705008506774902
}