{
  "umap1": 12.819211959838867,
  "umap2": 3.685668468475342
}