{
  "umap1": 3.392475128173828,
  "umap2": 10.069465637207031
}