{
  "umap1": 12.724626541137695,
  "umap2": 3.852324962615967
}