{
  "umap1": 0.6359504974495206,
  "umap2": 0.7170008172974287
}