{
  "umap1": 9.516215324401855,
  "umap2": 2.9723596572875977
}