{
  "No direct optim ancestor": "None",
  "umap1": 0.6097530925914089,
  "umap2": 0.20095741951132506
}