{
  "No direct optim ancestor": "None",
  "umap1": 0.5044375638870024,
  "umap2": 0.26836326513011877
}