{
  "umap1": 0.8191645279731656,
  "umap2": 0.4606924993525128
}