{
  "umap1": 10.641679763793945,
  "umap2": 2.58250093460083
}