{
  "umap1": 0.8244700810763942,
  "umap2": 0.6102788032954087
}