{
  "umap1": 1.026383399963379,
  "umap2": 9.700434684753418
}