{
  "umap1": 0.3188140164803377,
  "umap2": 0.29712160469217297
}