{
  "umap1": 12.553000450134277,
  "umap2": 3.570951461791992
}