{
  "No direct optim ancestor": "None",
  "umap1": 0.48567153489318726,
  "umap2": 0.5320828181060805
}