{
  "umap1": 13.015408515930176,
  "umap2": 3.2607452869415283
}