{
  "umap1": 8.768988609313965,
  "umap2": 5.715755939483643
}