{
  "No direct optim ancestor": "None",
  "umap1": 0.20248941851773972,
  "umap2": 0.2881516883614944
}