{
  "umap1": 0.2695347900120607,
  "umap2": 0.8427777575871064
}