{
  "umap1": 5.008278846740723,
  "umap2": 10.75383472442627
}