{
  "umap1": 0.14139416015098782,
  "umap2": 0.3928218362091066
}