{
  "umap1": 0.9746659566220771,
  "umap2": 0.6087997833052206
}