{
  "umap1": 14.034629821777344,
  "umap2": 6.0787177085876465
}