{
  "umap1": 0.996101305824377,
  "umap2": 0.28390816011966846
}