{
  "umap1": 13.10511589050293,
  "umap2": 2.9057581424713135
}