{
  "umap1": 10.522537231445312,
  "umap2": 3.9251649379730225
}