{
  "No direct optim ancestor": "None",
  "umap1": 0.8848968870769202,
  "umap2": 0.6363781255275698
}