{
  "umap1": 0.7051237827814162,
  "umap2": 0.6610334284603782
}