{
  "umap1": 8.78231430053711,
  "umap2": 2.972541332244873
}