{
  "umap1": 0.9643042859070005,
  "umap2": 0.24743162768916627
}