{
  "umap1": 11.207501411437988,
  "umap2": 1.4260059595108032
}