{
  "No direct optim ancestor": "None",
  "umap1": 0.15093819849755197,
  "umap2": 0.07493125731923778
}