{
  "umap1": 0.9724664984821801,
  "umap2": 0.5052311659649565
}