{
  "umap1": 3.778184175491333,
  "umap2": 10.075342178344727
}