{
  "umap1": 0.18798008098993368,
  "umap2": 0.05351384865804165
}