{
  "umap1": 0.4091748561933575,
  "umap2": 0.2912626131668318
}