{
  "No direct optim ancestor": "None",
  "umap1": 0.2772727709500912,
  "umap2": 0.8241347350033551
}