{
  "No direct optim ancestor": "None",
  "umap1": 0.8389173087900325,
  "umap2": 0.7842391327740182
}