{
  "umap1": 0.9957652094699874,
  "umap2": 0.9944108432855152
}