{
  "umap1": 11.504460334777832,
  "umap2": 7.387413024902344
}