{
  "No direct optim ancestor": "None",
  "umap1": 0.5720905709786501,
  "umap2": 0.08101121001050449
}