{
  "umap1": 0.9876622008540332,
  "umap2": 0.6355945652852587
}