{
  "No direct optim ancestor": "None",
  "umap1": 0.7761712494118191,
  "umap2": 0.8060873413927477
}