{
  "umap1": 11.180583000183105,
  "umap2": 1.8033396005630493
}