{
  "umap1": 0.467891844596801,
  "umap2": 0.9901803772734524
}