{
  "umap1": 0.5183117553041189,
  "umap2": 0.9394760237952761
}