{
  "umap1": 0.9259000591003108,
  "umap2": 0.7611304268999475
}