{
  "umap1": 3.5346052646636963,
  "umap2": 10.381916046142578
}