{
  "umap1": 11.922391891479492,
  "umap2": 2.925388813018799
}