{
  "umap1": 10.863667488098145,
  "umap2": 4.131992340087891
}