{
  "umap1": 0.7483566929095764,
  "umap2": 0.8996279969289567
}