{
  "umap1": 0.21710389192572233,
  "umap2": 0.09557840267413031
}