{
  "umap1": 4.921113014221191,
  "umap2": 10.840734481811523
}