{
  "umap1": 0.9927007120104733,
  "umap2": 0.7660840208851485
}