{
  "umap1": 11.582515716552734,
  "umap2": 4.334628105163574
}