{
  "No direct optim ancestor": "None",
  "umap1": 0.880436456794671,
  "umap2": 0.336168017558904
}