{
  "umap1": 0.10599058097202829,
  "umap2": 0.9258411582783954
}