{
  "umap1": 0.26304581698013896,
  "umap2": 0.010761470135712381
}