{
  "umap1": 3.257336378097534,
  "umap2": 10.485349655151367
}