{
  "No direct optim ancestor": "None",
  "umap1": 0.8185602346057047,
  "umap2": 0.8682887172269632
}