{
  "umap1": 0.16753299940800492,
  "umap2": 0.522654995094069
}