{
  "No direct optim ancestor": "None",
  "umap1": 0.04361646961373089,
  "umap2": 0.29373178876903816
}