{
  "umap1": 0.05145315807652573,
  "umap2": 0.8432543797000834
}