{
  "umap1": 11.087185859680176,
  "umap2": 2.438184976577759
}