{
  "umap1": 9.18535327911377,
  "umap2": 6.09763240814209
}