{
  "No direct optim ancestor": "None",
  "umap1": 0.7181760137697188,
  "umap2": 0.8196400918351947
}