{
  "umap1": 0.2633436942725942,
  "umap2": 0.3409076199686111
}