{
  "umap1": 3.402880907058716,
  "umap2": 9.923792839050293
}