{
  "umap1": 8.577776908874512,
  "umap2": 3.2225136756896973
}