{
  "No direct optim ancestor": "None",
  "umap1": 0.22086358536512252,
  "umap2": 0.9814718530637594
}