{
  "umap1": 0.802242314319414,
  "umap2": 0.2313983542894662
}