{
  "umap1": 10.690311431884766,
  "umap2": 1.383769154548645
}