{
  "umap1": 9.951322555541992,
  "umap2": 2.820955514907837
}