{
  "No direct optim ancestor": "None",
  "umap1": 0.8446081258817383,
  "umap2": 0.9134465547178245
}