{
  "umap1": 0.6010025118909288,
  "umap2": 0.6588860455893135
}