{
  "umap1": 2.7504780292510986,
  "umap2": 10.551280975341797
}