{
  "umap1": 0.3649552128267204,
  "umap2": 0.9500283203324391
}