{
  "umap1": 0.19672923123737707,
  "umap2": 0.37863334152924166
}