{
  "umap1": 10.550444602966309,
  "umap2": 2.053272247314453
}