{
  "umap1": 11.114330291748047,
  "umap2": 3.2092339992523193
}