{
  "No direct optim ancestor": "None",
  "umap1": 0.4735773242999466,
  "umap2": 0.8783864809559674
}