{
  "umap1": 13.555574417114258,
  "umap2": 3.140429735183716
}