{
  "umap1": 0.45307609027369167,
  "umap2": 0.7285135492093938
}