{
  "umap1": 10.389152526855469,
  "umap2": 4.9403581619262695
}