{
  "umap1": 11.216124534606934,
  "umap2": 1.4389796257019043
}