{
  "umap1": 8.499688148498535,
  "umap2": 4.737748146057129
}