{
  "umap1": 0.14685658456897055,
  "umap2": 0.81291222006882
}