{
  "No direct optim ancestor": "None",
  "umap1": 0.5129527624149649,
  "umap2": 0.7658938587467794
}