{
  "No direct optim ancestor": "None",
  "umap1": 0.7039969803982494,
  "umap2": 0.748357496881439
}