{
  "umap1": 0.09965942074599343,
  "umap2": 0.8692430539884178
}