{
  "No direct optim ancestor": "None",
  "umap1": 0.8669894157375698,
  "umap2": 0.21438394106429426
}