{
  "umap1": 0.8184614633297705,
  "umap2": 0.9156343527498121
}