{
  "umap1": 0.05605393632251632,
  "umap2": 0.5538443533862539
}