{
  "umap1": 3.2799477577209473,
  "umap2": 10.498359680175781
}