{
  "umap1": 12.15153980255127,
  "umap2": 3.6876187324523926
}