{
  "umap1": 3.911818504333496,
  "umap2": 9.828741073608398
}