{
  "umap1": 0.27774861702042564,
  "umap2": 0.8663119190561785
}