{
  "umap1": 14.034675598144531,
  "umap2": 6.380039215087891
}