{
  "No direct optim ancestor": "None",
  "umap1": 0.7914594077737203,
  "umap2": 0.1250026112708642
}