{
  "umap1": 0.2856953397899301,
  "umap2": 0.9839741055418391
}