{
  "No direct optim ancestor": "None",
  "umap1": 0.876848490710909,
  "umap2": 0.32354786699875293
}