{
  "umap1": 13.476277351379395,
  "umap2": 2.667307138442993
}