{
  "No direct optim ancestor": "None",
  "umap1": 0.13013810852767171,
  "umap2": 0.3092618260957558
}