{
  "umap1": 0.41782457820187535,
  "umap2": 0.4662494979587617
}