{
  "umap1": 4.93873929977417,
  "umap2": 10.823793411254883
}