{
  "umap1": 0.5317023071309858,
  "umap2": 0.2255487744724186
}