{
  "umap1": 14.027897834777832,
  "umap2": 2.5239553451538086
}