{
  "No direct optim ancestor": "None",
  "umap1": 0.7260735590386785,
  "umap2": 0.5510799408521199
}