{
  "umap1": 11.530172348022461,
  "umap2": 5.988953590393066
}