{
  "umap1": 0.3752438041521746,
  "umap2": 0.1784342758407501
}