{
  "umap1": 12.032894134521484,
  "umap2": 3.464358329772949
}