{
  "umap1": 0.9644020642001486,
  "umap2": 0.48547433729579426
}