{
  "No direct optim ancestor": "None",
  "umap1": 0.25538963792010694,
  "umap2": 0.6474950526991732
}