{
  "No direct optim ancestor": "None",
  "umap1": 0.02162277539479518,
  "umap2": 0.32630235745022573
}