{
  "umap1": 12.511070251464844,
  "umap2": 3.9133355617523193
}