{
  "umap1": 0.0048722959538625155,
  "umap2": 0.5498758015810752
}