{
  "umap1": 12.75811767578125,
  "umap2": 7.099135875701904
}