{
  "umap1": 0.1139861647076077,
  "umap2": 0.09163142163930582
}