{
  "umap1": 0.916649942226598,
  "umap2": 0.3525637185931616
}