{
  "umap1": 13.932332038879395,
  "umap2": 5.557370185852051
}