{
  "No direct optim ancestor": "None",
  "umap1": 0.12108621907882089,
  "umap2": 0.44650742863226134
}