{
  "umap1": 0.06436972400800878,
  "umap2": 0.10195443062264631
}