{
  "umap1": 0.8888175471206957,
  "umap2": 0.9153779315734265
}