{
  "umap1": 1.1689361333847046,
  "umap2": 9.856322288513184
}