{
  "umap1": 1.3413424491882324,
  "umap2": 9.999375343322754
}