{
  "umap1": 0.7845127436260291,
  "umap2": 0.6157925372979619
}