{
  "umap1": 0.24903450744940903,
  "umap2": 0.6804375068867327
}