{
  "No direct optim ancestor": "None",
  "umap1": 0.10747279448116442,
  "umap2": 0.5855661185519229
}