{
  "umap1": 11.463739395141602,
  "umap2": 1.4841902256011963
}