{
  "umap1": 2.661278247833252,
  "umap2": 10.704930305480957
}