{
  "umap1": 10.860281944274902,
  "umap2": 2.1470134258270264
}