{
  "umap1": 10.453509330749512,
  "umap2": 1.2969282865524292
}