{
  "No direct optim ancestor": "None",
  "umap1": 0.9073359480793584,
  "umap2": 0.5226302452532772
}