{
  "umap1": 0.6892679768544365,
  "umap2": 0.23307013097069507
}