{
  "umap1": 14.035648345947266,
  "umap2": 5.3324294090271
}