{
  "umap1": 0.8332971922065602,
  "umap2": 0.38902692586134924
}