{
  "umap1": 10.424886703491211,
  "umap2": 2.788602352142334
}