{
  "umap1": 8.345747947692871,
  "umap2": 7.2555036544799805
}