{
  "umap1": 0.620215831564708,
  "umap2": 0.22347215606837056
}