{
  "No direct optim ancestor": "None",
  "umap1": 0.6175636662694668,
  "umap2": 0.23518922875847403
}