{
  "umap1": 0.6942576853234271,
  "umap2": 0.10868772080414646
}