{
  "umap1": 11.093908309936523,
  "umap2": 1.7623590230941772
}