{
  "umap1": 0.1516237529053942,
  "umap2": 0.2467514774218904
}