{
  "No direct optim ancestor": "None",
  "umap1": 0.47589721561946197,
  "umap2": 0.36150920693174826
}