{
  "umap1": 12.247339248657227,
  "umap2": 3.526520013809204
}