{
  "umap1": 8.381951332092285,
  "umap2": 7.3009724617004395
}