{
  "umap1": 0.23122260718494492,
  "umap2": 0.07743494780723525
}