{
  "No direct optim ancestor": "None",
  "umap1": 0.29681241165931294,
  "umap2": 0.5291943308605658
}