{
  "umap1": 12.838624954223633,
  "umap2": 2.3137927055358887
}