{
  "umap1": 2.989003896713257,
  "umap2": 10.613595008850098
}