{
  "umap1": 12.70806884765625,
  "umap2": 4.348726749420166
}