{
  "No direct optim ancestor": "None",
  "umap1": 0.017078659310506783,
  "umap2": 0.1685965859736096
}