{
  "umap1": 0.8209348585993798,
  "umap2": 0.27460313683405035
}