{
  "umap1": 10.130207061767578,
  "umap2": 1.434151530265808
}