{
  "umap1": 0.2839660886281855,
  "umap2": 0.22647257298717127
}