{
  "umap1": 9.186741828918457,
  "umap2": 6.86688756942749
}