{
  "umap1": 8.271768569946289,
  "umap2": 6.806915283203125
}