{
  "umap1": 0.8441867902887731,
  "umap2": 0.7751744435047686
}