{
  "umap1": 9.663987159729004,
  "umap2": 2.456441640853882
}