{
  "umap1": 0.20190968639558848,
  "umap2": 0.9279808826239656
}