{
  "No direct optim ancestor": "None",
  "umap1": 0.6342219253806715,
  "umap2": 0.6822608917076822
}