{
  "umap1": 0.785636267113964,
  "umap2": 0.4903429635254891
}