{
  "umap1": 12.53572940826416,
  "umap2": 6.681942939758301
}