{
  "umap1": 11.612772941589355,
  "umap2": 1.474116325378418
}