{
  "umap1": 0.9685154137135313,
  "umap2": 0.50394700430723
}