{
  "No direct optim ancestor": "None",
  "umap1": 0.42117694719280474,
  "umap2": 0.6258399739757788
}