{
  "umap1": 4.992424011230469,
  "umap2": 10.760234832763672
}