{
  "umap1": 3.432913303375244,
  "umap2": 9.965582847595215
}