{
  "umap1": 0.5318443579109045,
  "umap2": 0.04036521254361258
}