{
  "umap1": 0.7876257560384109,
  "umap2": 0.5213456886123254
}