{
  "No direct optim ancestor": "None",
  "umap1": 0.30753649884014433,
  "umap2": 0.046140320087618814
}