{
  "umap1": 0.5052413665211626,
  "umap2": 0.004596121416816423
}