{
  "umap1": 3.9238533973693848,
  "umap2": 9.947907447814941
}