{
  "umap1": 1.3696424961090088,
  "umap2": 10.071686744689941
}