{
  "umap1": 0.02305098558125085,
  "umap2": 0.025225677078540953
}