{
  "umap1": 0.9326456347719395,
  "umap2": 0.38068481411021404
}