{
  "No direct optim ancestor": "None",
  "umap1": 0.49339907286015083,
  "umap2": 0.8037577869345407
}