{
  "umap1": 13.120821952819824,
  "umap2": 3.218402147293091
}