{
  "umap1": 0.1376104632188826,
  "umap2": 0.1977685092971021
}