{
  "No direct optim ancestor": "None",
  "umap1": 0.11280586012745497,
  "umap2": 0.597565647194261
}