{
  "umap1": 0.35891052867038786,
  "umap2": 0.3220609502894074
}