{
  "umap1": 12.302967071533203,
  "umap2": 5.041365623474121
}