{
  "No direct optim ancestor": "None",
  "umap1": 0.07553063526329185,
  "umap2": 0.1393300602682902
}