{
  "umap1": 0.5387211588643952,
  "umap2": 0.5671046624816305
}