{
  "No direct optim ancestor": "None",
  "umap1": 0.8126594922924362,
  "umap2": 0.741888636460137
}