{
  "umap1": 0.14850675349636488,
  "umap2": 0.9129838303054654
}