{
  "umap1": 10.957723617553711,
  "umap2": 1.529263973236084
}