{
  "No direct optim ancestor": "None",
  "umap1": 0.6140980788683865,
  "umap2": 0.337007524908814
}