{
  "umap1": 3.82027268409729,
  "umap2": 10.074045181274414
}