{
  "umap1": 13.998583793640137,
  "umap2": 1.9166028499603271
}