{
  "umap1": 10.343094825744629,
  "umap2": 6.203577995300293
}