{
  "umap1": 0.8472391008244161,
  "umap2": 0.8726993455522662
}