{
  "No direct optim ancestor": "None",
  "umap1": 0.9462288196964702,
  "umap2": 0.2552682860083981
}