{
  "umap1": 11.796274185180664,
  "umap2": 2.867706060409546
}