{
  "umap1": 10.653875350952148,
  "umap2": 2.2764320373535156
}