{
  "umap1": 0.6792949499274233,
  "umap2": 0.9206056341323107
}