{
  "No direct optim ancestor": "None",
  "umap1": 0.6521431891865528,
  "umap2": 0.532455703434856
}