{
  "umap1": 12.510906219482422,
  "umap2": 2.566375970840454
}