{
  "umap1": 0.5536491219905773,
  "umap2": 0.11395181725656434
}