{
  "No direct optim ancestor": "None",
  "umap1": 0.3016547160763614,
  "umap2": 0.4022637624502352
}