{
  "umap1": 13.142691612243652,
  "umap2": 6.225161552429199
}