{
  "umap1": 0.44767668372708525,
  "umap2": 0.21028072926959496
}