{
  "umap1": 14.163588523864746,
  "umap2": 6.280762195587158
}