{
  "umap1": 13.113553047180176,
  "umap2": 3.237887382507324
}