{
  "No direct optim ancestor": "None",
  "umap1": 0.44625520342576985,
  "umap2": 0.5703712480976288
}