{
  "umap1": 0.678292642315601,
  "umap2": 0.17784158312099752
}