{
  "umap1": 13.618709564208984,
  "umap2": 5.49979305267334
}