{
  "umap1": 0.5157772572459935,
  "umap2": 0.080286484660127
}