{
  "umap1": 9.34815502166748,
  "umap2": 3.678866386413574
}