{
  "No direct optim ancestor": "None",
  "umap1": 0.5361579578174159,
  "umap2": 0.4795532422314531
}