{
  "umap1": 0.2467751092143311,
  "umap2": 0.15400280236063102
}