{
  "No direct optim ancestor": "None",
  "umap1": 0.47582471829296447,
  "umap2": 0.3526239903334383
}