{
  "umap1": 0.9519161332529708,
  "umap2": 0.159026171296354
}