{
  "umap1": 13.833634376525879,
  "umap2": 6.889864444732666
}