{
  "umap1": 9.067872047424316,
  "umap2": 4.91513729095459
}