{
  "umap1": 0.6601078210955174,
  "umap2": 0.04010727370690448
}