{
  "No direct optim ancestor": "None",
  "umap1": 0.7430810917129265,
  "umap2": 0.01376414509963697
}