{
  "umap1": 11.03190803527832,
  "umap2": 1.5900883674621582
}