{
  "No direct optim ancestor": "None",
  "umap1": 0.3620508985288625,
  "umap2": 0.08604921447532554
}