{
  "umap1": 0.30356280712432737,
  "umap2": 0.3299349563381234
}