{
  "umap1": 11.961021423339844,
  "umap2": 1.8962228298187256
}