{
  "umap1": 13.527933120727539,
  "umap2": 4.933889389038086
}