{
  "umap1": 0.6455211180371748,
  "umap2": 0.10321703582357344
}