{
  "No direct optim ancestor": "None",
  "umap1": 0.14251888784502897,
  "umap2": 0.2389836799856664
}