{
  "umap1": 2.6239724159240723,
  "umap2": 10.611499786376953
}