{
  "umap1": 8.7255220413208,
  "umap2": 3.5593318939208984
}