{
  "umap1": 0.6786887562154496,
  "umap2": 0.7267444916815912
}