{
  "No direct optim ancestor": "None",
  "umap1": 0.026791460876301576,
  "umap2": 0.9228255254040465
}