{
  "umap1": 10.041668891906738,
  "umap2": 4.69992208480835
}