{
  "umap1": 13.310792922973633,
  "umap2": 3.4164016246795654
}