{
  "umap1": 0.4232894968512566,
  "umap2": 0.9033095734724346
}