{
  "No direct optim ancestor": "None",
  "umap1": 0.7122636458628333,
  "umap2": 0.49868349439626336
}