{
  "umap1": 0.1096428357167687,
  "umap2": 0.004295252018484241
}