{
  "No direct optim ancestor": "None",
  "umap1": 0.7343814211464776,
  "umap2": 0.30684762140998256
}