{
  "umap1": 9.444989204406738,
  "umap2": 1.8607206344604492
}