{
  "No direct optim ancestor": "None",
  "umap1": 0.0015373343571382092,
  "umap2": 0.48118284059886496
}