{
  "umap1": 0.5387571250381213,
  "umap2": 0.0806230593195496
}