{
  "umap1": 0.31491298276083945,
  "umap2": 0.44205356640348215
}