{
  "No direct optim ancestor": "None",
  "umap1": 0.6593152244420932,
  "umap2": 0.07926092496578618
}