{
  "No direct optim ancestor": "None",
  "umap1": 0.1489891700661452,
  "umap2": 0.709758161897518
}