{
  "umap1": 0.2966638289596377,
  "umap2": 0.141897455988502
}