{
  "No direct optim ancestor": "None",
  "umap1": 0.19698996496878207,
  "umap2": 0.22740916127124267
}