{
  "umap1": 0.24945406250004754,
  "umap2": 0.7787662966975446
}