{
  "umap1": 4.880036354064941,
  "umap2": 10.869189262390137
}