{
  "umap1": 0.6469847379393824,
  "umap2": 0.566442640583845
}