{
  "umap1": 0.32361322458814434,
  "umap2": 0.3724694092993823
}