{
  "umap1": 12.533069610595703,
  "umap2": 7.148390293121338
}