{
  "No direct optim ancestor": "None",
  "umap1": 0.0864294688460081,
  "umap2": 0.7075934082297403
}