{
  "umap1": 0.5459274992350045,
  "umap2": 0.8775784465347708
}