{
  "umap1": 0.488226078494855,
  "umap2": 0.23181695257523494
}