{
  "No direct optim ancestor": "None",
  "umap1": 0.049209786464158634,
  "umap2": 0.921133856836629
}