{
  "umap1": 0.6213318955382128,
  "umap2": 0.5452958419923751
}