{
  "No direct optim ancestor": "None",
  "umap1": 0.7735029697399107,
  "umap2": 0.47584453037179497
}