{
  "No direct optim ancestor": "None",
  "umap1": 0.09152123104110577,
  "umap2": 0.7416186815755318
}