{
  "umap1": 0.6165471888353596,
  "umap2": 0.8030274574005078
}