{
  "umap1": 12.278157234191895,
  "umap2": 2.0274174213409424
}