{
  "No direct optim ancestor": "None",
  "umap1": 0.37197600350532145,
  "umap2": 0.1515320467980067
}