{
  "umap1": 0.849126581371225,
  "umap2": 0.926177474426829
}