{
  "umap1": 13.562604904174805,
  "umap2": 5.472464561462402
}