{
  "umap1": 0.9323617683233676,
  "umap2": 0.04126559559942389
}