{
  "umap1": 8.06240177154541,
  "umap2": 8.860785484313965
}