{
  "umap1": 11.006966590881348,
  "umap2": 2.008131742477417
}