{
  "umap1": 13.934170722961426,
  "umap2": 1.998295545578003
}