{
  "umap1": 0.6624895236993353,
  "umap2": 0.5916300439449694
}