{
  "No direct optim ancestor": "None",
  "umap1": 0.36797264039016697,
  "umap2": 0.8874389566786567
}