{
  "umap1": 0.4892810984964928,
  "umap2": 0.7974467080662084
}