{
  "umap1": 0.5020065610773582,
  "umap2": 0.6132134702174794
}