{
  "No direct optim ancestor": "None",
  "umap1": 0.97514969564216,
  "umap2": 0.5390280237069421
}