{
  "No direct optim ancestor": "None",
  "umap1": 0.7623398847224879,
  "umap2": 0.11954619098270391
}