{
  "umap1": 0.5153298465366243,
  "umap2": 0.9307881069182646
}