{
  "No direct optim ancestor": "None",
  "umap1": 0.2467033629984673,
  "umap2": 0.23628324194504935
}