{
  "umap1": 0.36748554080681695,
  "umap2": 0.25902252592594577
}