{
  "umap1": 12.331293106079102,
  "umap2": 3.03059458732605
}