{
  "umap1": 3.061105251312256,
  "umap2": 10.549256324768066
}