{
  "umap1": 7.65521240234375,
  "umap2": 5.674551963806152
}