{
  "umap1": 8.042641639709473,
  "umap2": 8.8451509475708
}