{
  "umap1": 9.486286163330078,
  "umap2": 3.326098918914795
}