{
  "umap1": 10.599536895751953,
  "umap2": 1.3021416664123535
}