{
  "umap1": 0.006985789260564479,
  "umap2": 0.5159578740377903
}