{
  "umap1": 11.904004096984863,
  "umap2": 2.5679211616516113
}