{
  "umap1": 0.7078905040491751,
  "umap2": 0.39089735468536835
}