{
  "No direct optim ancestor": "None",
  "umap1": 0.47399065393405626,
  "umap2": 0.05399905355749812
}