{
  "umap1": 12.832890510559082,
  "umap2": 7.11801290512085
}