{
  "No direct optim ancestor": "None",
  "umap1": 0.8274280362564462,
  "umap2": 0.18468265055447652
}