{
  "umap1": 0.5419189913471002,
  "umap2": 0.7051392177345117
}