{
  "umap1": 10.118120193481445,
  "umap2": 3.0349390506744385
}