{
  "No direct optim ancestor": "None",
  "umap1": 0.2663519490018714,
  "umap2": 0.38320427588887396
}