{
  "umap1": 0.6970580562854148,
  "umap2": 0.4057828153199673
}