{
  "umap1": 0.7261739477508355,
  "umap2": 0.2082465799449429
}