{
  "umap1": 2.725750207901001,
  "umap2": 10.671442031860352
}