{
  "umap1": 0.16887671069202215,
  "umap2": 0.5221623591979443
}