{
  "No direct optim ancestor": "None",
  "umap1": 0.9897161628559527,
  "umap2": 0.025828568943427777
}