{
  "umap1": 9.245109558105469,
  "umap2": 4.977781295776367
}