{
  "umap1": 12.208630561828613,
  "umap2": 7.050397872924805
}