{
  "No direct optim ancestor": "None",
  "umap1": 0.6497821024674844,
  "umap2": 0.45438159191202265
}