{
  "umap1": 8.638710021972656,
  "umap2": 5.318110466003418
}