{
  "umap1": 0.8803940753727817,
  "umap2": 0.9183946951630653
}