{
  "umap1": 9.792655944824219,
  "umap2": 4.248216152191162
}