{
  "umap1": 0.8387936657215578,
  "umap2": 0.9958853620699838
}