{
  "No direct optim ancestor": "None",
  "umap1": 0.4460057235874896,
  "umap2": 0.022060452265876163
}