{
  "umap1": 11.887187957763672,
  "umap2": 1.7834386825561523
}