{
  "umap1": 7.844105243682861,
  "umap2": 5.639920234680176
}