{
  "umap1": 8.533397674560547,
  "umap2": 6.988265514373779
}