{
  "umap1": 11.143269538879395,
  "umap2": 1.8638664484024048
}