{
  "umap1": 0.9751875133084746,
  "umap2": 0.6109389969085289
}