{
  "No direct optim ancestor": "None",
  "umap1": 0.779693228762511,
  "umap2": 0.7306017048976723
}