{
  "umap1": 12.414982795715332,
  "umap2": 7.40070104598999
}