{
  "No direct optim ancestor": "None",
  "umap1": 0.6586806552040084,
  "umap2": 0.7456546949761924
}