{
  "umap1": 0.4916303044554716,
  "umap2": 0.9021936857611627
}