{
  "umap1": 0.7832351440911642,
  "umap2": 0.81960414993873,
  "Direct optim goal": "a photo of a smiley face"
}