{
  "Direct optim goal": "a photo of a smiley face",
  "umap1": 0.5323024877236227,
  "umap2": 0.7117491114314652
}