{
  "umap1": 0.12788472366868664,
  "umap2": 0.6066617393895339
}