{
  "umap1": 1.3957210779190063,
  "umap2": 10.02563762664795
}