{
  "umap1": 0.31023970193116734,
  "umap2": 0.8427405059861333
}