{
  "No direct optim ancestor": "None",
  "umap1": 0.2220115370653193,
  "umap2": 0.4532034846216608
}