{
  "umap1": 3.970966100692749,
  "umap2": 9.788412094116211
}