{
  "umap1": 9.639404296875,
  "umap2": 5.9369683265686035
}