{
  "umap1": 12.509553909301758,
  "umap2": 1.9297258853912354
}