{
  "No direct optim ancestor": "None",
  "umap1": 0.62283310203742,
  "umap2": 0.0707987946469879
}