{
  "umap1": 0.4751542923867774,
  "umap2": 0.23414904377318047
}