{
  "No direct optim ancestor": "None",
  "umap1": 0.7926979610727257,
  "umap2": 0.2559900410487028
}