{
  "umap1": 0.8120473458783011,
  "umap2": 0.6995151853019627
}