{
  "umap1": 0.23972707288873973,
  "umap2": 0.26306150521504323
}