{
  "No direct optim ancestor": "None",
  "umap1": 0.9929583780009756,
  "umap2": 0.8057741300255713
}