{
  "umap1": 0.33399240841059386,
  "umap2": 0.5520223411923602
}