{
  "umap1": 4.880127429962158,
  "umap2": 10.882484436035156
}