{
  "umap1": 7.353247165679932,
  "umap2": 5.853977203369141
}