{
  "umap1": 0.6687731828003556,
  "umap2": 0.23593401689355065,
  "Direct optim goal": "a photo of a red butterfly with green spotted wings"
}