{
  "umap1": 13.95728874206543,
  "umap2": 4.947347640991211
}