{
  "umap1": 0.1512391126353425,
  "umap2": 0.9264226984504892
}