{
  "No direct optim ancestor": "None",
  "umap1": 0.07730066106250866,
  "umap2": 0.7106044737440355
}