{
  "umap1": 0.016163360968726725,
  "umap2": 0.9497355366198499
}