{
  "No direct optim ancestor": "None",
  "umap1": 0.7536207821348306,
  "umap2": 0.830471433158572
}