{
  "umap1": 0.9981239745726689,
  "umap2": 0.15225074139445782
}