{
  "No direct optim ancestor": "None",
  "umap1": 0.4507991514394194,
  "umap2": 0.3464214513948968
}