{
  "umap1": 0.20251666452815864,
  "umap2": 0.26220928118458786
}