{
  "umap1": 9.948431968688965,
  "umap2": 6.1012725830078125
}