{
  "umap1": 3.865190267562866,
  "umap2": 9.85252571105957
}