{
  "umap1": 0.9504445043809077,
  "umap2": 0.26922554266645693
}