{
  "No direct optim ancestor": "None",
  "umap1": 0.2866853707118714,
  "umap2": 0.45510327937765516
}