{
  "umap1": 0.3949981409843084,
  "umap2": 0.46373929090686383
}