{
  "No direct optim ancestor": "None",
  "umap1": 0.4881841471747884,
  "umap2": 0.16918351852594493
}