{
  "umap1": 11.409280776977539,
  "umap2": 2.1138453483581543
}