{
  "umap1": 0.3919938879778002,
  "umap2": 0.41988264750016746
}