{
  "umap1": 0.25002665301087135,
  "umap2": 0.06214802447928369
}