{
  "No direct optim ancestor": "None",
  "umap1": 0.7963265516336553,
  "umap2": 0.7923345248781023
}