{
  "umap1": 13.901158332824707,
  "umap2": 5.479788780212402
}