{
  "umap1": 0.27090330193463064,
  "umap2": 0.8805760961855122
}