{
  "umap1": 1.004576325416565,
  "umap2": 9.741324424743652
}