{
  "umap1": 11.0285062789917,
  "umap2": 1.2562661170959473
}