{
  "umap1": 0.06245780398948253,
  "umap2": 0.45550721296701424
}