{
  "umap1": 9.759336471557617,
  "umap2": 2.403146982192993
}