{
  "No direct optim ancestor": "None",
  "umap1": 0.26781413351425054,
  "umap2": 0.8583850123865908
}