{
  "umap1": 9.552665710449219,
  "umap2": 1.6281102895736694
}