{
  "umap1": 9.069619178771973,
  "umap2": 6.99479866027832
}