{
  "umap1": 0.8100129312431982,
  "umap2": 0.7427154578193377
}