{
  "umap1": 3.6182031631469727,
  "umap2": 10.324188232421875
}