{
  "umap1": 0.9675662096633587,
  "umap2": 0.7340487241072563
}