{
  "umap1": 13.411428451538086,
  "umap2": 3.791698455810547
}