{
  "umap1": 0.937217366907701,
  "umap2": 0.7639555678170192
}