{
  "umap1": 3.867037296295166,
  "umap2": 9.831006050109863
}