{
  "umap1": 9.697776794433594,
  "umap2": 2.251021146774292
}