{
  "umap1": 0.7160793750982659,
  "umap2": 0.7290304354824356
}