{
  "No direct optim ancestor": "None",
  "umap1": 0.7392942749245908,
  "umap2": 0.019517846832378782
}