{
  "umap1": 13.637097358703613,
  "umap2": 4.53275728225708
}