{
  "No direct optim ancestor": "None",
  "umap1": 0.14104314115628158,
  "umap2": 0.894136580022468
}