{
  "umap1": 0.3622243199142591,
  "umap2": 0.7320137314786479
}