{
  "umap1": 13.945444107055664,
  "umap2": 4.27306604385376
}