{
  "No direct optim ancestor": "None",
  "umap1": 0.7549493501080418,
  "umap2": 0.18366929689053724
}