{
  "umap1": 0.6002345245025186,
  "umap2": 0.28814319790381926
}