{
  "umap1": 0.9228539055451056,
  "umap2": 0.25716703306824584
}