{
  "No direct optim ancestor": "None",
  "umap1": 0.12084900563002643,
  "umap2": 0.7281025012248901
}