{
  "umap1": 0.5431720222952475,
  "umap2": 0.01333586522842356
}