{
  "umap1": 2.829763412475586,
  "umap2": 10.593430519104004
}