{
  "umap1": 0.9956459570986884,
  "umap2": 0.866945214044914
}