{
  "umap1": 9.021343231201172,
  "umap2": 6.529362678527832
}