{
  "No direct optim ancestor": "None",
  "umap1": 0.40127362874880435,
  "umap2": 0.012533241187389521
}