{
  "umap1": 0.14462871805515598,
  "umap2": 0.1424813719201723
}