{
  "umap1": 14.129205703735352,
  "umap2": 5.177398681640625
}