{
  "umap1": 0.44478701052967085,
  "umap2": 0.25708478223363906
}