{
  "umap1": 10.962053298950195,
  "umap2": 2.371354579925537
}