{
  "umap1": 11.753936767578125,
  "umap2": 1.971569299697876
}