{
  "umap1": 0.9958312613200714,
  "umap2": 0.42889937406671963
}