{
  "umap1": 12.095755577087402,
  "umap2": 3.4057576656341553
}