{
  "No direct optim ancestor": "None",
  "umap1": 0.28789268456062966,
  "umap2": 0.735054070292938
}