{
  "No direct optim ancestor": "None",
  "umap1": 0.14302514075302286,
  "umap2": 0.49547003290672564
}