{
  "umap1": 0.8494809765035828,
  "umap2": 0.9140853727811511
}