{
  "umap1": 0.14415062821281877,
  "umap2": 0.12065951253156015
}