{
  "No direct optim ancestor": "None",
  "umap1": 0.08836240285643293,
  "umap2": 0.7560504774191783
}