{
  "No direct optim ancestor": "None",
  "umap1": 0.321855874332331,
  "umap2": 0.1366860719540698
}