{
  "umap1": 11.173441886901855,
  "umap2": 1.4575241804122925
}