{
  "umap1": 0.01616938234871801,
  "umap2": 0.07064979543973893
}