{
  "umap1": 0.22159176615472187,
  "umap2": 0.027328361219560282
}