{
  "No direct optim ancestor": "None",
  "umap1": 0.006540680609702254,
  "umap2": 0.29784202926108705
}