{
  "umap1": 9.548681259155273,
  "umap2": 5.786386966705322
}