{
  "umap1": 10.444499969482422,
  "umap2": 4.902647495269775
}