{
  "No direct optim ancestor": "None",
  "umap1": 0.6697828334769542,
  "umap2": 0.2821163386339902
}