{
  "umap1": 0.14292349461712317,
  "umap2": 0.7643259587975438
}