{
  "umap1": 13.201676368713379,
  "umap2": 5.6850457191467285
}