{
  "umap1": 0.11438427357113812,
  "umap2": 0.28869422327772054
}