{
  "No direct optim ancestor": "None",
  "umap1": 0.051822730842273956,
  "umap2": 0.9623212125048848
}