{
  "umap1": 0.39756909092975323,
  "umap2": 0.3908738661260711
}