{
  "No direct optim ancestor": "None",
  "umap1": 0.5324013381405128,
  "umap2": 0.5528523760033278
}