{
  "umap1": 0.6091692214515619,
  "umap2": 0.7326609084234089
}