{
  "No direct optim ancestor": "None",
  "umap1": 0.17631739347117537,
  "umap2": 0.3344437767709022
}