{
  "umap1": 0.6314402971743446,
  "umap2": 0.5980375414075622
}