{
  "No direct optim ancestor": "None",
  "umap1": 0.47628262084763373,
  "umap2": 0.0790558241486885
}