{
  "umap1": 1.1507642269134521,
  "umap2": 9.569899559020996
}