{
  "umap1": 0.23122875598473958,
  "umap2": 0.37232032401076065
}