{
  "umap1": 12.468343734741211,
  "umap2": 1.4679001569747925
}