{
  "umap1": 0.1179278546507958,
  "umap2": 0.07164177157212892
}