{
  "umap1": 2.777086019515991,
  "umap2": 10.58305549621582
}