{
  "umap1": 12.240583419799805,
  "umap2": 2.6548242568969727
}