{
  "No direct optim ancestor": "None",
  "umap1": 0.5202029897524629,
  "umap2": 0.5914322361138188
}