{
  "umap1": 0.81059898144508,
  "umap2": 0.06780811233119632
}