{
  "umap1": 11.043488502502441,
  "umap2": 2.765143394470215
}