{
  "No direct optim ancestor": "None",
  "umap1": 0.2821194186235513,
  "umap2": 0.0727950376692249
}