{
  "umap1": 13.427423477172852,
  "umap2": 6.963955879211426
}