{
  "umap1": 0.77108991959518,
  "umap2": 0.7957370076897794
}