{
  "No direct optim ancestor": "None",
  "umap1": 0.13920114580702703,
  "umap2": 0.985233787353841
}