{
  "umap1": 0.5407219949567138,
  "umap2": 0.7109854844153622
}