{
  "umap1": 10.261312484741211,
  "umap2": 5.65640926361084
}