{
  "No direct optim ancestor": "None",
  "umap1": 0.2327301266076659,
  "umap2": 0.37951174377056585
}