{
  "umap1": 0.027212410334607195,
  "umap2": 0.9278640048696412
}