{
  "umap1": 14.14964485168457,
  "umap2": 5.0337042808532715
}