{
  "umap1": 0.28235585931409857,
  "umap2": 0.8217388856933535
}