{
  "No direct optim ancestor": "None",
  "umap1": 0.7418457081767873,
  "umap2": 0.18352256924056531
}