{
  "umap1": 0.05644736571613018,
  "umap2": 0.8990442825960917
}