{
  "No direct optim ancestor": "None",
  "umap1": 0.6532281161143327,
  "umap2": 0.7353583833632852
}