{
  "umap1": 13.258519172668457,
  "umap2": 2.9518795013427734
}