{
  "umap1": 0.4629570635318979,
  "umap2": 0.8977248588754747
}