{
  "No direct optim ancestor": "None",
  "umap1": 0.1584980898257622,
  "umap2": 0.49193281908564357
}