{
  "umap1": 10.453827857971191,
  "umap2": 2.361478567123413
}