{
  "umap1": 9.094663619995117,
  "umap2": 5.891746997833252
}