{
  "No direct optim ancestor": "None",
  "umap1": 0.6873888090263272,
  "umap2": 0.5446052319317417
}