{
  "umap1": 0.06375775377406889,
  "umap2": 0.8415786823279683
}