{
  "umap1": 0.09034433299926026,
  "umap2": 0.2761145119153898
}