{
  "No direct optim ancestor": "None",
  "umap1": 0.8094147260546173,
  "umap2": 0.7646144696125536
}