{
  "umap1": 11.428725242614746,
  "umap2": 3.654031753540039
}