{
  "umap1": 14.17138385772705,
  "umap2": 2.4042930603027344
}