{
  "umap1": 0.6636281877713581,
  "umap2": 0.7816381495853959
}