{
  "No direct optim ancestor": "None",
  "umap1": 0.7863477214477006,
  "umap2": 0.26423546553969435
}