{
  "umap1": 3.2200915813446045,
  "umap2": 10.472761154174805
}