{
  "umap1": 0.4647098461857361,
  "umap2": 0.8648751782850663
}