{
  "No direct optim ancestor": "None",
  "umap1": 0.8231086553956088,
  "umap2": 0.16001635783534462
}