{
  "umap1": 0.19638274512346665,
  "umap2": 0.19019455150352493
}