{
  "umap1": 13.8663330078125,
  "umap2": 6.621943950653076
}