{
  "umap1": 0.43203818258329096,
  "umap2": 0.603772261127301
}