{
  "umap1": 8.054682731628418,
  "umap2": 8.977982521057129
}