{
  "Ancestor's direct optim goal": "a photo of a red frosted donut with green sprinkles",
  "umap1": 0.026349756976309924,
  "umap2": 0.7630152724137077
}