{
  "umap1": 0.9993576930194509,
  "umap2": 0.19722057622518774
}