{
  "No direct optim ancestor": "None",
  "umap1": 0.3516859061991282,
  "umap2": 0.909063624282351
}