{
  "umap1": 8.907676696777344,
  "umap2": 3.185971260070801
}