{
  "umap1": 0.9475388407508353,
  "umap2": 0.8515312110643988
}