{
  "umap1": 8.232028007507324,
  "umap2": 8.955467224121094
}