{
  "umap1": 4.892773628234863,
  "umap2": 10.861983299255371
}