{
  "umap1": 3.4866080284118652,
  "umap2": 9.879730224609375
}