{
  "umap1": 0.7201456787387153,
  "umap2": 0.8429607675212316
}