{
  "umap1": 0.22055909901426918,
  "umap2": 0.2886775726214077
}