{
  "umap1": 2.9753806591033936,
  "umap2": 10.580050468444824
}