{
  "umap1": 11.27335262298584,
  "umap2": 1.26814866065979
}