{
  "No direct optim ancestor": "None",
  "umap1": 0.35667807567465337,
  "umap2": 0.8513253972957314
}