{
  "umap1": 0.26419348560330425,
  "umap2": 0.8886063425695598
}