{
  "umap1": 9.88692855834961,
  "umap2": 2.6979551315307617
}