{
  "umap1": 11.767985343933105,
  "umap2": 3.956263303756714
}