{
  "umap1": 0.909472578596281,
  "umap2": 0.6515668433664814
}