{
  "No direct optim ancestor": "None",
  "umap1": 0.34810440287628197,
  "umap2": 0.4973891049311274
}