{
  "umap1": 10.578615188598633,
  "umap2": 1.411271095275879
}