{
  "No direct optim ancestor": "None",
  "umap1": 0.2291897784327861,
  "umap2": 0.44729748964796967
}