{
  "umap1": 0.6095376329605103,
  "umap2": 0.2392148245664092
}