{
  "umap1": 0.4968199396670583,
  "umap2": 0.7151637244784314
}