{
  "umap1": 14.065336227416992,
  "umap2": 2.1324262619018555
}