{
  "umap1": 0.9073838957100516,
  "umap2": 0.9365881127133726
}