{
  "umap1": 7.948115348815918,
  "umap2": 8.956432342529297
}