{
  "umap1": 9.584141731262207,
  "umap2": 3.8530163764953613
}