{
  "umap1": 0.9045798081939903,
  "umap2": 0.8786087998851607
}