{
  "No direct optim ancestor": "None",
  "umap1": 0.7526053793075813,
  "umap2": 0.7691716955539266
}