{
  "umap1": 11.903197288513184,
  "umap2": 3.589353084564209
}