{
  "umap1": 0.6492192832967273,
  "umap2": 0.4928210091653151
}