{
  "umap1": 9.429871559143066,
  "umap2": 4.660456657409668
}