{
  "No direct optim ancestor": "None",
  "umap1": 0.5165133638661467,
  "umap2": 0.7231408882782109
}