{
  "umap1": 0.11856100441383566,
  "umap2": 0.8370351465480723
}