{
  "umap1": 0.12851120465621568,
  "umap2": 0.979644811654465
}