{
  "No direct optim ancestor": "None",
  "umap1": 0.2777143261321936,
  "umap2": 0.3614813749955712
}