{
  "umap1": 13.59194564819336,
  "umap2": 7.101914882659912
}