{
  "umap1": 0.34843864290327153,
  "umap2": 0.07711638251807051
}