{
  "umap1": 0.287201061381975,
  "umap2": 0.09148196374420836
}