{
  "No direct optim ancestor": "None",
  "umap1": 0.6186656988205314,
  "umap2": 0.6605304097798181
}