{
  "umap1": 11.043293952941895,
  "umap2": 2.0575594902038574
}