{
  "No direct optim ancestor": "None",
  "umap1": 0.762424674818242,
  "umap2": 0.35174978236706234
}