{
  "umap1": 0.269242049190872,
  "umap2": 0.36921255926915
}