{
  "umap1": 8.350580215454102,
  "umap2": 7.257821559906006
}