{
  "umap1": 0.4469352953210305,
  "umap2": 0.638634522878776
}