{
  "umap1": 12.416327476501465,
  "umap2": 1.634677767753601
}