{
  "No direct optim ancestor": "None",
  "umap1": 0.26595456425790176,
  "umap2": 0.7738857234983573
}