{
  "umap1": 12.183533668518066,
  "umap2": 3.5572996139526367
}