{
  "umap1": 0.001624934445564885,
  "umap2": 0.9790851085586673
}