{
  "No direct optim ancestor": "None",
  "umap1": 0.3972420898020408,
  "umap2": 0.6597422411992703
}