{
  "umap1": 11.612500190734863,
  "umap2": 3.471381664276123
}