{
  "umap1": 0.2613213243964341,
  "umap2": 0.6466352496088168
}