{
  "umap1": 0.2305589613925818,
  "umap2": 0.2868768305008029
}