{
  "umap1": 11.659571647644043,
  "umap2": 1.9847657680511475
}