{
  "No direct optim ancestor": "None",
  "umap1": 0.19266440665476892,
  "umap2": 0.7915607506020077
}