{
  "No direct optim ancestor": "None",
  "umap1": 0.9793885797690456,
  "umap2": 0.6473827603928239
}