{
  "umap1": 0.0008141691528879003,
  "umap2": 0.5226407542291832
}