{
  "No direct optim ancestor": "None",
  "umap1": 0.7713213388153788,
  "umap2": 0.014783231289573484
}