{
  "umap1": 0.4722137442929969,
  "umap2": 0.1876164353901133
}