{
  "umap1": 11.557703971862793,
  "umap2": 2.0204107761383057
}