{
  "No direct optim ancestor": "None",
  "umap1": 0.7364526923268403,
  "umap2": 0.20139087414730628
}