{
  "umap1": 0.2219745982178586,
  "umap2": 0.0007471331878702303
}