{
  "umap1": 9.00118350982666,
  "umap2": 6.067262172698975
}