{
  "umap1": 0.9154030503864398,
  "umap2": 0.48405631634130386
}