{
  "No direct optim ancestor": "None",
  "umap1": 0.7859136819746918,
  "umap2": 0.48071984327628103
}