{
  "umap1": 8.907934188842773,
  "umap2": 5.402087211608887
}