{
  "No direct optim ancestor": "None",
  "umap1": 0.9728053401376834,
  "umap2": 0.9313022565683032
}