{
  "umap1": 0.45070278221987015,
  "umap2": 0.011970839730422678
}