{
  "umap1": 13.354270935058594,
  "umap2": 6.68751859664917
}