{
  "umap1": 3.718377113342285,
  "umap2": 10.204300880432129
}