{
  "umap1": 8.773748397827148,
  "umap2": 3.026843547821045
}