{
  "umap1": 0.33568977441261383,
  "umap2": 0.8159047795712638,
  "Direct optim goal": "a photo of a red sea urchin shell with green spines and blue pores"
}