{
  "umap1": 8.037487983703613,
  "umap2": 8.872995376586914
}