{
  "umap1": 0.6035200333995937,
  "umap2": 0.3827373192695408
}