{
  "umap1": 3.1389899253845215,
  "umap2": 10.608640670776367
}