{
  "umap1": 0.6233381346604427,
  "umap2": 0.6235997563562935
}