{
  "umap1": 11.92939567565918,
  "umap2": 2.7170944213867188
}