{
  "No direct optim ancestor": "None",
  "umap1": 0.42165198971349394,
  "umap2": 0.9714709122964335
}