{
  "umap1": 9.834859848022461,
  "umap2": 2.9117865562438965
}