{
  "umap1": 0.37839891404180104,
  "umap2": 0.6549637063350736
}