{
  "No direct optim ancestor": "None",
  "umap1": 0.8134562173403088,
  "umap2": 0.7869186641308287
}