{
  "umap1": 12.165077209472656,
  "umap2": 7.010519981384277
}