{
  "No direct optim ancestor": "None",
  "umap1": 0.23273838251520218,
  "umap2": 0.15442651737262392
}