{
  "umap1": 0.03771626522628324,
  "umap2": 0.029653519829165975
}