{
  "umap1": 0.17741529721987037,
  "umap2": 0.9232265231812352
}