{
  "No direct optim ancestor": "None",
  "umap1": 0.878205153496573,
  "umap2": 0.9553018706287701
}