{
  "umap1": 10.16190242767334,
  "umap2": 5.496835231781006
}