{
  "umap1": 0.8122502444206234,
  "umap2": 0.7423629108458403
}