{
  "No direct optim ancestor": "None",
  "umap1": 0.5145398910646565,
  "umap2": 0.12103561646897876
}