{
  "umap1": 0.9707341222942809,
  "umap2": 0.8623994127328526
}