{
  "umap1": 12.593396186828613,
  "umap2": 2.4757320880889893
}