{
  "No direct optim ancestor": "None",
  "umap1": 0.15415792955761287,
  "umap2": 0.18407076447341741
}