{
  "umap1": 10.51792049407959,
  "umap2": 4.379572868347168
}