{
  "umap1": 12.622382164001465,
  "umap2": 1.8455605506896973
}