{
  "umap1": 0.878972053609153,
  "umap2": 0.4357358672011109
}