{
  "No direct optim ancestor": "None",
  "umap1": 0.9800503837663826,
  "umap2": 0.6943214787092647
}