{
  "umap1": 9.896224975585938,
  "umap2": 2.6700828075408936
}