{
  "umap1": 0.9723652424372581,
  "umap2": 0.313886833961602
}