{
  "No direct optim ancestor": "None",
  "umap1": 0.39483250836896555,
  "umap2": 0.04791001688971097
}