{
  "umap1": 13.260509490966797,
  "umap2": 6.7947564125061035
}