{
  "No direct optim ancestor": "None",
  "umap1": 0.3454761621968948,
  "umap2": 0.7082965790527914
}