{
  "umap1": 0.0840615696120024,
  "umap2": 0.2541547514907698
}