{
  "umap1": 0.5696603674881824,
  "umap2": 0.9459642637121818
}