{
  "No direct optim ancestor": "None",
  "umap1": 0.5586032292209482,
  "umap2": 0.2883943762635188
}