{
  "umap1": 11.540746688842773,
  "umap2": 1.738731026649475
}