{
  "umap1": 12.776914596557617,
  "umap2": 2.5204527378082275
}