{
  "umap1": 13.072555541992188,
  "umap2": 4.304523944854736
}