{
  "umap1": 0.11534037529808738,
  "umap2": 0.8686825426019624
}