{
  "No direct optim ancestor": "None",
  "umap1": 0.5963373913277171,
  "umap2": 0.4839240553686569
}