{
  "umap1": 12.762285232543945,
  "umap2": 3.6801748275756836
}