{
  "umap1": 10.110518455505371,
  "umap2": 1.6075435876846313
}