{
  "No direct optim ancestor": "None",
  "umap1": 0.5106250159441069,
  "umap2": 0.1626494073921867
}