{
  "umap1": 0.5224287215590675,
  "umap2": 0.6496522461152902
}