{
  "umap1": 8.892386436462402,
  "umap2": 5.880344867706299
}