{
  "umap1": 0.5675365510689102,
  "umap2": 0.06437450435941383
}