{
  "umap1": 13.209545135498047,
  "umap2": 2.7847554683685303
}