{
  "umap1": 0.7953191044136216,
  "umap2": 0.3206039272446841
}