{
  "No direct optim ancestor": "None",
  "umap1": 0.2860120645616361,
  "umap2": 0.17162128008692112
}