{
  "umap1": 13.068678855895996,
  "umap2": 7.454736709594727
}