{
  "umap1": 7.316653251647949,
  "umap2": 5.879788398742676
}