{
  "umap1": 0.211264416773421,
  "umap2": 0.045384025794895644
}