{
  "umap1": 0.399276128598691,
  "umap2": 0.7162740642052028
}