{
  "No direct optim ancestor": "None",
  "umap1": 0.35640687347169053,
  "umap2": 0.02504335294886284
}