{
  "umap1": 10.829913139343262,
  "umap2": 1.7300678491592407
}