{
  "umap1": 0.04941733123219172,
  "umap2": 0.4030293553605012
}