{
  "umap1": 4.9719557762146,
  "umap2": 10.766195297241211
}