{
  "umap1": 0.6040665357659817,
  "umap2": 0.5821498216552535
}