{
  "umap1": 12.271514892578125,
  "umap2": 2.831394672393799
}