{
  "umap1": 0.2535959107222515,
  "umap2": 0.9032776617705595
}