{
  "No direct optim ancestor": "None",
  "umap1": 0.0294941259127669,
  "umap2": 0.2076522400873707
}