{
  "No direct optim ancestor": "None",
  "umap1": 0.5672428159645093,
  "umap2": 0.40160434520517296
}