{
  "umap1": 0.9920425454516866,
  "umap2": 0.5671727652678392
}