{
  "umap1": 10.033592224121094,
  "umap2": 1.9567744731903076
}