{
  "No direct optim ancestor": "None",
  "umap1": 0.5118718175477861,
  "umap2": 0.06535377620004867
}