{
  "umap1": 0.8906193985767256,
  "umap2": 0.19881516475646654
}