{
  "umap1": 13.84837818145752,
  "umap2": 2.236257791519165
}