{
  "umap1": 0.839985211767453,
  "umap2": 0.7269506806389051
}