{
  "No direct optim ancestor": "None",
  "umap1": 0.5144537880148838,
  "umap2": 0.2849850776299382
}