{
  "No direct optim ancestor": "None",
  "umap1": 0.5743108554831236,
  "umap2": 0.31833108238743635
}