{
  "umap1": 8.602720260620117,
  "umap2": 5.297180652618408
}