{
  "umap1": 0.8635895384963825,
  "umap2": 0.001324970804992831
}