{
  "umap1": 0.8791393942960483,
  "umap2": 0.7638804470959939
}