{
  "umap1": 7.951014995574951,
  "umap2": 8.954344749450684
}