{
  "umap1": 10.754916191101074,
  "umap2": 2.3967034816741943
}