{
  "umap1": 0.981205776718903,
  "umap2": 0.1106787154465736
}