{
  "umap1": 3.0025784969329834,
  "umap2": 10.421104431152344
}