{
  "No direct optim ancestor": "None",
  "umap1": 0.1591283626241482,
  "umap2": 0.7412841817043176
}