{
  "umap1": 0.0632391312685392,
  "umap2": 0.19566130290083972
}