{
  "umap1": 10.742573738098145,
  "umap2": 2.103377342224121
}