{
  "umap1": 12.308414459228516,
  "umap2": 1.7402892112731934
}