{
  "umap1": 9.568290710449219,
  "umap2": 5.53488826751709
}