{
  "umap1": 0.3623528883921867,
  "umap2": 0.7026898709178837
}