{
  "No direct optim ancestor": "None",
  "umap1": 0.9115218178345819,
  "umap2": 0.7870115022744728
}