{
  "umap1": 14.109269142150879,
  "umap2": 6.547815799713135
}