{
  "umap1": 1.3594388961791992,
  "umap2": 10.012968063354492
}