{
  "umap1": 0.6123378136667197,
  "umap2": 0.28922082085050105
}