{
  "No direct optim ancestor": "None",
  "umap1": 0.7402746891833379,
  "umap2": 0.17639196615892505
}