{
  "umap1": 0.9625539036216988,
  "umap2": 0.7226679675492842
}