{
  "umap1": 2.859309673309326,
  "umap2": 10.510665893554688
}