{
  "umap1": 0.809334728918346,
  "umap2": 0.24282599462202947
}