{
  "umap1": 3.734191656112671,
  "umap2": 9.866700172424316
}