{
  "umap1": 0.6389092306126108,
  "umap2": 0.6688301894140612
}