{
  "umap1": 0.7623173027879036,
  "umap2": 0.6149734827992775
}