{
  "No direct optim ancestor": "None",
  "umap1": 0.9835963286467351,
  "umap2": 0.3318143034878962
}