{
  "umap1": 0.2038538788793759,
  "umap2": 0.30355934154775155
}