{
  "No direct optim ancestor": "None",
  "umap1": 0.08684897477086084,
  "umap2": 0.3241796981436218
}