{
  "No direct optim ancestor": "None",
  "umap1": 0.5275921438962569,
  "umap2": 0.833789357263818
}