{
  "umap1": 10.300623893737793,
  "umap2": 6.015800952911377
}