{
  "umap1": 0.16892854845064675,
  "umap2": 0.1426519680593039
}