{
  "umap1": 0.46234898722291373,
  "umap2": 0.9143905074036202
}