{
  "umap1": 9.640478134155273,
  "umap2": 2.8912758827209473
}