{
  "No direct optim ancestor": "None",
  "umap1": 0.9502054169108443,
  "umap2": 0.8447523007412524
}