{
  "umap1": 10.658689498901367,
  "umap2": 4.398625373840332
}