{
  "No direct optim ancestor": "None",
  "umap1": 0.5098092017138058,
  "umap2": 0.1914017502824188
}