{
  "umap1": 0.10823094149769241,
  "umap2": 0.3380828417244458
}