{
  "umap1": 9.445170402526855,
  "umap2": 2.623995780944824
}