{
  "umap1": 14.151846885681152,
  "umap2": 4.464612007141113
}