{
  "umap1": 0.9619633240182524,
  "umap2": 0.8791578111703954
}