{
  "umap1": 9.885442733764648,
  "umap2": 2.2858359813690186
}