{
  "No direct optim ancestor": "None",
  "umap1": 0.9020171806140327,
  "umap2": 0.6186544561466252
}