{
  "No direct optim ancestor": "None",
  "umap1": 0.37527995489582355,
  "umap2": 0.5395525402060085
}