{
  "umap1": 0.8038308030943528,
  "umap2": 0.5959826252851208
}