{
  "No direct optim ancestor": "None",
  "umap1": 0.821592778279209,
  "umap2": 0.9338198850642933
}