{
  "umap1": 0.5212615463488317,
  "umap2": 0.49999890369971967
}