{
  "umap1": 12.383221626281738,
  "umap2": 1.4115015268325806
}