{
  "umap1": 0.7272806382654726,
  "umap2": 0.18934612779180238
}