{
  "No direct optim ancestor": "None",
  "umap1": 0.13889238188686914,
  "umap2": 0.5119425246857545
}