{
  "No direct optim ancestor": "None",
  "umap1": 0.6192070420423519,
  "umap2": 0.6227289503285109
}