{
  "umap1": 0.27520900325919007,
  "umap2": 0.33687179856604343
}