{
  "umap1": 0.19933235710613983,
  "umap2": 0.9379378838764704
}