{
  "No direct optim ancestor": "None",
  "umap1": 0.7987045559945872,
  "umap2": 0.30108749450684413
}