{
  "umap1": 0.47035610249262283,
  "umap2": 0.8389478994733868
}