{
  "umap1": 11.765573501586914,
  "umap2": 2.5345370769500732
}