{
  "umap1": 4.926601886749268,
  "umap2": 10.831501960754395
}