{
  "umap1": 13.354876518249512,
  "umap2": 4.9656829833984375
}