{
  "umap1": 13.51870346069336,
  "umap2": 6.9050469398498535
}