{
  "umap1": 0.6179831354684789,
  "umap2": 0.8410679486583029
}