{
  "No direct optim ancestor": "None",
  "umap1": 0.04047183447071678,
  "umap2": 0.6568929348117096
}