{
  "umap1": 2.612485647201538,
  "umap2": 10.694113731384277
}