{
  "umap1": 0.667612940387767,
  "umap2": 0.5075865160985993
}