{
  "No direct optim ancestor": "None",
  "umap1": 0.5629915857793444,
  "umap2": 0.38616474614080065
}