{
  "umap1": 0.00802460977379671,
  "umap2": 0.41147151419443084
}