{
  "umap1": 11.214336395263672,
  "umap2": 1.413079023361206
}