{
  "No direct optim ancestor": "None",
  "umap1": 0.5926168732302179,
  "umap2": 0.4981124774424419
}