{
  "umap1": 11.525045394897461,
  "umap2": 1.3950937986373901
}