{
  "umap1": 0.49496687919772464,
  "umap2": 0.004208426893841488
}