{
  "No direct optim ancestor": "None",
  "umap1": 0.42663280367539014,
  "umap2": 0.3323426339960236
}