{
  "No direct optim ancestor": "None",
  "umap1": 0.4834639020288113,
  "umap2": 0.9546557594853736
}