{
  "umap1": 0.7963052825480653,
  "umap2": 0.32164882771826475
}