{
  "No direct optim ancestor": "None",
  "umap1": 0.4729486455395141,
  "umap2": 0.6551437984607318
}