{
  "umap1": 13.833144187927246,
  "umap2": 5.63617467880249
}