{
  "umap1": 0.6538611790059545,
  "umap2": 0.7261297209956852
}