{
  "umap1": 3.602046012878418,
  "umap2": 9.894088745117188
}