{
  "No direct optim ancestor": "None",
  "umap1": 0.09819264527502847,
  "umap2": 0.2021141015138619
}