{
  "umap1": 0.355575745417688,
  "umap2": 0.8555831372121148
}