{
  "umap1": 0.5863785597656523,
  "umap2": 0.5774257278339114
}