{
  "No direct optim ancestor": "None",
  "umap1": 0.1947916731647894,
  "umap2": 0.6141860224647578
}