{
  "No direct optim ancestor": "None",
  "umap1": 0.12237365310876125,
  "umap2": 0.535575354981585
}