{
  "umap1": 0.4175787485042236,
  "umap2": 0.49764118370782673
}