{
  "umap1": 12.246946334838867,
  "umap2": 2.300067186355591
}