{
  "umap1": 0.6970101544388111,
  "umap2": 0.05689442975169856
}