{
  "umap1": 3.4937782287597656,
  "umap2": 10.410165786743164
}