{
  "umap1": 8.087220191955566,
  "umap2": 8.818641662597656
}