{
  "umap1": 0.8502445984970413,
  "umap2": 0.5753331240958082
}