{
  "umap1": 3.356217622756958,
  "umap2": 10.418665885925293
}