{
  "umap1": 11.692011833190918,
  "umap2": 1.6449753046035767
}