{
  "umap1": 14.100666046142578,
  "umap2": 3.7577314376831055
}