{
  "umap1": 0.22122765410911982,
  "umap2": 0.9269945886024648
}