{
  "No direct optim ancestor": "None",
  "umap1": 0.8579621268065,
  "umap2": 0.9172355109135979
}