{
  "umap1": 13.033769607543945,
  "umap2": 6.8555707931518555
}