{
  "No direct optim ancestor": "None",
  "umap1": 0.9560158842776385,
  "umap2": 0.2198187012489049
}