{
  "umap1": 0.4277245005566138,
  "umap2": 0.2686708511146023
}