{
  "No direct optim ancestor": "None",
  "umap1": 0.5726210129902918,
  "umap2": 0.0003556710303180832
}