{
  "umap1": 0.011837959646264995,
  "umap2": 0.8022225189484264
}