{
  "No direct optim ancestor": "None",
  "umap1": 0.0018015951747016867,
  "umap2": 0.04521431279070909
}