{
  "umap1": 0.2647539439034061,
  "umap2": 0.7641632408983603
}