{
  "umap1": 11.753008842468262,
  "umap2": 3.4519290924072266
}