{
  "umap1": 0.9285095448223444,
  "umap2": 0.20339326646026046
}