{
  "No direct optim ancestor": "None",
  "umap1": 0.2827742274176607,
  "umap2": 0.7118727932035478
}