{
  "umap1": 13.379111289978027,
  "umap2": 5.177648067474365
}