{
  "umap1": 0.540923595905198,
  "umap2": 0.10588807232074104
}