{
  "No direct optim ancestor": "None",
  "umap1": 0.3399203804735521,
  "umap2": 0.13392281013991014
}