{
  "umap1": 12.735400199890137,
  "umap2": 7.0990309715271
}