{
  "umap1": 0.17634117850918962,
  "umap2": 0.2779828399748634
}