{
  "No direct optim ancestor": "None",
  "umap1": 0.14504105495585917,
  "umap2": 0.8321112362240921
}