{
  "umap1": 9.424311637878418,
  "umap2": 3.497483253479004
}