{
  "umap1": 0.17388012551025622,
  "umap2": 0.2586853408586851
}