{
  "No direct optim ancestor": "None",
  "umap1": 0.6221359786517456,
  "umap2": 0.06030601613199227
}