{
  "umap1": 12.283588409423828,
  "umap2": 1.6447341442108154
}