{
  "No direct optim ancestor": "None",
  "umap1": 0.15633496073378905,
  "umap2": 0.7171860262371458
}