{
  "umap1": 0.9506112480093601,
  "umap2": 0.28261681239102154
}