{
  "umap1": 3.095946788787842,
  "umap2": 10.388752937316895
}