{
  "No direct optim ancestor": "None",
  "umap1": 0.06538460333087748,
  "umap2": 0.6697211851759662
}