{
  "umap1": 12.482573509216309,
  "umap2": 5.434963226318359
}