{
  "umap1": 0.7295989086737099,
  "umap2": 0.41199352211310647
}