{
  "No direct optim ancestor": "None",
  "umap1": 0.4873571276388815,
  "umap2": 0.8435603313453159
}