{
  "umap1": 0.7662117120691587,
  "umap2": 0.8644790641045631
}