{
  "umap1": 11.86153507232666,
  "umap2": 3.259692907333374
}