{
  "umap1": 0.6492505842598563,
  "umap2": 0.22854016735488625
}