{
  "No direct optim ancestor": "None",
  "umap1": 0.5590229715280789,
  "umap2": 0.3581492899091483
}