{
  "umap1": 0.04518626396176495,
  "umap2": 0.2873506099721066
}