{
  "No direct optim ancestor": "None",
  "umap1": 0.37299470192072215,
  "umap2": 0.5048232127288695
}