{
  "umap1": 0.17965670074378814,
  "umap2": 0.09632414158975378
}