{
  "umap1": 13.381478309631348,
  "umap2": 5.910622596740723
}