{
  "No direct optim ancestor": "None",
  "umap1": 0.4997101532148537,
  "umap2": 0.19340825314347765
}