{
  "umap1": 13.03753662109375,
  "umap2": 7.346185684204102
}