{
  "umap1": 0.9699544256717487,
  "umap2": 0.45850401656538164
}