{
  "No direct optim ancestor": "None",
  "umap1": 0.3409829698396566,
  "umap2": 0.3145668271206753
}