{
  "umap1": 0.8357752818968351,
  "umap2": 0.3012239036206259
}