{
  "umap1": 13.62779426574707,
  "umap2": 4.581628799438477
}