{
  "No direct optim ancestor": "None",
  "umap1": 0.27988305122249824,
  "umap2": 0.5358682251323867
}