{
  "umap1": 0.0932448206458465,
  "umap2": 0.21387084816364044
}