{
  "umap1": 12.035301208496094,
  "umap2": 2.796847105026245
}