{
  "No direct optim ancestor": "None",
  "umap1": 0.4771924128828636,
  "umap2": 0.43479265696886904
}