{
  "umap1": 0.7940497382841517,
  "umap2": 0.6808092928927458
}