{
  "umap1": 13.214094161987305,
  "umap2": 5.948859214782715
}