{
  "umap1": 0.28213115129142674,
  "umap2": 0.816129901255033
}