{
  "No direct optim ancestor": "None",
  "umap1": 0.4286065482185749,
  "umap2": 0.9845313773166895
}