{
  "umap1": 0.01474554185846888,
  "umap2": 0.5909977149333963
}