{
  "No direct optim ancestor": "None",
  "umap1": 0.12910178519777604,
  "umap2": 0.6117069362616221
}