{
  "umap1": 3.1603333950042725,
  "umap2": 10.55068302154541
}