{
  "umap1": 0.6251888409695294,
  "umap2": 0.24746276617177876
}