{
  "umap1": 12.699016571044922,
  "umap2": 2.666456937789917
}