{
  "No direct optim ancestor": "None",
  "umap1": 0.9099712701952033,
  "umap2": 0.2619144230779352
}