{
  "umap1": 11.157663345336914,
  "umap2": 2.5644354820251465
}