{
  "umap1": 0.7275787431036667,
  "umap2": 0.8997852772978246
}