{
  "umap1": 10.82426643371582,
  "umap2": 7.551608562469482
}