{
  "No direct optim ancestor": "None",
  "umap1": 0.07673019636172118,
  "umap2": 0.2848873898612231
}