{
  "umap1": 0.8232743098976741,
  "umap2": 0.2938952670360099
}