{
  "umap1": 9.541741371154785,
  "umap2": 5.830455303192139
}