{
  "No direct optim ancestor": "None",
  "umap1": 0.22678427921001199,
  "umap2": 0.16752214554260003
}