{
  "umap1": 0.1264881127927634,
  "umap2": 0.5767924041638198
}