{
  "umap1": 0.7118463968385415,
  "umap2": 0.5738676152617116
}