{
  "No direct optim ancestor": "None",
  "umap1": 0.35042069035084733,
  "umap2": 0.8405330469292386
}