{
  "umap1": 13.845694541931152,
  "umap2": 2.436558246612549
}