{
  "umap1": 0.5883081295879322,
  "umap2": 0.027899697285674763
}