{
  "Ancestor's direct optim goal": "a photo of a turtle shell with red hexagons and green borders",
  "umap1": 0.777762707497976,
  "umap2": 0.6899537982798618
}