{
  "umap1": 13.822446823120117,
  "umap2": 4.782663345336914
}