{
  "umap1": 0.2017237230642236,
  "umap2": 0.9124109445820673
}