{
  "No direct optim ancestor": "None",
  "umap1": 0.3627035002689528,
  "umap2": 0.6124327776150015
}