{
  "umap1": 0.9669807363674588,
  "umap2": 0.10607082835262294
}