{
  "No direct optim ancestor": "None",
  "umap1": 0.7232459564193127,
  "umap2": 0.44041523402671423
}