{
  "umap1": 1.2766966819763184,
  "umap2": 9.962288856506348
}