{
  "umap1": 13.405656814575195,
  "umap2": 3.3215630054473877
}