{
  "umap1": 0.6682457667208301,
  "umap2": 0.910582097938436
}