{
  "umap1": 0.6517118671151744,
  "umap2": 0.9488867946711144
}