{
  "umap1": 13.399867057800293,
  "umap2": 6.611199378967285
}