{
  "No direct optim ancestor": "None",
  "umap1": 0.8735047181132674,
  "umap2": 0.6288575189582809
}