{
  "umap1": 12.529507637023926,
  "umap2": 3.2672173976898193
}