{
  "No direct optim ancestor": "None",
  "umap1": 0.7613963467628122,
  "umap2": 0.8827700379460005
}