{
  "umap1": 0.7255025257982488,
  "umap2": 0.42364678011971024
}