{
  "umap1": 13.27171802520752,
  "umap2": 6.64040994644165
}