{
  "No direct optim ancestor": "None",
  "umap1": 0.2813369819592765,
  "umap2": 0.809100994493727
}