{
  "umap1": 11.041915893554688,
  "umap2": 2.015589475631714
}