{
  "umap1": 0.6032035282011183,
  "umap2": 0.06162446335911875
}