{
  "umap1": 13.97974967956543,
  "umap2": 6.376711845397949
}