{
  "umap1": 0.8914613206926244,
  "umap2": 0.6552049972532701
}