{
  "No direct optim ancestor": "None",
  "umap1": 0.17281501944579292,
  "umap2": 0.8234875017773227
}