{
  "umap1": 0.5472835946404956,
  "umap2": 0.48000315632166146
}