{
  "umap1": 12.31392765045166,
  "umap2": 6.691026210784912
}