{
  "umap1": 10.368337631225586,
  "umap2": 1.353377103805542
}