{
  "umap1": 0.7350207817829744,
  "umap2": 0.2660035705228745
}