{
  "umap1": 3.697103500366211,
  "umap2": 10.247064590454102
}