{
  "umap1": 3.8632333278656006,
  "umap2": 9.817804336547852
}