{
  "umap1": 0.14141733727359462,
  "umap2": 0.2283155857465381
}