{
  "No direct optim ancestor": "None",
  "umap1": 0.4266614992604081,
  "umap2": 0.5265437813592326
}