{
  "umap1": 0.2265211928043337,
  "umap2": 0.13712032022178888
}