{
  "umap1": 0.229956359636443,
  "umap2": 0.2400793408882549
}