{
  "No direct optim ancestor": "None",
  "umap1": 0.04258501907808454,
  "umap2": 0.7030212949505352
}