{
  "umap1": 0.3429634299149097,
  "umap2": 0.6706357874641659
}