{
  "umap1": 12.488811492919922,
  "umap2": 3.850977659225464
}