{
  "umap1": 0.34494012856861733,
  "umap2": 0.06020616600840967
}