{
  "No direct optim ancestor": "None",
  "umap1": 0.5594201107207435,
  "umap2": 0.913324354752036
}