{
  "umap1": 0.08982714453710261,
  "umap2": 0.9116831095983171
}