{
  "No direct optim ancestor": "None",
  "umap1": 0.5295149960027968,
  "umap2": 0.9141380933327616
}