{
  "umap1": 12.97226619720459,
  "umap2": 4.422789096832275
}