{
  "umap1": 13.631053924560547,
  "umap2": 2.069091796875
}