{
  "umap1": 0.11603044937307916,
  "umap2": 0.3174496802691905
}