{
  "No direct optim ancestor": "None",
  "umap1": 0.7262010240123996,
  "umap2": 0.902026874809272
}