{
  "No direct optim ancestor": "None",
  "umap1": 0.7931483440396443,
  "umap2": 0.09895755401888107
}