{
  "umap1": 0.7627581506454191,
  "umap2": 0.17503299662823624
}