{
  "umap1": 8.572837829589844,
  "umap2": 3.220921516418457
}