{
  "umap1": 11.764274597167969,
  "umap2": 2.5265257358551025
}