{
  "No direct optim ancestor": "None",
  "umap1": 0.7069825639346625,
  "umap2": 0.5794469949157641
}