{
  "umap1": 0.8507039658684759,
  "umap2": 0.48518201795056315
}