{
  "umap1": 0.878106469051154,
  "umap2": 0.9458485641497651
}