{
  "No direct optim ancestor": "None",
  "umap1": 0.7267508103889615,
  "umap2": 0.550832879116628
}