{
  "umap1": 3.1766207218170166,
  "umap2": 10.430243492126465
}