{
  "No direct optim ancestor": "None",
  "umap1": 0.8583270043211496,
  "umap2": 0.05959967154868917
}