{
  "umap1": 10.202624320983887,
  "umap2": 1.9416056871414185
}