{
  "umap1": 0.7321871737351393,
  "umap2": 0.37255521258700985
}