{
  "umap1": 8.219147682189941,
  "umap2": 8.920110702514648
}