{
  "umap1": 3.095078468322754,
  "umap2": 10.620033264160156
}