{
  "No direct optim ancestor": "None",
  "umap1": 0.2515637706495044,
  "umap2": 0.8255971473123035
}