{
  "umap1": 0.3627366070129595,
  "umap2": 0.8029160490543652
}