{
  "umap1": 12.02043342590332,
  "umap2": 1.6431771516799927
}