{
  "umap1": 0.03544335622741046,
  "umap2": 0.6011776633472953
}