{
  "Ancestor's direct optim goal": "a photo of a red frog with green eyes and blue feet",
  "umap1": 0.26681676795858766,
  "umap2": 0.794154374564736
}