{
  "umap1": 11.826215744018555,
  "umap2": 3.2893290519714355
}