{
  "umap1": 0.5421284675365197,
  "umap2": 0.8792083453575623
}