{
  "umap1": 0.46952758217848,
  "umap2": 0.9699812502765861
}