{
  "umap1": 7.27284574508667,
  "umap2": 6.070216655731201
}