{
  "umap1": 10.352258682250977,
  "umap2": 4.164970397949219
}