{
  "umap1": 4.938715934753418,
  "umap2": 10.823698043823242
}