{
  "umap1": 0.07270432214426936,
  "umap2": 0.4320034716017491
}