{
  "umap1": 13.589933395385742,
  "umap2": 4.840434551239014
}