{
  "No direct optim ancestor": "None",
  "umap1": 0.26812878063398493,
  "umap2": 0.07000049381172957
}