{
  "umap1": 13.31507396697998,
  "umap2": 3.9699997901916504
}