{
  "umap1": 0.3111734834078098,
  "umap2": 0.6517544065595242
}