{
  "No direct optim ancestor": "None",
  "umap1": 0.5612368078259652,
  "umap2": 0.7727487779126732
}