{
  "umap1": 0.373322349342987,
  "umap2": 0.3053874104579797
}