{
  "umap1": 13.940625190734863,
  "umap2": 1.830998182296753
}