{
  "umap1": 13.28503131866455,
  "umap2": 6.498193264007568
}