{
  "umap1": 0.4151407610671758,
  "umap2": 0.9317589389155764
}