{
  "No direct optim ancestor": "None",
  "umap1": 0.7567389354674731,
  "umap2": 0.14279530022451348
}