{
  "No direct optim ancestor": "None",
  "umap1": 0.5479765378048685,
  "umap2": 0.8839879847386913
}