{
  "umap1": 11.470843315124512,
  "umap2": 3.731229782104492
}