{
  "umap1": 0.0999376616673493,
  "umap2": 0.8253701022459955
}