{
  "umap1": 0.7028743558883859,
  "umap2": 0.9615716104838334
}