{
  "umap1": 0.6105192176967489,
  "umap2": 0.03779609062075662
}