{
  "umap1": 9.6041898727417,
  "umap2": 4.012917518615723
}