{
  "No direct optim ancestor": "None",
  "umap1": 0.5086509462395993,
  "umap2": 0.7975622849957826
}