{
  "umap1": 0.1285742623008992,
  "umap2": 0.21979564049321076
}