{
  "No direct optim ancestor": "None",
  "umap1": 0.6410336523398926,
  "umap2": 0.06920151790131879
}