{
  "umap1": 0.5471479766918486,
  "umap2": 0.18956414838096558
}