{
  "umap1": 0.3275849086925047,
  "umap2": 0.1257647447407093
}