{
  "No direct optim ancestor": "None",
  "umap1": 0.9601241396779142,
  "umap2": 0.7621704139437331
}