{
  "umap1": 12.12500286102295,
  "umap2": 3.356170415878296
}