{
  "umap1": 0.6953728623725318,
  "umap2": 0.4755549246758942
}