{
  "No direct optim ancestor": "None",
  "umap1": 0.8061206098620726,
  "umap2": 0.4366013426306563
}