{
  "umap1": 0.9212388529820951,
  "umap2": 0.41478706261567966
}