{
  "umap1": 0.633330004052471,
  "umap2": 0.12139047017463844
}