{
  "No direct optim ancestor": "None",
  "umap1": 0.17448249840890717,
  "umap2": 0.5203176370664498
}