{
  "umap1": 0.879895774482847,
  "umap2": 0.5555175054719222
}