{
  "umap1": 0.013945111333048321,
  "umap2": 0.16939001697117928
}