{
  "No direct optim ancestor": "None",
  "umap1": 0.33011837833048674,
  "umap2": 0.27973927521688535
}