{
  "umap1": 10.660703659057617,
  "umap2": 1.3687880039215088
}