{
  "umap1": 0.5481589754751842,
  "umap2": 0.6487070710330941
}