{
  "No direct optim ancestor": "None",
  "umap1": 0.12787565688784208,
  "umap2": 0.9273364463632421
}