{
  "umap1": 12.855021476745605,
  "umap2": 3.1449286937713623
}