{
  "No direct optim ancestor": "None",
  "umap1": 0.4553586072740169,
  "umap2": 0.6373062576094819
}