{
  "umap1": 0.5171605760027407,
  "umap2": 0.4087489212602452
}