{
  "umap1": 9.161077499389648,
  "umap2": 2.7222073078155518
}