{
  "No direct optim ancestor": "None",
  "umap1": 0.08697988120141609,
  "umap2": 0.5848292926547192
}