{
  "umap1": 0.6062695875661109,
  "umap2": 0.2774444423437762
}