{
  "umap1": 12.198881149291992,
  "umap2": 6.5044097900390625
}