{
  "umap1": 11.03911018371582,
  "umap2": 3.816868305206299
}