{
  "umap1": 0.5674630418005204,
  "umap2": 0.7257660314976145
}