{
  "No direct optim ancestor": "None",
  "umap1": 0.0642757203842248,
  "umap2": 0.8200452379993266
}