{
  "umap1": 10.814170837402344,
  "umap2": 1.5480127334594727
}