{
  "umap1": 13.370753288269043,
  "umap2": 6.74175500869751
}