{
  "umap1": 1.3101203441619873,
  "umap2": 9.750960350036621
}