{
  "umap1": 0.7812592683327751,
  "umap2": 0.18785835748583302
}