{
  "umap1": 0.49229415486588723,
  "umap2": 0.98245842942716
}