{
  "No direct optim ancestor": "None",
  "umap1": 0.2668727483432183,
  "umap2": 0.15440055004794528
}