{
  "umap1": 0.5306447871888402,
  "umap2": 0.4476474207243286
}