{
  "No direct optim ancestor": "None",
  "umap1": 0.5145772363582921,
  "umap2": 0.4052768855012946
}