{
  "umap1": 0.6320649330699287,
  "umap2": 0.8555080639798281
}