{
  "umap1": 0.29420616218492757,
  "umap2": 0.8718621003819943
}