{
  "No direct optim ancestor": "None",
  "umap1": 0.7644785988358915,
  "umap2": 0.24111551639417728
}