{
  "umap1": 13.561066627502441,
  "umap2": 7.1498494148254395
}