{
  "umap1": 13.784462928771973,
  "umap2": 6.522885322570801
}