{
  "No direct optim ancestor": "None",
  "umap1": 0.7856590654714467,
  "umap2": 0.7774049338838617
}