{
  "umap1": 0.7855845611228021,
  "umap2": 0.7749923258573127
}