{
  "umap1": 12.762855529785156,
  "umap2": 3.72029185295105
}