{
  "umap1": 0.7558163824184222,
  "umap2": 0.22891876586101512
}