{
  "No direct optim ancestor": "None",
  "umap1": 0.7183311017215671,
  "umap2": 0.7927435193789558
}