{
  "umap1": 0.5622840466777185,
  "umap2": 0.1471289167762012
}