{
  "umap1": 11.483275413513184,
  "umap2": 3.6518051624298096
}