{
  "No direct optim ancestor": "None",
  "umap1": 0.14116977340389758,
  "umap2": 0.9242403231290875
}