{
  "umap1": 10.206687927246094,
  "umap2": 3.5459277629852295
}