{
  "No direct optim ancestor": "None",
  "umap1": 0.6802109952431278,
  "umap2": 0.8284077365982044
}