{
  "umap1": 0.5369038575834592,
  "umap2": 0.15933013149196196
}