{
  "umap1": 0.3246178046797613,
  "umap2": 0.8578943972626313
}