{
  "umap1": 3.0714309215545654,
  "umap2": 10.561654090881348
}