{
  "umap1": 0.5508696730336778,
  "umap2": 0.841367135973806
}