{
  "No direct optim ancestor": "None",
  "umap1": 0.5336087585248895,
  "umap2": 0.9088392033908776
}