{
  "umap1": 12.33799934387207,
  "umap2": 4.118166446685791
}