{
  "umap1": 0.04757722736201009,
  "umap2": 0.5010835911536948
}