{
  "No direct optim ancestor": "None",
  "umap1": 0.5414908067056929,
  "umap2": 0.1477548918303191
}