{
  "umap1": 11.048955917358398,
  "umap2": 1.6548446416854858
}