{
  "umap1": 12.265609741210938,
  "umap2": 6.805231094360352
}