{
  "umap1": 3.370260000228882,
  "umap2": 9.936952590942383
}