{
  "umap1": 0.12114566634265267,
  "umap2": 0.6786964319075052
}