{
  "umap1": 0.38477296914400205,
  "umap2": 0.24153809911448998
}