{
  "umap1": 0.8672883571875668,
  "umap2": 0.5206662668975953
}