{
  "No direct optim ancestor": "None",
  "umap1": 0.6015321673485216,
  "umap2": 0.7957509085957364
}