{
  "umap1": 13.946057319641113,
  "umap2": 5.374950885772705
}