{
  "No direct optim ancestor": "None",
  "umap1": 0.8431815140777897,
  "umap2": 0.028550404764424164
}