{
  "umap1": 0.7694025873780067,
  "umap2": 0.004060950885187764
}