{
  "umap1": 12.673660278320312,
  "umap2": 3.2616820335388184
}