{
  "umap1": 0.6013727550883934,
  "umap2": 0.8298801468152334
}