{
  "umap1": 14.097552299499512,
  "umap2": 2.6360273361206055
}