{
  "No direct optim ancestor": "None",
  "umap1": 0.6115825623508322,
  "umap2": 0.9551315882371535
}