{
  "umap1": 9.508227348327637,
  "umap2": 1.8503531217575073
}