{
  "umap1": 0.8616140835121855,
  "umap2": 0.9844016476954917
}