{
  "No direct optim ancestor": "None",
  "umap1": 0.9385886896156916,
  "umap2": 0.0798983570364955
}