{
  "umap1": 8.362868309020996,
  "umap2": 7.183639049530029
}