{
  "Ancestor's direct optim goal": "a photo of a red salamander with green spots and blue gills",
  "umap1": 0.8475403154133554,
  "umap2": 0.6860476309127275
}