{
  "umap1": 0.6533572338700685,
  "umap2": 0.043515322486809116
}