{
  "umap1": 11.434497833251953,
  "umap2": 1.9770827293395996
}