{
  "umap1": 0.703059272024636,
  "umap2": 0.6137738829207904
}