{
  "No direct optim ancestor": "None",
  "umap1": 0.15928865800682324,
  "umap2": 0.4532360464988552
}