{
  "umap1": 12.891937255859375,
  "umap2": 2.1686909198760986
}