{
  "umap1": 10.643070220947266,
  "umap2": 2.2436461448669434
}