{
  "umap1": 0.836161613734398,
  "umap2": 0.5533680167956436
}