{
  "umap1": 3.550069808959961,
  "umap2": 10.350654602050781
}