{
  "umap1": 3.6265218257904053,
  "umap2": 10.098002433776855
}