{
  "umap1": 0.5408544730244538,
  "umap2": 0.20787738306956471
}