{
  "umap1": 0.9088734442153569,
  "umap2": 0.14678469027380747
}