{
  "No direct optim ancestor": "None",
  "umap1": 0.2097325747498464,
  "umap2": 0.9836565771437217
}