{
  "umap1": 10.53490161895752,
  "umap2": 3.5926051139831543
}