{
  "No direct optim ancestor": "None",
  "umap1": 0.5223131829066737,
  "umap2": 0.2361795535800565
}