{
  "umap1": 0.30623064247766096,
  "umap2": 0.6338305331259109
}