{
  "umap1": 0.3372404087758115,
  "umap2": 0.5854207103643726
}