{
  "umap1": 0.6415552870848814,
  "umap2": 0.8674701868788375
}