{
  "No direct optim ancestor": "None",
  "umap1": 0.9657436874657367,
  "umap2": 0.5551556199720005
}