{
  "umap1": 0.7263632444315841,
  "umap2": 0.08483395350830036
}