{
  "No direct optim ancestor": "None",
  "umap1": 0.05467531542537729,
  "umap2": 0.21376962411147749
}