{
  "umap1": 10.322340965270996,
  "umap2": 2.986905574798584
}