{
  "umap1": 0.9604381160305541,
  "umap2": 0.3645498462657575
}