{
  "No direct optim ancestor": "None",
  "umap1": 0.7230516154346409,
  "umap2": 0.202687789015088
}