{
  "umap1": 0.03831243548392016,
  "umap2": 0.3005588329984117
}