{
  "No direct optim ancestor": "None",
  "umap1": 0.06761690616845883,
  "umap2": 0.15874156414767282
}