{
  "umap1": 0.5052926419225846,
  "umap2": 0.9881987855032706
}