{
  "No direct optim ancestor": "None",
  "umap1": 0.6575703483877476,
  "umap2": 0.19651328893680065
}