{
  "umap1": 12.022400856018066,
  "umap2": 2.0158796310424805
}