{
  "umap1": 4.9876484870910645,
  "umap2": 10.695964813232422
}