{
  "umap1": 0.41556637301029675,
  "umap2": 0.8105533157542314
}