{
  "umap1": 0.7202197582256372,
  "umap2": 0.3905844701937127
}