{
  "No direct optim ancestor": "None",
  "umap1": 0.009065480685079619,
  "umap2": 0.7986883735861271
}