{
  "umap1": 14.395379066467285,
  "umap2": 4.884039878845215
}