{
  "umap1": 9.891494750976562,
  "umap2": 2.084789276123047
}