{
  "No direct optim ancestor": "None",
  "umap1": 0.12355901895094257,
  "umap2": 0.5242032242138975
}