{
  "umap1": 0.03219292682957686,
  "umap2": 0.4095001348718035
}