{
  "umap1": 13.140039443969727,
  "umap2": 4.125677585601807
}