{
  "umap1": 13.011463165283203,
  "umap2": 5.457634925842285
}