{
  "No direct optim ancestor": "None",
  "umap1": 0.0551312510244677,
  "umap2": 0.35252864807386275
}