{
  "umap1": 0.43297969335361775,
  "umap2": 0.853256792255155
}