{
  "umap1": 11.345097541809082,
  "umap2": 3.678971767425537
}