{
  "umap1": 0.7342546980354534,
  "umap2": 0.48022913331114614
}