{
  "No direct optim ancestor": "None",
  "umap1": 0.39846656436111194,
  "umap2": 0.9422687345108132
}