{
  "umap1": 0.9348339729486429,
  "umap2": 0.8163899075484355
}