{
  "umap1": 12.86030387878418,
  "umap2": 6.1794514656066895
}