{
  "No direct optim ancestor": "None",
  "umap1": 0.9430852365145318,
  "umap2": 0.3001048381928084
}