{
  "umap1": 12.368537902832031,
  "umap2": 6.809503555297852
}