{
  "umap1": 0.789275566245736,
  "umap2": 0.8119644156241432
}