{
  "No direct optim ancestor": "None",
  "umap1": 0.11231696359181187,
  "umap2": 0.05704075874312864
}