{
  "umap1": 12.393507957458496,
  "umap2": 2.4244871139526367
}