{
  "umap1": 0.8657062741908852,
  "umap2": 0.7082430550944324
}