{
  "No direct optim ancestor": "None",
  "umap1": 0.7772171622160496,
  "umap2": 0.24917836907212565
}