{
  "No direct optim ancestor": "None",
  "umap1": 0.6882290427464662,
  "umap2": 0.48394084408640936
}