{
  "umap1": 0.3862130706428184,
  "umap2": 0.36348873055299236
}