{
  "umap1": 0.2796949907106384,
  "umap2": 0.12819002712074845
}