{
  "umap1": 9.635766983032227,
  "umap2": 1.7630301713943481
}