{
  "No direct optim ancestor": "None",
  "umap1": 0.3210738319774784,
  "umap2": 0.0062990207703575996
}