{
  "umap1": 12.013296127319336,
  "umap2": 2.3637425899505615
}