{
  "umap1": 12.493706703186035,
  "umap2": 3.8702054023742676
}