{
  "umap1": 1.0578181743621826,
  "umap2": 9.770692825317383
}