{
  "No direct optim ancestor": "None",
  "umap1": 0.46351480261622946,
  "umap2": 0.4704612902299776
}