{
  "umap1": 0.15617113559047857,
  "umap2": 0.20642364904595933
}