{
  "umap1": 12.452766418457031,
  "umap2": 3.7893545627593994
}