{
  "umap1": 0.6406581694120091,
  "umap2": 0.6021647260172897
}