{
  "No direct optim ancestor": "None",
  "umap1": 0.24671606505744093,
  "umap2": 0.4839102321288179
}