{
  "umap1": 12.14478874206543,
  "umap2": 5.3557209968566895
}