{
  "No direct optim ancestor": "None",
  "umap1": 0.15163025022480892,
  "umap2": 0.9820003510292147
}