{
  "umap1": 0.9582954130843822,
  "umap2": 0.17776969905963103
}