{
  "umap1": 0.7413916023233258,
  "umap2": 0.7127222969173298
}