{
  "No direct optim ancestor": "None",
  "umap1": 0.48172015539759105,
  "umap2": 0.9871695799831528
}