{
  "umap1": 13.132244110107422,
  "umap2": 3.3856348991394043
}