{
  "umap1": 0.9619849419882099,
  "umap2": 0.9678353549479258
}