{
  "No direct optim ancestor": "None",
  "umap1": 0.49254995174603644,
  "umap2": 0.8926773022990223
}