{
  "No direct optim ancestor": "None",
  "umap1": 0.2040203660652622,
  "umap2": 0.016461396401999506
}