{
  "umap1": 0.8804362947078573,
  "umap2": 0.357413144442814
}