{
  "umap1": 0.9589640696730202,
  "umap2": 0.18707118716570514
}