{
  "umap1": 12.847387313842773,
  "umap2": 7.142113208770752
}