{
  "No direct optim ancestor": "None",
  "umap1": 0.046497073198231154,
  "umap2": 0.21497474593851484
}