{
  "umap1": 0.9211698800214191,
  "umap2": 0.18182188210296568
}