{
  "umap1": 12.522234916687012,
  "umap2": 2.902829885482788
}