{
  "umap1": 8.374775886535645,
  "umap2": 4.5671305656433105
}