{
  "umap1": 0.8373659102918531,
  "umap2": 0.5674384022257968
}