{
  "No direct optim ancestor": "None",
  "umap1": 0.21746700628664184,
  "umap2": 0.011157032464500394
}