{
  "No direct optim ancestor": "None",
  "umap1": 0.4145153507072632,
  "umap2": 0.6069673175506931
}