{
  "umap1": 0.9336496361980186,
  "umap2": 0.2655376034010285
}