{
  "umap1": 4.853034019470215,
  "umap2": 10.90833568572998
}