{
  "umap1": 0.24625584862144112,
  "umap2": 0.9564550325225496
}