{
  "umap1": 0.5617805918943343,
  "umap2": 0.5877192020402182
}