{
  "umap1": 3.6769320964813232,
  "umap2": 9.905997276306152
}