{
  "umap1": 0.8695220353534056,
  "umap2": 0.6632717805357718
}