{
  "No direct optim ancestor": "None",
  "umap1": 0.8273601299390776,
  "umap2": 0.8854271398271217
}