{
  "No direct optim ancestor": "None",
  "umap1": 0.3713704522298411,
  "umap2": 0.40123629183561804
}