{
  "umap1": 0.5984055710264048,
  "umap2": 0.3731548326177737
}