{
  "No direct optim ancestor": "None",
  "umap1": 0.4088806223249647,
  "umap2": 0.03412104206275568
}