{
  "umap1": 13.676459312438965,
  "umap2": 2.256783962249756
}