{
  "umap1": 0.5415743113537622,
  "umap2": 0.34919509010235394
}