{
  "umap1": 12.799251556396484,
  "umap2": 4.363208770751953
}