{
  "umap1": 0.17534030232166609,
  "umap2": 0.7536732491368305
}