{
  "No direct optim ancestor": "None",
  "umap1": 0.3509904342582033,
  "umap2": 0.23604572701485704
}