{
  "No direct optim ancestor": "None",
  "umap1": 0.18370178002903648,
  "umap2": 0.91619426397778
}