{
  "umap1": 0.4918330226325299,
  "umap2": 0.3077181598016633
}