{
  "umap1": 0.6606537496315948,
  "umap2": 0.09644405495557085
}