{
  "umap1": 11.425426483154297,
  "umap2": 1.473201870918274
}