{
  "No direct optim ancestor": "None",
  "umap1": 0.4173948880003614,
  "umap2": 0.07129982733438678
}