{
  "umap1": 0.9392854229561913,
  "umap2": 0.11449497396571473
}