{
  "No direct optim ancestor": "None",
  "umap1": 0.15412049730499422,
  "umap2": 0.7594080011568055
}