{
  "umap1": 1.411094307899475,
  "umap2": 10.039680480957031
}