{
  "umap1": 11.077939987182617,
  "umap2": 2.742117166519165
}