{
  "umap1": 0.09956681109781695,
  "umap2": 0.22646926576739246
}