{
  "No direct optim ancestor": "None",
  "umap1": 0.46929029535797173,
  "umap2": 0.1151054606095342
}