{
  "umap1": 12.434270858764648,
  "umap2": 1.537361979484558
}