{
  "umap1": 0.6148693174926082,
  "umap2": 0.6417626594087066
}