{
  "No direct optim ancestor": "None",
  "umap1": 0.22122797648615355,
  "umap2": 0.6670127815191838
}