{
  "umap1": 11.897363662719727,
  "umap2": 1.871174931526184
}