{
  "umap1": 0.356408102026761,
  "umap2": 0.6105216245167941
}