{
  "umap1": 0.69052846092994,
  "umap2": 0.5350425443144537
}