{
  "No direct optim ancestor": "None",
  "umap1": 0.5483121760465072,
  "umap2": 0.6431090860607985
}