{
  "No direct optim ancestor": "None",
  "umap1": 0.8060272804833878,
  "umap2": 0.5957514298531285
}