{
  "umap1": 0.4956220067672713,
  "umap2": 0.8779256278582724
}