{
  "umap1": 9.771637916564941,
  "umap2": 2.1406736373901367
}