{
  "umap1": 0.6352011261985827,
  "umap2": 0.7779265320707532
}