{
  "umap1": 14.446050643920898,
  "umap2": 5.620222568511963
}