{
  "No direct optim ancestor": "None",
  "umap1": 0.7934141515286255,
  "umap2": 0.2989736297284922
}