{
  "umap1": 13.93155288696289,
  "umap2": 3.829624652862549
}