{
  "umap1": 0.4866495911754777,
  "umap2": 0.4011681935486795
}