{
  "umap1": 9.226778984069824,
  "umap2": 5.730000019073486
}