{
  "No direct optim ancestor": "None",
  "umap1": 0.33368743671211754,
  "umap2": 0.8231428989544004
}