{
  "umap1": 8.659152030944824,
  "umap2": 5.374100685119629
}