{
  "umap1": 0.897427342686566,
  "umap2": 0.3164951591040499
}