{
  "No direct optim ancestor": "None",
  "umap1": 0.31410606660529616,
  "umap2": 0.31798028906075726
}