{
  "umap1": 0.4268105972867554,
  "umap2": 0.5664630792646976
}