{
  "umap1": 0.32033288903073676,
  "umap2": 0.7823449034943571
}