{
  "umap1": 1.1396543979644775,
  "umap2": 9.62979793548584
}