{
  "umap1": 10.540169715881348,
  "umap2": 1.44302237033844
}