{
  "No direct optim ancestor": "None",
  "umap1": 0.05450518401973248,
  "umap2": 0.5376712791873646
}