{
  "umap1": 0.01605738250046762,
  "umap2": 0.598844749964802
}