{
  "umap1": 8.251175880432129,
  "umap2": 8.965164184570312
}