{
  "umap1": 13.17556381225586,
  "umap2": 2.382281541824341
}