{
  "umap1": 0.4356289446276771,
  "umap2": 0.8871541993958243
}