{
  "No direct optim ancestor": "None",
  "umap1": 0.7733350244431462,
  "umap2": 0.06090397580400286
}