{
  "No direct optim ancestor": "None",
  "umap1": 0.5443224576519728,
  "umap2": 0.7503656613073548
}