{
  "umap1": 0.17832556718938264,
  "umap2": 0.922369291333682
}