{
  "umap1": 4.877350807189941,
  "umap2": 10.872437477111816
}