{
  "umap1": 0.16656358571814212,
  "umap2": 0.16323738749067485
}