{
  "No direct optim ancestor": "None",
  "umap1": 0.8093989019546401,
  "umap2": 0.8900665160958909
}