{
  "umap1": 9.460944175720215,
  "umap2": 6.102723121643066
}