{
  "umap1": 3.403547525405884,
  "umap2": 10.403429985046387
}