{
  "umap1": 0.5262853611574344,
  "umap2": 0.20530001103629558
}