{
  "umap1": 4.87492036819458,
  "umap2": 10.840970993041992
}