{
  "No direct optim ancestor": "None",
  "umap1": 0.23776439380759307,
  "umap2": 0.7713714469669162
}