{
  "umap1": 8.87333869934082,
  "umap2": 5.747182369232178
}