{
  "umap1": 0.8160617736768075,
  "umap2": 0.37315277129393376
}