{
  "No direct optim ancestor": "None",
  "umap1": 0.1821811597880918,
  "umap2": 0.6617465389777953
}