{
  "umap1": 0.22777473321464914,
  "umap2": 0.6343773158527672
}