{
  "umap1": 13.024202346801758,
  "umap2": 6.402963638305664
}