{
  "No direct optim ancestor": "None",
  "umap1": 0.8492424788549422,
  "umap2": 0.451332185724595
}