{
  "umap1": 0.16663397005537672,
  "umap2": 0.24097539762032094
}