{
  "umap1": 11.952880859375,
  "umap2": 2.867003917694092
}