{
  "No direct optim ancestor": "None",
  "umap1": 0.6620280835284167,
  "umap2": 0.8792296157732085
}