{
  "umap1": 0.6400354746339517,
  "umap2": 0.48683195010842195
}