{
  "No direct optim ancestor": "None",
  "umap1": 0.287826991344849,
  "umap2": 0.926961193423971
}