{
  "umap1": 0.43923868599668003,
  "umap2": 0.6247063722598812
}