{
  "umap1": 0.925542674199863,
  "umap2": 0.7949146642754065
}