{
  "No direct optim ancestor": "None",
  "umap1": 0.6781590276993896,
  "umap2": 0.3384396399372681
}