{
  "No direct optim ancestor": "None",
  "umap1": 0.9363390812824464,
  "umap2": 0.5391078253569394
}