{
  "umap1": 0.47044307178581535,
  "umap2": 0.8880296075927556
}