{
  "umap1": 0.738883097178401,
  "umap2": 0.22450537870027665
}