{
  "umap1": 14.276634216308594,
  "umap2": 6.077444553375244
}