{
  "No direct optim ancestor": "None",
  "umap1": 0.610428910815808,
  "umap2": 0.9344803824386676
}