{
  "umap1": 0.14372828590313735,
  "umap2": 0.17904539551526943
}