{
  "umap1": 1.052521824836731,
  "umap2": 9.75154972076416
}