{
  "umap1": 0.6884322417639864,
  "umap2": 0.036714324680592325
}