{
  "No direct optim ancestor": "None",
  "umap1": 0.025754419680197316,
  "umap2": 0.7185002764457646
}