{
  "umap1": 0.31325270514389836,
  "umap2": 0.20365509127676762
}