{
  "umap1": 13.654547691345215,
  "umap2": 4.13326358795166
}