{
  "umap1": 12.861944198608398,
  "umap2": 2.748283863067627
}