{
  "umap1": 0.24351887238392678,
  "umap2": 0.6136423029434515
}