{
  "umap1": 2.77175235748291,
  "umap2": 10.638113975524902
}