{
  "umap1": 3.5130527019500732,
  "umap2": 9.95290470123291
}