{
  "umap1": 0.13308371075449799,
  "umap2": 0.6073999997114257
}