{
  "umap1": 0.0356984452780158,
  "umap2": 0.7837223056727372
}