{
  "umap1": 12.478607177734375,
  "umap2": 6.6400275230407715
}