{
  "No direct optim ancestor": "None",
  "umap1": 0.9181063121051547,
  "umap2": 0.09890302133305562
}