{
  "umap1": 0.219261019427345,
  "umap2": 0.18669106583275508
}