{
  "umap1": 0.5855166443787684,
  "umap2": 0.09041479138563513
}