{
  "umap1": 3.722663640975952,
  "umap2": 10.173174858093262
}