{
  "umap1": 0.1113829099746767,
  "umap2": 0.79984538641231
}