{
  "No direct optim ancestor": "None",
  "umap1": 0.2804142939357006,
  "umap2": 0.14216362272133487
}