{
  "umap1": 13.96583080291748,
  "umap2": 2.788431406021118
}