{
  "umap1": 12.324507713317871,
  "umap2": 5.756191730499268
}