{
  "No direct optim ancestor": "None",
  "umap1": 0.733489498476795,
  "umap2": 0.41035138287701656
}