{
  "umap1": 0.08634649797538552,
  "umap2": 0.33567287047486394
}