{
  "No direct optim ancestor": "None",
  "umap1": 0.5729152086385567,
  "umap2": 0.5776555298275666
}