{
  "umap1": 10.087077140808105,
  "umap2": 4.254404067993164
}