{
  "umap1": 0.3816797539974479,
  "umap2": 0.3159730815476258
}