{
  "umap1": 13.186784744262695,
  "umap2": 5.048337936401367
}