{
  "No direct optim ancestor": "None",
  "umap1": 0.6649990136310218,
  "umap2": 0.13136601682451576
}