{
  "umap1": 0.7008433594688019,
  "umap2": 0.4661580582134063
}