{
  "umap1": 13.984363555908203,
  "umap2": 5.7534708976745605
}