{
  "umap1": 13.993684768676758,
  "umap2": 1.8578757047653198
}