{
  "umap1": 0.7611699163704269,
  "umap2": 0.13915728269632066
}