{
  "No direct optim ancestor": "None",
  "umap1": 0.35392889542361594,
  "umap2": 0.8462711969761616
}