{
  "umap1": 12.18017864227295,
  "umap2": 4.963532447814941
}