{
  "No direct optim ancestor": "None",
  "umap1": 0.29730687695769065,
  "umap2": 0.9301912130484915
}