{
  "umap1": 10.168646812438965,
  "umap2": 4.960709095001221
}