{
  "umap1": 0.7718413274513195,
  "umap2": 0.5630287026168131
}