{
  "umap1": 11.470090866088867,
  "umap2": 3.6060633659362793
}