{
  "No direct optim ancestor": "None",
  "umap1": 0.7123923565508898,
  "umap2": 0.962096231465706
}