{
  "umap1": 0.6398951572964271,
  "umap2": 0.3471304837133302
}