{
  "No direct optim ancestor": "None",
  "umap1": 0.9516379855910906,
  "umap2": 0.8978497259168021
}