{
  "umap1": 0.11258064023465086,
  "umap2": 0.4744382421054151
}