{
  "umap1": 8.646177291870117,
  "umap2": 5.1257500648498535
}