{
  "No direct optim ancestor": "None",
  "umap1": 0.8031987751435977,
  "umap2": 0.7183116369119115
}