{
  "umap1": 0.1797378897957802,
  "umap2": 0.8238326723644246
}