{
  "umap1": 13.307018280029297,
  "umap2": 5.507791996002197
}