{
  "umap1": 0.9556791699025325,
  "umap2": 0.120942021100507
}