{
  "umap1": 0.16316644728762753,
  "umap2": 0.680899213982874
}