{
  "umap1": 3.950427532196045,
  "umap2": 9.830061912536621
}