{
  "No direct optim ancestor": "None",
  "umap1": 0.5298491962302913,
  "umap2": 0.7932591436402019
}