{
  "umap1": 0.655056136663371,
  "umap2": 0.7144401403623751
}