{
  "umap1": 13.56912612915039,
  "umap2": 4.513528823852539
}