{
  "No direct optim ancestor": "None",
  "umap1": 0.6348859308356666,
  "umap2": 0.17157429314153516
}