{
  "umap1": 13.855035781860352,
  "umap2": 5.589644908905029
}