{
  "umap1": 0.7793357116859174,
  "umap2": 0.21842128751705425
}