{
  "umap1": 3.8721401691436768,
  "umap2": 9.833277702331543
}