{
  "No direct optim ancestor": "None",
  "umap1": 0.15914124538988927,
  "umap2": 0.4188468101513083
}