{
  "umap1": 0.05211783710203166,
  "umap2": 0.8957557316407684
}