{
  "umap1": 0.2652972778318088,
  "umap2": 0.12276297044321904
}