{
  "No direct optim ancestor": "None",
  "umap1": 0.6471180111222629,
  "umap2": 0.7231199524979292
}