{
  "umap1": 13.4244384765625,
  "umap2": 3.7395126819610596
}