{
  "No direct optim ancestor": "None",
  "umap1": 0.1591615274252659,
  "umap2": 0.7544955879885928
}