{
  "umap1": 0.2850488731471974,
  "umap2": 0.8793616068021946
}