{
  "umap1": 0.443843266630632,
  "umap2": 0.3716071032616344
}