{
  "umap1": 8.685197830200195,
  "umap2": 5.179346561431885
}