{
  "No direct optim ancestor": "None",
  "umap1": 0.06323201999939987,
  "umap2": 0.4846569814496786
}