{
  "No direct optim ancestor": "None",
  "umap1": 0.6079353612831073,
  "umap2": 0.32910762720958175
}