{
  "umap1": 0.2006156932234201,
  "umap2": 0.11419603096053932
}