{
  "umap1": 0.35455833088800603,
  "umap2": 0.5104887916829361
}