{
  "umap1": 3.8591861724853516,
  "umap2": 9.818563461303711
}