{
  "No direct optim ancestor": "None",
  "umap1": 0.7044263548992412,
  "umap2": 0.5921303683812038
}