{
  "umap1": 0.8927743177245042,
  "umap2": 0.4806369906439363
}