{
  "umap1": 0.7458662612458619,
  "umap2": 0.9104193103277365
}