{
  "umap1": 0.15918590949550737,
  "umap2": 0.9345996002325997
}