{
  "umap1": 8.038800239562988,
  "umap2": 8.885455131530762
}