{
  "umap1": 12.740509033203125,
  "umap2": 2.64725399017334
}