{
  "umap1": 13.271790504455566,
  "umap2": 4.1686015129089355
}