{
  "umap1": 3.0856645107269287,
  "umap2": 10.428765296936035
}