{
  "umap1": 0.6052785289226078,
  "umap2": 0.5090062800009584
}