{
  "umap1": 0.19616439482674364,
  "umap2": 0.2650376392175775
}