{
  "umap1": 2.82247257232666,
  "umap2": 10.616881370544434
}