{
  "umap1": 0.21659645717920728,
  "umap2": 0.5921579441737603
}