{
  "No direct optim ancestor": "None",
  "umap1": 0.11667930895425538,
  "umap2": 0.24067458509967465
}