{
  "umap1": 0.37514201278124826,
  "umap2": 0.5327609282685516
}