{
  "umap1": 3.6484289169311523,
  "umap2": 10.322437286376953
}