{
  "umap1": 0.19309094764430035,
  "umap2": 0.27836645480942523
}