{
  "umap1": 11.603621482849121,
  "umap2": 2.197800636291504
}