{
  "umap1": 0.029059115903478427,
  "umap2": 0.2638615905662026,
  "Direct optim goal": "a photo of a green and red spiral seashell pattern"
}