{
  "Direct optim goal": "a photo of a green and red spiral seashell pattern",
  "umap1": 0.14940377637017344,
  "umap2": 0.8146939329062902
}