{
  "No direct optim ancestor": "None",
  "umap1": 0.07868963176514099,
  "umap2": 0.74174110555939
}