{
  "umap1": 0.2008094163157752,
  "umap2": 0.37037525314179875
}