{
  "umap1": 11.273436546325684,
  "umap2": 2.2339484691619873
}