{
  "umap1": 13.900443077087402,
  "umap2": 3.0529019832611084
}