{
  "umap1": 0.16906590964744217,
  "umap2": 0.5868908064355667
}