{
  "No direct optim ancestor": "None",
  "umap1": 0.9453906402788961,
  "umap2": 0.2517001220138422
}