{
  "umap1": 11.005958557128906,
  "umap2": 2.0395102500915527
}