{
  "umap1": 0.22221012498598758,
  "umap2": 0.9161169031666931
}