{
  "No direct optim ancestor": "None",
  "umap1": 0.5994140968052283,
  "umap2": 0.6960584771393089
}