{
  "umap1": 11.288837432861328,
  "umap2": 3.4755096435546875
}