{
  "umap1": 0.27108907543663585,
  "umap2": 0.1641122546673187
}