{
  "No direct optim ancestor": "None",
  "umap1": 0.02656537357196609,
  "umap2": 0.09216972101790011
}