{
  "umap1": 14.190546035766602,
  "umap2": 5.486682415008545
}