{
  "umap1": 0.4816242235533412,
  "umap2": 0.10823473447745935
}