{
  "No direct optim ancestor": "None",
  "umap1": 0.3224579981754252,
  "umap2": 0.8420279797172245
}