{
  "No direct optim ancestor": "None",
  "umap1": 0.978732344829071,
  "umap2": 0.5967841360779622
}