{
  "umap1": 0.412048242329768,
  "umap2": 0.24631518617772363
}