{
  "umap1": 9.860660552978516,
  "umap2": 6.902371406555176
}