{
  "umap1": 0.05328571976983665,
  "umap2": 0.5186803382539071
}