{
  "No direct optim ancestor": "None",
  "umap1": 0.7613634650042509,
  "umap2": 0.7405635384148026
}