{
  "umap1": 9.850719451904297,
  "umap2": 1.2294639348983765
}