{
  "No direct optim ancestor": "None",
  "umap1": 0.9125537461779174,
  "umap2": 0.1190898898412448
}