{
  "umap1": 0.5928524586999065,
  "umap2": 0.4171717992828011
}