{
  "umap1": 0.9027908953496823,
  "umap2": 0.6657644209327119
}