{
  "No direct optim ancestor": "None",
  "umap1": 0.9477453672339161,
  "umap2": 0.38353945738600814
}