{
  "umap1": 0.8572955558129234,
  "umap2": 0.3590846243647867
}