{
  "umap1": 2.6768035888671875,
  "umap2": 10.671018600463867
}