{
  "umap1": 0.5877558910376738,
  "umap2": 0.836429596191483,
  "Direct optim goal": "a photo of a red planet with six green moons"
}