{
  "umap1": 14.166988372802734,
  "umap2": 6.142340660095215
}