{
  "Direct optim goal": "a photo of a red planet with six green moons",
  "umap1": 0.9424444230379575,
  "umap2": 0.7985078454373524
}