{
  "umap1": 9.706972122192383,
  "umap2": 5.467031478881836
}