{
  "umap1": 9.570250511169434,
  "umap2": 1.8456097841262817
}