{
  "umap1": 0.35877230527840065,
  "umap2": 0.9203608632623868
}