{
  "umap1": 1.5594773292541504,
  "umap2": 9.929938316345215
}