{
  "umap1": 10.041625022888184,
  "umap2": 4.907793045043945
}