{
  "umap1": 0.28315379420318487,
  "umap2": 0.42972358968005386
}