{
  "No direct optim ancestor": "None",
  "umap1": 0.6752502962373832,
  "umap2": 0.1515916890274368
}