{
  "umap1": 0.7013790426988211,
  "umap2": 0.04044763809655838
}