{
  "umap1": 0.10310514590798758,
  "umap2": 0.12030426565088115
}