{
  "umap1": 13.027779579162598,
  "umap2": 7.225164890289307
}