{
  "No direct optim ancestor": "None",
  "umap1": 0.22711908124439872,
  "umap2": 0.35813214931127746
}