{
  "umap1": 0.6395450835904158,
  "umap2": 0.3629549984555054
}