{
  "umap1": 0.8395649213399994,
  "umap2": 0.49977209342825857
}