{
  "umap1": 7.704050064086914,
  "umap2": 5.667953014373779
}