{
  "umap1": 0.5841791055246579,
  "umap2": 0.5937986322575612
}