{
  "umap1": 13.154336929321289,
  "umap2": 3.7832627296447754
}