{
  "umap1": 0.7962833613359009,
  "umap2": 0.03591087185868813
}