{
  "No direct optim ancestor": "None",
  "umap1": 0.6096247693011171,
  "umap2": 0.1529391896226393
}