{
  "umap1": 0.6913705734776519,
  "umap2": 0.5412398128993727
}