{
  "No direct optim ancestor": "None",
  "umap1": 0.010391709576191732,
  "umap2": 0.47541445245903036
}