{
  "umap1": 11.050315856933594,
  "umap2": 3.312420606613159
}