{
  "umap1": 0.4625959141399484,
  "umap2": 0.510095969286244
}