{
  "umap1": 1.0347715616226196,
  "umap2": 9.642937660217285
}