{
  "umap1": 14.046026229858398,
  "umap2": 4.89578104019165
}