{
  "umap1": 0.6877291168039971,
  "umap2": 0.7213446806898328
}