{
  "No direct optim ancestor": "None",
  "umap1": 0.013343108480323829,
  "umap2": 0.7236388094439706
}