{
  "umap1": 11.139165878295898,
  "umap2": 1.389031171798706
}