{
  "umap1": 0.4981468580377638,
  "umap2": 0.18899704771671055
}