{
  "No direct optim ancestor": "None",
  "umap1": 0.43543502750833374,
  "umap2": 0.8594184314498022
}