{
  "umap1": 0.7618428552073331,
  "umap2": 0.7996386842161878
}