{
  "umap1": 12.777838706970215,
  "umap2": 4.643846035003662
}