{
  "umap1": 0.35155104274979676,
  "umap2": 0.024605398238377596
}