{
  "No direct optim ancestor": "None",
  "umap1": 0.0760970326326651,
  "umap2": 0.5654474347228438
}