{
  "umap1": 10.759162902832031,
  "umap2": 1.3509340286254883
}