{
  "umap1": 0.6065335184774784,
  "umap2": 0.22407499403162512
}