{
  "No direct optim ancestor": "None",
  "umap1": 0.7531040909297366,
  "umap2": 0.9591177232769938
}