{
  "umap1": 11.789252281188965,
  "umap2": 2.352661371231079
}