{
  "umap1": 8.627949714660645,
  "umap2": 5.354030609130859
}