{
  "umap1": 0.595957553060192,
  "umap2": 0.015593691868593718
}