{
  "No direct optim ancestor": "None",
  "umap1": 0.3347823995070709,
  "umap2": 0.6513366846609352
}