{
  "umap1": 0.8897595138699883,
  "umap2": 0.6757326563898399
}