{
  "umap1": 13.679030418395996,
  "umap2": 4.521241188049316
}