{
  "umap1": 13.445634841918945,
  "umap2": 3.1672940254211426
}