{
  "umap1": 0.8540322099195935,
  "umap2": 0.10293605621616209
}