{
  "No direct optim ancestor": "None",
  "umap1": 0.990671962556171,
  "umap2": 0.7520003214758599
}