{
  "No direct optim ancestor": "None",
  "umap1": 0.9143814902946481,
  "umap2": 0.17778652718561483
}