{
  "umap1": 10.734501838684082,
  "umap2": 1.322931170463562
}