{
  "umap1": 0.17950557478884543,
  "umap2": 0.5141250400147268
}