{
  "umap1": 0.966190432512603,
  "umap2": 0.14884249936461091
}