{
  "umap1": 3.7595090866088867,
  "umap2": 10.242853164672852
}