{
  "No direct optim ancestor": "None",
  "umap1": 0.12794373213100896,
  "umap2": 0.6407056462795582
}