{
  "umap1": 0.26458034233697436,
  "umap2": 0.31429092459820285
}