{
  "umap1": 11.22923755645752,
  "umap2": 1.5128542184829712
}