{
  "umap1": 0.818054385129472,
  "umap2": 0.7990763467803944
}