{
  "No direct optim ancestor": "None",
  "umap1": 0.43728536832220366,
  "umap2": 0.7532608900843537
}