{
  "umap1": 0.244570814289501,
  "umap2": 0.32836390714157626
}