{
  "No direct optim ancestor": "None",
  "umap1": 0.6210074364837884,
  "umap2": 0.33657657612999126
}