{
  "umap1": 0.24901623066970313,
  "umap2": 0.3147541555511387
}