{
  "umap1": 12.17261028289795,
  "umap2": 2.6517786979675293
}