{
  "umap1": 13.945906639099121,
  "umap2": 6.805079936981201
}