{
  "umap1": 11.783281326293945,
  "umap2": 3.2864296436309814
}