{
  "umap1": 11.0560302734375,
  "umap2": 2.2360846996307373
}