{
  "No direct optim ancestor": "None",
  "umap1": 0.47528287047304507,
  "umap2": 0.30614529324506423
}