{
  "umap1": 0.49088995943865377,
  "umap2": 0.4762522259965849
}