{
  "umap1": 3.2813048362731934,
  "umap2": 10.148275375366211
}