{
  "No direct optim ancestor": "None",
  "umap1": 0.3957154573319024,
  "umap2": 0.7485243469054061
}