{
  "umap1": 13.879929542541504,
  "umap2": 2.0471982955932617
}