{
  "umap1": 0.32556551749500484,
  "umap2": 0.6362353696728965
}