{
  "umap1": 8.141693115234375,
  "umap2": 8.908459663391113
}