{
  "umap1": 13.261581420898438,
  "umap2": 4.031270503997803
}