{
  "No direct optim ancestor": "None",
  "umap1": 0.46635618016127733,
  "umap2": 0.9780866019594855
}