{
  "umap1": 9.533438682556152,
  "umap2": 5.963599681854248
}