{
  "umap1": 0.4915552502968795,
  "umap2": 0.0494254927056339
}