{
  "No direct optim ancestor": "None",
  "umap1": 0.6833539026846205,
  "umap2": 0.4788880443362131
}