{
  "umap1": 12.45460319519043,
  "umap2": 2.932699203491211
}