{
  "umap1": 0.1826821690111653,
  "umap2": 0.17206730437166662
}