{
  "umap1": 0.19342423616159088,
  "umap2": 0.1635494406805914
}