{
  "umap1": 14.009742736816406,
  "umap2": 5.29373836517334
}