{
  "umap1": 10.23714828491211,
  "umap2": 2.5024054050445557
}