{
  "umap1": 12.11037826538086,
  "umap2": 2.366244316101074
}