{
  "No direct optim ancestor": "None",
  "umap1": 0.5707129833594062,
  "umap2": 0.7811512675983663
}