{
  "umap1": 11.349141120910645,
  "umap2": 1.5373433828353882
}