{
  "umap1": 0.604111525918795,
  "umap2": 0.6605133487236203
}