{
  "umap1": 13.917764663696289,
  "umap2": 4.821644306182861
}