{
  "umap1": 0.7173931526695625,
  "umap2": 0.5212159056595065
}