{
  "No direct optim ancestor": "None",
  "umap1": 0.8667217242787938,
  "umap2": 0.4001948953113861
}