{
  "umap1": 0.871756997846511,
  "umap2": 0.48115097381543837
}