{
  "umap1": 13.334883689880371,
  "umap2": 6.295580863952637
}