{
  "umap1": 13.9891996383667,
  "umap2": 4.7206315994262695
}