{
  "No direct optim ancestor": "None",
  "umap1": 0.4387463088156258,
  "umap2": 0.0727690393906667
}