{
  "umap1": 0.3639651649317637,
  "umap2": 0.4558199525722295
}