{
  "No direct optim ancestor": "None",
  "umap1": 0.9588836471975908,
  "umap2": 0.9515861549236619
}