{
  "umap1": 0.8904939166889407,
  "umap2": 0.6486885303331539
}