{
  "No direct optim ancestor": "None",
  "umap1": 0.6943531888551127,
  "umap2": 0.29191470412888865
}