{
  "umap1": 0.9502677661194449,
  "umap2": 0.5965266080152151
}