{
  "umap1": 10.046746253967285,
  "umap2": 1.5343693494796753
}