{
  "umap1": 0.9103321288473657,
  "umap2": 0.037521792781587515
}