{
  "umap1": 2.9634947776794434,
  "umap2": 10.199810028076172
}