{
  "umap1": 8.901118278503418,
  "umap2": 6.769642353057861
}