{
  "umap1": 0.7126801586806498,
  "umap2": 0.15491602424327477
}