{
  "No direct optim ancestor": "None",
  "umap1": 0.9353497115438518,
  "umap2": 0.6564349194218682
}