{
  "umap1": 0.03759686745968305,
  "umap2": 0.8464466165248796
}