{
  "No direct optim ancestor": "None",
  "umap1": 0.34312970456180336,
  "umap2": 0.9426468907853797
}