{
  "umap1": 0.4686610199321697,
  "umap2": 0.4757020313748984
}