{
  "No direct optim ancestor": "None",
  "umap1": 0.8697941159865169,
  "umap2": 0.3268222662260639
}