{
  "No direct optim ancestor": "None",
  "umap1": 0.046201657662384044,
  "umap2": 0.30905709606601506
}