{
  "umap1": 0.22641301831823502,
  "umap2": 0.021392470278171483
}