{
  "umap1": 0.6824237459247052,
  "umap2": 0.6410928116952275
}