{
  "umap1": 9.321844100952148,
  "umap2": 3.3957033157348633
}