{
  "No direct optim ancestor": "None",
  "umap1": 0.8042105366175396,
  "umap2": 0.9583259827403756
}