{
  "umap1": 0.0680169712469797,
  "umap2": 0.237874102340615
}