{
  "umap1": 13.688222885131836,
  "umap2": 7.228947162628174
}