{
  "No direct optim ancestor": "None",
  "umap1": 0.9135263941979702,
  "umap2": 0.39589826801694594
}