{
  "umap1": 0.6806427171918358,
  "umap2": 0.8341115210622483
}