{
  "umap1": 11.106449127197266,
  "umap2": 1.403335452079773
}