{
  "umap1": 9.654937744140625,
  "umap2": 4.430551052093506
}