{
  "umap1": 0.816735547181779,
  "umap2": 0.52725696419617
}