{
  "No direct optim ancestor": "None",
  "umap1": 0.9137438340424688,
  "umap2": 0.23401041329865846
}