{
  "No direct optim ancestor": "None",
  "umap1": 0.7358453511752266,
  "umap2": 0.20161853644376926
}