{
  "umap1": 13.1204252243042,
  "umap2": 3.635655164718628
}