{
  "umap1": 0.32929243069858294,
  "umap2": 0.5809940492451284
}