{
  "umap1": 0.8962678131878593,
  "umap2": 0.03806134473273004
}