{
  "umap1": 0.8279765739562047,
  "umap2": 0.879697966235902
}