{
  "No direct optim ancestor": "None",
  "umap1": 0.4614918122503773,
  "umap2": 0.4675223023910866
}