{
  "umap1": 13.003621101379395,
  "umap2": 5.2402215003967285
}