{
  "No direct optim ancestor": "None",
  "umap1": 0.6558126593822133,
  "umap2": 0.43247660676608435
}