{
  "umap1": 0.7149616686653174,
  "umap2": 0.3918025540408804
}