{
  "umap1": 13.34810733795166,
  "umap2": 1.6677439212799072
}