{
  "umap1": 4.966548442840576,
  "umap2": 10.77486801147461
}