{
  "No direct optim ancestor": "None",
  "umap1": 0.6094309716548211,
  "umap2": 0.15890714995037658
}