{
  "umap1": 0.7620148954301157,
  "umap2": 0.08642285731311528
}