{
  "umap1": 9.018634796142578,
  "umap2": 4.637123107910156
}