{
  "umap1": 0.08601261088075851,
  "umap2": 0.12266813162870327
}