{
  "umap1": 10.259834289550781,
  "umap2": 5.579135417938232
}