{
  "No direct optim ancestor": "None",
  "umap1": 0.31004788446454923,
  "umap2": 0.6925560074305753
}