{
  "umap1": 11.744302749633789,
  "umap2": 5.014652252197266
}