{
  "umap1": 0.01000547005098329,
  "umap2": 0.04651581483403722
}