{
  "No direct optim ancestor": "None",
  "umap1": 0.8607179765829945,
  "umap2": 0.14740323771523867
}