{
  "Direct optim goal": "a close-up photo of a red lightning bolt with green sparks and blue glow",
  "umap1": 0.9193003595333163,
  "umap2": 0.5431015098575223
}