{
  "umap1": 0.8958706583658277,
  "umap2": 0.5615155562589247,
  "Direct optim goal": "a close-up photo of a red lightning bolt with green sparks and blue glow"
}