{
  "umap1": 10.521515846252441,
  "umap2": 7.343907356262207
}