{
  "umap1": 0.30598597407958716,
  "umap2": 0.5367089753474211
}