{
  "umap1": 3.363434314727783,
  "umap2": 10.42595100402832
}