{
  "umap1": 0.7160865638054229,
  "umap2": 0.3845764381780429
}