{
  "No direct optim ancestor": "None",
  "umap1": 0.8623263294060903,
  "umap2": 0.2510961089033422
}