{
  "umap1": 0.1224536760870728,
  "umap2": 0.8607287710643704
}