{
  "umap1": 11.422933578491211,
  "umap2": 2.2339112758636475
}