{
  "umap1": 0.5282822579232678,
  "umap2": 0.77257842116112
}