{
  "No direct optim ancestor": "None",
  "umap1": 0.4500698212858174,
  "umap2": 0.7432879300379579
}