{
  "umap1": 12.310489654541016,
  "umap2": 2.938424825668335
}