{
  "No direct optim ancestor": "None",
  "umap1": 0.6739535326332031,
  "umap2": 0.2962407071432641
}