{
  "umap1": 12.176031112670898,
  "umap2": 3.4043660163879395
}