{
  "umap1": 0.10357084714040099,
  "umap2": 0.9215890963759494
}