{
  "umap1": 11.102093696594238,
  "umap2": 2.8019707202911377
}