{
  "umap1": 3.391824722290039,
  "umap2": 9.963212013244629
}