{
  "umap1": 11.936650276184082,
  "umap2": 2.7103676795959473
}