{
  "umap1": 0.9049194584859188,
  "umap2": 0.3009171250828022
}