{
  "No direct optim ancestor": "None",
  "umap1": 0.8107525478114339,
  "umap2": 0.014963320665923097
}