{
  "umap1": 12.811471939086914,
  "umap2": 6.822258472442627
}