{
  "No direct optim ancestor": "None",
  "umap1": 0.018499732915076117,
  "umap2": 0.788258007751402
}