{
  "umap1": 0.9180747855633014,
  "umap2": 0.14170384163134997
}