{
  "umap1": 4.915689468383789,
  "umap2": 10.854387283325195
}