{
  "umap1": 12.472393035888672,
  "umap2": 2.902723550796509
}