{
  "No direct optim ancestor": "None",
  "umap1": 0.12163082209802778,
  "umap2": 0.6728811983022632
}