{
  "umap1": 0.5904879529824819,
  "umap2": 0.4203443224076657
}