{
  "umap1": 3.4343082904815674,
  "umap2": 10.025891304016113
}