{
  "No direct optim ancestor": "None",
  "umap1": 0.11827196176955745,
  "umap2": 0.2971062879962465
}