{
  "umap1": 0.6298266295973987,
  "umap2": 0.397359381081717
}