{
  "umap1": 11.749053955078125,
  "umap2": 3.231750726699829
}