{
  "No direct optim ancestor": "None",
  "umap1": 0.55726951775011,
  "umap2": 0.5062575838222877
}