{
  "umap1": 0.17026221265416308,
  "umap2": 0.9665780617047611
}