{
  "umap1": 11.418137550354004,
  "umap2": 3.655111789703369
}