{
  "No direct optim ancestor": "None",
  "umap1": 0.7034262217001522,
  "umap2": 0.6212284285489487
}