{
  "umap1": 0.32303743914765914,
  "umap2": 0.8890377082811649
}