{
  "umap1": 13.885560989379883,
  "umap2": 2.0467913150787354
}