{
  "umap1": 0.5129837455231239,
  "umap2": 0.20444239244762785
}