{
  "umap1": 13.326444625854492,
  "umap2": 5.085243225097656
}