{
  "No direct optim ancestor": "None",
  "umap1": 0.770370994085368,
  "umap2": 0.14956549141896236
}