{
  "umap1": 11.678937911987305,
  "umap2": 3.4498684406280518
}