{
  "umap1": 12.566463470458984,
  "umap2": 4.965354919433594
}