{
  "umap1": 0.1662643375578141,
  "umap2": 0.8080599231567989
}