{
  "No direct optim ancestor": "None",
  "umap1": 0.9879452267396459,
  "umap2": 0.0983258966299595
}