{
  "umap1": 11.884270668029785,
  "umap2": 2.1467435359954834
}