{
  "umap1": 13.788313865661621,
  "umap2": 5.087853908538818
}