{
  "umap1": 12.45934009552002,
  "umap2": 3.351703643798828
}