{
  "No direct optim ancestor": "None",
  "umap1": 0.04407683972323817,
  "umap2": 0.3657017609118838
}