{
  "umap1": 0.06920807637428739,
  "umap2": 0.6910804198562565
}