{
  "umap1": 12.999217987060547,
  "umap2": 6.328310012817383
}