{
  "No direct optim ancestor": "None",
  "umap1": 0.03065628819605626,
  "umap2": 0.6025321184599611
}