{
  "umap1": 0.9117083900980868,
  "umap2": 0.9811292125525595
}