{
  "umap1": 0.799776079765571,
  "umap2": 0.29876541000678203
}