{
  "umap1": 10.582147598266602,
  "umap2": 2.605475425720215
}