{
  "umap1": 0.7350815545029766,
  "umap2": 0.8475597140302177
}