{
  "No direct optim ancestor": "None",
  "umap1": 0.7084284980523463,
  "umap2": 0.6814233595954711
}