{
  "umap1": 13.028494834899902,
  "umap2": 6.6152143478393555
}