{
  "umap1": 12.641434669494629,
  "umap2": 7.502737045288086
}