{
  "umap1": 11.162105560302734,
  "umap2": 1.3605421781539917
}