{
  "umap1": 0.12474862412268406,
  "umap2": 0.8029954980258319
}