{
  "No direct optim ancestor": "None",
  "umap1": 0.7138034387631607,
  "umap2": 0.6582684207644031
}