{
  "umap1": 0.6737671293148794,
  "umap2": 0.48060315466223236
}