{
  "umap1": 13.521071434020996,
  "umap2": 5.846154689788818
}