{
  "No direct optim ancestor": "None",
  "umap1": 0.503072514817701,
  "umap2": 0.5747164585278987
}