{
  "umap1": 13.255932807922363,
  "umap2": 3.899855613708496
}