{
  "umap1": 2.6754353046417236,
  "umap2": 10.678646087646484
}