{
  "umap1": 0.9947486572949056,
  "umap2": 0.8082692794741321
}