{
  "No direct optim ancestor": "None",
  "umap1": 0.020757119637046184,
  "umap2": 0.8283647239509238
}