{
  "umap1": 0.05772765324200135,
  "umap2": 0.41239566421105145
}