{
  "No direct optim ancestor": "None",
  "umap1": 0.26859201193583937,
  "umap2": 0.03579265836093648
}