{
  "umap1": 13.8152437210083,
  "umap2": 4.099615097045898
}