{
  "umap1": 0.3666978573845996,
  "umap2": 0.2736968326830236
}