{
  "umap1": 1.0367567539215088,
  "umap2": 9.64720630645752
}