{
  "umap1": 8.275216102600098,
  "umap2": 6.798214435577393
}