{
  "umap1": 0.09294242738940672,
  "umap2": 0.6235660401487269
}