{
  "No direct optim ancestor": "None",
  "umap1": 0.17202132388903146,
  "umap2": 0.2507913150147194
}