{
  "umap1": 0.8212433459190605,
  "umap2": 0.26401724860471965
}