{
  "No direct optim ancestor": "None",
  "umap1": 0.16916230762152218,
  "umap2": 0.6349370485872378
}