{
  "umap1": 0.3152952187723189,
  "umap2": 0.13001386387342917
}