{
  "umap1": 10.581958770751953,
  "umap2": 1.1865630149841309
}