{
  "No direct optim ancestor": "None",
  "umap1": 0.909793709228011,
  "umap2": 0.5221850809144919
}