{
  "umap1": 0.6055454989870763,
  "umap2": 0.6321737249792813
}