{
  "umap1": 12.347859382629395,
  "umap2": 3.9182562828063965
}