{
  "No direct optim ancestor": "None",
  "umap1": 0.5438975025230707,
  "umap2": 0.71293185571801
}