{
  "umap1": 0.9932268963284419,
  "umap2": 0.038502925421067036
}