{
  "umap1": 8.720325469970703,
  "umap2": 5.6210832595825195
}