{
  "umap1": 0.18892247359335157,
  "umap2": 0.725381829084647
}