{
  "No direct optim ancestor": "None",
  "umap1": 0.2625983778447092,
  "umap2": 0.6193306570448488
}