{
  "No direct optim ancestor": "None",
  "umap1": 0.00573037593767034,
  "umap2": 0.05782370820606009
}