{
  "umap1": 0.47411036754596636,
  "umap2": 0.2497488591682252
}