{
  "umap1": 9.07542610168457,
  "umap2": 6.948669910430908
}