{
  "umap1": 0.8674010058966516,
  "umap2": 0.8760416622980567
}