{
  "umap1": 7.322099685668945,
  "umap2": 5.872653961181641
}