{
  "umap1": 0.9241700900216128,
  "umap2": 0.3767470090495971
}