{
  "umap1": 0.05327739625672023,
  "umap2": 0.0021336170765106077
}