{
  "umap1": 13.701240539550781,
  "umap2": 4.614358425140381
}