{
  "No direct optim ancestor": "None",
  "umap1": 0.1787198091841069,
  "umap2": 0.6361297321276638
}