{
  "umap1": 9.113879203796387,
  "umap2": 5.702538013458252
}