{
  "umap1": 3.8899970054626465,
  "umap2": 9.922886848449707
}