{
  "umap1": 0.23871786046223498,
  "umap2": 0.06680252503851436
}