{
  "No direct optim ancestor": "None",
  "umap1": 0.8214554586303618,
  "umap2": 0.55032583080434
}