{
  "umap1": 0.9134408444782858,
  "umap2": 0.7772979787537684
}