{
  "No direct optim ancestor": "None",
  "umap1": 0.563891619139035,
  "umap2": 0.5679760412521296
}