{
  "umap1": 10.105948448181152,
  "umap2": 1.1926456689834595
}