{
  "umap1": 0.9991235136985779,
  "umap2": 9.568340301513672
}