{
  "umap1": 0.9768694011069124,
  "umap2": 0.6230551379236201
}