{
  "umap1": 12.6205472946167,
  "umap2": 2.733799695968628
}