{
  "umap1": 3.2394003868103027,
  "umap2": 10.496722221374512
}