{
  "umap1": 7.273134708404541,
  "umap2": 5.91304349899292
}