{
  "umap1": 4.912852764129639,
  "umap2": 10.844137191772461
}