{
  "umap1": 0.663539357067188,
  "umap2": 0.05192270073940364
}