{
  "umap1": 3.039572238922119,
  "umap2": 10.521533966064453
}