{
  "umap1": 0.907934155626333,
  "umap2": 0.5135067054410061
}