{
  "umap1": 14.173576354980469,
  "umap2": 4.558011531829834
}