{
  "No direct optim ancestor": "None",
  "umap1": 0.05524721078273209,
  "umap2": 0.8167348100147847
}