{
  "umap1": 3.8559908866882324,
  "umap2": 9.76414966583252
}