{
  "No direct optim ancestor": "None",
  "umap1": 0.5061723806449694,
  "umap2": 0.5928430438514659
}