{
  "umap1": 0.5625984806854777,
  "umap2": 0.2503880656310755
}