{
  "umap1": 12.784869194030762,
  "umap2": 7.609652996063232
}