{
  "umap1": 13.01554012298584,
  "umap2": 7.038049697875977
}