{
  "umap1": 0.6499499938920752,
  "umap2": 0.3731379645695607
}