{
  "umap1": 13.62272834777832,
  "umap2": 6.439215183258057
}