{
  "No direct optim ancestor": "None",
  "umap1": 0.04246902427013244,
  "umap2": 0.8412140227086473
}