{
  "umap1": 13.947449684143066,
  "umap2": 3.095325231552124
}