{
  "umap1": 0.4054199477608592,
  "umap2": 0.1600834523112007
}