{
  "umap1": 10.778239250183105,
  "umap2": 2.3386199474334717
}