{
  "No direct optim ancestor": "None",
  "umap1": 0.22268404569313816,
  "umap2": 0.03909944549903399
}