{
  "umap1": 0.30263435299152397,
  "umap2": 0.9265151304756727
}