{
  "umap1": 12.282912254333496,
  "umap2": 6.792535305023193
}