{
  "umap1": 1.0358036756515503,
  "umap2": 9.61082935333252
}