{
  "No direct optim ancestor": "None",
  "umap1": 0.16395509666606345,
  "umap2": 0.0821987039729618
}