{
  "umap1": 8.979720115661621,
  "umap2": 5.833159923553467
}