{
  "umap1": 0.3834528136229012,
  "umap2": 0.14568862961983575
}