{
  "umap1": 0.6406857938476537,
  "umap2": 0.3083298839437676
}