{
  "No direct optim ancestor": "None",
  "umap1": 0.13234143385972108,
  "umap2": 0.08020755646822786
}