{
  "umap1": 0.588125182034529,
  "umap2": 0.8993357802300515
}