{
  "No direct optim ancestor": "None",
  "umap1": 0.36448834625613713,
  "umap2": 0.782208641169594
}