{
  "umap1": 0.3168162060386275,
  "umap2": 0.23116081705577152
}