{
  "umap1": 0.4922088860308823,
  "umap2": 0.9422729990544959
}