{
  "No direct optim ancestor": "None",
  "umap1": 0.11168439397579577,
  "umap2": 0.9344113424859988
}