{
  "umap1": 12.998228073120117,
  "umap2": 7.349091529846191
}