{
  "umap1": 0.33150718149490266,
  "umap2": 0.146314926971708
}