{
  "umap1": 0.3235749479969017,
  "umap2": 0.5757990431405905
}