{
  "No direct optim ancestor": "None",
  "umap1": 0.9518520621008941,
  "umap2": 0.6417922917177727
}