{
  "umap1": 13.871651649475098,
  "umap2": 2.2742433547973633
}