{
  "umap1": 3.738616704940796,
  "umap2": 10.122790336608887
}