{
  "umap1": 0.5211224824306556,
  "umap2": 0.1360005162010136
}