{
  "umap1": 9.069271087646484,
  "umap2": 3.372708320617676
}