{
  "umap1": 0.45885508257374297,
  "umap2": 0.6715976533254592
}