{
  "No direct optim ancestor": "None",
  "umap1": 0.6885944695108857,
  "umap2": 0.5719402454007907
}