{
  "umap1": 0.6760136235562875,
  "umap2": 0.3840937535276673
}