{
  "umap1": 0.7711838997970311,
  "umap2": 0.2057618800345773
}