{
  "umap1": 11.634687423706055,
  "umap2": 4.114344120025635
}