{
  "umap1": 13.398113250732422,
  "umap2": 4.965811729431152
}