{
  "umap1": 14.512224197387695,
  "umap2": 5.677406311035156
}