{
  "umap1": 13.755911827087402,
  "umap2": 4.552621364593506
}