{
  "No direct optim ancestor": "None",
  "umap1": 0.4336351380193162,
  "umap2": 0.20288202826450508
}