{
  "umap1": 0.5764528097234484,
  "umap2": 0.4332879733336844
}