{
  "umap1": 0.7426932320060249,
  "umap2": 0.9164971006517373
}