{
  "No direct optim ancestor": "None",
  "umap1": 0.23999689273680735,
  "umap2": 0.9220283201716505
}