{
  "umap1": 11.377969741821289,
  "umap2": 1.8021471500396729
}