{
  "umap1": 0.3210919310441661,
  "umap2": 0.520795432565557
}