{
  "umap1": 0.8374213218617289,
  "umap2": 0.8823515988376509
}