{
  "No direct optim ancestor": "None",
  "umap1": 0.871125446953883,
  "umap2": 0.1430098674688297
}