{
  "umap1": 14.045802116394043,
  "umap2": 5.881566047668457
}