{
  "umap1": 4.907566070556641,
  "umap2": 10.897682189941406
}