{
  "umap1": 0.7940776063392738,
  "umap2": 0.7996960880532719
}