{
  "umap1": 11.982285499572754,
  "umap2": 6.7996416091918945
}