{
  "No direct optim ancestor": "None",
  "umap1": 0.2538718898452227,
  "umap2": 0.7427969553392396
}