{
  "umap1": 0.4234958543865903,
  "umap2": 0.20443636184197755
}