{
  "No direct optim ancestor": "None",
  "umap1": 0.8594289394603648,
  "umap2": 0.006515679856802015
}