{
  "umap1": 11.469014167785645,
  "umap2": 2.0379064083099365
}