{
  "umap1": 0.6604627617318132,
  "umap2": 0.9485649521754761
}