{
  "umap1": 0.42036874099916244,
  "umap2": 0.41342371303189474
}