{
  "No direct optim ancestor": "None",
  "umap1": 0.5499689027416358,
  "umap2": 0.7629790246898245
}