{
  "umap1": 1.3457173109054565,
  "umap2": 10.00753116607666
}