{
  "umap1": 0.9876676745187009,
  "umap2": 0.04220820697452499
}