{
  "No direct optim ancestor": "None",
  "umap1": 0.753309127520417,
  "umap2": 0.3502651443824677
}