{
  "umap1": 10.837716102600098,
  "umap2": 1.9434967041015625
}