{
  "umap1": 13.293320655822754,
  "umap2": 4.24340295791626
}