{
  "umap1": 0.6654161834480894,
  "umap2": 0.9649315520158495
}