{
  "No direct optim ancestor": "None",
  "umap1": 0.12368263968203941,
  "umap2": 0.33163935915713616
}