{
  "umap1": 3.3398239612579346,
  "umap2": 10.461657524108887
}