{
  "umap1": 0.7935717986281973,
  "umap2": 0.3794602015946301
}