{
  "umap1": 3.0422167778015137,
  "umap2": 10.545304298400879
}