{
  "umap1": 0.10933481771886366,
  "umap2": 0.7437619312628085
}