{
  "umap1": 10.755159378051758,
  "umap2": 3.0542690753936768
}