{
  "umap1": 3.4374589920043945,
  "umap2": 9.993659019470215
}