{
  "No direct optim ancestor": "None",
  "umap1": 0.6401568415903368,
  "umap2": 0.45809215127053016
}