{
  "umap1": 10.995320320129395,
  "umap2": 1.6523345708847046
}