{
  "umap1": 0.3965070274119409,
  "umap2": 0.2558005925838628
}