{
  "umap1": 0.6715535779508571,
  "umap2": 0.6681979110452883
}