{
  "umap1": 3.1925559043884277,
  "umap2": 10.46241283416748
}