{
  "umap1": 1.8019957542419434,
  "umap2": 10.170072555541992
}