{
  "umap1": 0.6181236122441036,
  "umap2": 0.6328361092998784
}