{
  "No direct optim ancestor": "None",
  "umap1": 0.2574022210901217,
  "umap2": 0.8143566799893758
}