{
  "umap1": 0.6086840452137205,
  "umap2": 0.796928541131012
}