{
  "umap1": 13.442750930786133,
  "umap2": 2.947573661804199
}