{
  "No direct optim ancestor": "None",
  "umap1": 0.7218185682023418,
  "umap2": 0.04846320797168202
}