{
  "umap1": 0.08942940187169268,
  "umap2": 0.8275598483605445
}