{
  "umap1": 9.603553771972656,
  "umap2": 4.44398307800293
}