{
  "umap1": 0.15654047635239665,
  "umap2": 0.3828695457935678
}