{
  "umap1": 3.7983081340789795,
  "umap2": 9.805562973022461
}