{
  "umap1": 0.3882988313571162,
  "umap2": 0.7881266033603356
}