{
  "umap1": 13.402502059936523,
  "umap2": 5.514198303222656
}