{
  "No direct optim ancestor": "None",
  "umap1": 0.5655782522690692,
  "umap2": 0.5016478481401092
}