{
  "umap1": 0.9296234041512181,
  "umap2": 0.7405852110839524
}