{
  "No direct optim ancestor": "None",
  "umap1": 0.8547939050300131,
  "umap2": 0.5417620244954383
}