{
  "umap1": 0.9742315627752747,
  "umap2": 0.7991482985286944
}