{
  "No direct optim ancestor": "None",
  "umap1": 0.2437991791269054,
  "umap2": 0.8118969546929808
}