{
  "umap1": 11.076090812683105,
  "umap2": 2.3517022132873535
}