{
  "umap1": 12.341317176818848,
  "umap2": 1.925068736076355
}