{
  "umap1": 0.8401808068647608,
  "umap2": 0.9533604332313015
}