{
  "No direct optim ancestor": "None",
  "umap1": 0.5530697699511294,
  "umap2": 0.21407764842095678
}