{
  "umap1": 11.201333999633789,
  "umap2": 2.4167401790618896
}