{
  "No direct optim ancestor": "None",
  "umap1": 0.6072718695022323,
  "umap2": 0.2320312776685961
}