{
  "umap1": 0.5231399099342133,
  "umap2": 0.19937882761717263
}