{
  "No direct optim ancestor": "None",
  "umap1": 0.39976778475099084,
  "umap2": 0.5963789097014394
}