{
  "umap1": 12.055254936218262,
  "umap2": 2.2801568508148193
}