{
  "umap1": 0.6570569836272099,
  "umap2": 0.5056912489139888
}