{
  "No direct optim ancestor": "None",
  "umap1": 0.16933916008964445,
  "umap2": 0.7441048134777365
}