{
  "umap1": 9.993178367614746,
  "umap2": 2.8098912239074707
}