{
  "umap1": 0.8779949514135835,
  "umap2": 0.8253134500075786
}