{
  "umap1": 13.881477355957031,
  "umap2": 6.468362331390381
}