{
  "umap1": 0.815434206502049,
  "umap2": 0.6611919646355782
}