{
  "No direct optim ancestor": "None",
  "umap1": 0.012229885945217789,
  "umap2": 0.01781060652480493
}