{
  "umap1": 0.9724909362914071,
  "umap2": 0.219362948690754
}