{
  "No direct optim ancestor": "None",
  "umap1": 0.727696476856248,
  "umap2": 0.36831526589581254
}