{
  "umap1": 0.8349885526225801,
  "umap2": 0.5509697477709928
}