{
  "umap1": 8.73316478729248,
  "umap2": 3.680565357208252
}