{
  "Ancestor's direct optim goal": "a photo of red branching coral with green polyps",
  "umap1": 0.5550476171644475,
  "umap2": 0.0176229869469956
}