{
  "umap1": 0.2847117033794022,
  "umap2": 0.9582568885356052
}