{
  "umap1": 8.354748725891113,
  "umap2": 8.966448783874512
}