{
  "umap1": 0.7690577479822068,
  "umap2": 0.1313384342189421
}