{
  "No direct optim ancestor": "None",
  "umap1": 0.3499704843698409,
  "umap2": 0.8746070587702132
}