{
  "umap1": 0.8167166207330488,
  "umap2": 0.6226326581120142
}