{
  "umap1": 13.755411148071289,
  "umap2": 1.9232406616210938
}