{
  "umap1": 0.508809097583177,
  "umap2": 0.5213274268023839
}