{
  "umap1": 11.784467697143555,
  "umap2": 2.8479883670806885
}