{
  "umap1": 1.3560093641281128,
  "umap2": 10.022087097167969
}