{
  "umap1": 0.5135072147531234,
  "umap2": 0.015498216147174726
}