{
  "No direct optim ancestor": "None",
  "umap1": 0.04298852700235234,
  "umap2": 0.1326133406435014
}