{
  "umap1": 13.250686645507812,
  "umap2": 4.020120620727539
}