{
  "umap1": 0.048412240604605805,
  "umap2": 0.03263746380980015
}