{
  "No direct optim ancestor": "None",
  "umap1": 0.503462549071482,
  "umap2": 0.34417703367376484
}