{
  "umap1": 2.749133586883545,
  "umap2": 10.643799781799316
}