{
  "umap1": 9.429967880249023,
  "umap2": 1.898437738418579
}