{
  "umap1": 8.863527297973633,
  "umap2": 5.850197792053223
}