{
  "umap1": 12.507704734802246,
  "umap2": 3.7730603218078613
}