{
  "umap1": 0.6013861494484484,
  "umap2": 0.9111235850709565
}