{
  "No direct optim ancestor": "None",
  "umap1": 0.8074582621135523,
  "umap2": 0.28082769211727077
}