{
  "umap1": 1.2933430671691895,
  "umap2": 9.970338821411133
}