{
  "umap1": 13.550095558166504,
  "umap2": 6.023615837097168
}