{
  "No direct optim ancestor": "None",
  "umap1": 0.925375431126759,
  "umap2": 0.9448236489508962
}