{
  "umap1": 0.9155926401356046,
  "umap2": 0.004377276546878361
}