{
  "No direct optim ancestor": "None",
  "umap1": 0.7743850949554204,
  "umap2": 0.6351557102808432
}