{
  "umap1": 0.41215081781257434,
  "umap2": 0.638743463613214
}