{
  "umap1": 9.40908145904541,
  "umap2": 4.9098052978515625
}