{
  "umap1": 12.21728801727295,
  "umap2": 1.6168299913406372
}