{
  "No direct optim ancestor": "None",
  "umap1": 0.7836067936446022,
  "umap2": 0.6071868433692111
}