{
  "umap1": 0.8423236700471323,
  "umap2": 0.507788865085471
}