{
  "umap1": 4.929419994354248,
  "umap2": 10.827095985412598
}