{
  "umap1": 0.06566421634244002,
  "umap2": 0.809058468377219
}