{
  "No direct optim ancestor": "None",
  "umap1": 0.9923945511762516,
  "umap2": 0.20620559403236804
}