{
  "umap1": 0.8831350044400815,
  "umap2": 0.7145976297459731
}