{
  "umap1": 12.034303665161133,
  "umap2": 2.6802830696105957
}