{
  "No direct optim ancestor": "None",
  "umap1": 0.6489561589368221,
  "umap2": 0.6427390320965707
}