{
  "umap1": 0.24959362997377466,
  "umap2": 0.6671586662786559
}