{
  "Ancestor's direct optim goal": "a photo of a spider web with red threads and green dew drops",
  "umap1": 0.9008716862474226,
  "umap2": 0.1850325480336571
}