{
  "umap1": 0.7518622641791906,
  "umap2": 0.22758805141790606
}