{
  "umap1": 13.420212745666504,
  "umap2": 4.597812175750732
}