{
  "umap1": 0.4741921425200101,
  "umap2": 0.9884022550268338
}