{
  "umap1": 10.780485153198242,
  "umap2": 3.613917350769043
}