{
  "umap1": 0.7166531633924724,
  "umap2": 0.5792075766066499
}