{
  "No direct optim ancestor": "None",
  "umap1": 0.967307936123443,
  "umap2": 0.8322330318910144
}