{
  "No direct optim ancestor": "None",
  "umap1": 0.5004760519915282,
  "umap2": 0.5901259595035131
}