{
  "umap1": 0.331305862975959,
  "umap2": 0.2630228611119402
}