{
  "umap1": 12.729432106018066,
  "umap2": 2.0779385566711426
}