{
  "umap1": 0.34099611323533896,
  "umap2": 0.12519342741889228
}