{
  "No direct optim ancestor": "None",
  "umap1": 0.03248778176164557,
  "umap2": 0.3933777677147233
}