{
  "umap1": 12.253034591674805,
  "umap2": 1.9978666305541992
}