{
  "umap1": 5.077356815338135,
  "umap2": 10.64741325378418
}