{
  "No direct optim ancestor": "None",
  "umap1": 0.19271014127355113,
  "umap2": 0.5541676120835538
}