{
  "umap1": 0.7506252972969016,
  "umap2": 0.8263683206092229
}