{
  "umap1": 11.646162033081055,
  "umap2": 1.6604773998260498
}