{
  "No direct optim ancestor": "None",
  "umap1": 0.4605294276442389,
  "umap2": 0.9099835721621787
}