{
  "umap1": 0.9329266241293831,
  "umap2": 0.17657791863476147
}