{
  "No direct optim ancestor": "None",
  "umap1": 0.5227715724971738,
  "umap2": 0.44443191465687626
}