{
  "umap1": 0.6792012976352747,
  "umap2": 0.2903589913371083
}