{
  "umap1": 0.8209367844096451,
  "umap2": 0.38293177925942257
}