{
  "No direct optim ancestor": "None",
  "umap1": 0.9365070414115296,
  "umap2": 0.8239089161620923
}