{
  "umap1": 14.133184432983398,
  "umap2": 5.464139938354492
}