{
  "umap1": 11.238926887512207,
  "umap2": 2.3270490169525146
}