{
  "umap1": 0.5183113761502065,
  "umap2": 0.6625794372747694
}