{
  "No direct optim ancestor": "None",
  "umap1": 0.385733893051983,
  "umap2": 0.35358729758485785
}