{
  "umap1": 12.719202041625977,
  "umap2": 4.828017234802246
}