{
  "No direct optim ancestor": "None",
  "umap1": 0.8272956201605793,
  "umap2": 0.3209355067140468
}