{
  "umap1": 0.7537859807345861,
  "umap2": 0.5737388080628696
}