{
  "umap1": 10.664237976074219,
  "umap2": 2.348371982574463
}