{
  "umap1": 0.9875314539431189,
  "umap2": 0.7662749248069148
}