{
  "umap1": 11.21738052368164,
  "umap2": 1.4734538793563843
}