{
  "No direct optim ancestor": "None",
  "umap1": 0.1865570725498652,
  "umap2": 0.8325255416818969
}