{
  "umap1": 10.000914573669434,
  "umap2": 1.215819239616394
}