{
  "umap1": 0.2719440865505677,
  "umap2": 0.8684673089561948
}