{
  "No direct optim ancestor": "None",
  "umap1": 0.7475551706750168,
  "umap2": 0.39069961005155496
}