{
  "umap1": 0.16286214855480396,
  "umap2": 0.06477217864689777
}