{
  "No direct optim ancestor": "None",
  "umap1": 0.661556615245949,
  "umap2": 0.3100086498847642
}