{
  "umap1": 12.454517364501953,
  "umap2": 6.290225505828857
}