{
  "umap1": 9.308136940002441,
  "umap2": 5.1651411056518555
}