{
  "umap1": 0.5993542931793439,
  "umap2": 0.5243090770792371
}