{
  "No direct optim ancestor": "None",
  "umap1": 0.6450302499989614,
  "umap2": 0.39480326050232906
}