{
  "umap1": 0.8107164943829952,
  "umap2": 0.602478056708944
}