{
  "No direct optim ancestor": "None",
  "umap1": 0.06102138911432886,
  "umap2": 0.456938073826175
}