{
  "umap1": 10.41640853881836,
  "umap2": 2.421999931335449
}