{
  "No direct optim ancestor": "None",
  "umap1": 0.08205804872814981,
  "umap2": 0.10757498951185651
}