{
  "umap1": 0.05502931151798096,
  "umap2": 0.1309749118237028
}