{
  "No direct optim ancestor": "None",
  "umap1": 0.4160630640647818,
  "umap2": 0.305551105954597
}