{
  "umap1": 0.6300888938399517,
  "umap2": 0.5395969546188427
}