{
  "umap1": 8.737850189208984,
  "umap2": 5.611557483673096
}