{
  "umap1": 0.12749740814266408,
  "umap2": 0.06136792875050834
}