{
  "umap1": 0.8809394264207571,
  "umap2": 0.6386035302553511
}