{
  "No direct optim ancestor": "None",
  "umap1": 0.25755687658967574,
  "umap2": 0.4122969345660167
}