{
  "umap1": 13.101908683776855,
  "umap2": 1.8516781330108643
}