{
  "umap1": 10.875718116760254,
  "umap2": 1.4782885313034058
}