{
  "umap1": 1.0566524267196655,
  "umap2": 9.622328758239746
}