{
  "umap1": 0.7655633039584628,
  "umap2": 0.6447387738397593
}