{
  "umap1": 0.0585662857491267,
  "umap2": 0.6881077484372508
}