{
  "No direct optim ancestor": "None",
  "umap1": 0.5119037428944286,
  "umap2": 0.32892337735061017
}