{
  "umap1": 0.3740000311136298,
  "umap2": 0.896831854610425
}