{
  "umap1": 0.037529770220455005,
  "umap2": 0.22547312860117863
}