{
  "umap1": 1.696356177330017,
  "umap2": 10.103158950805664
}