{
  "No direct optim ancestor": "None",
  "umap1": 0.7232230662291841,
  "umap2": 0.10577019359127005
}