{
  "umap1": 0.8577406588208545,
  "umap2": 0.9304355017749808
}