{
  "No direct optim ancestor": "None",
  "umap1": 0.8293035040525578,
  "umap2": 0.7710643228793047
}