{
  "umap1": 0.05929977842895462,
  "umap2": 0.07809862760692998
}