{
  "umap1": 10.291631698608398,
  "umap2": 1.2200008630752563
}