{
  "No direct optim ancestor": "None",
  "umap1": 0.5880303218203647,
  "umap2": 0.47602874247516347
}