{
  "umap1": 0.8371505641344166,
  "umap2": 0.2560002462147707
}