{
  "umap1": 0.4477943438646743,
  "umap2": 0.5183718993507616
}