{
  "umap1": 3.3517050743103027,
  "umap2": 10.001670837402344
}