{
  "umap1": 12.299222946166992,
  "umap2": 1.6967365741729736
}