{
  "No direct optim ancestor": "None",
  "umap1": 0.26909150199222864,
  "umap2": 0.861931833486156
}