{
  "umap1": 0.4483501755076599,
  "umap2": 0.5767722795819786
}