{
  "No direct optim ancestor": "None",
  "umap1": 0.766961680454416,
  "umap2": 0.05141762099393177
}