{
  "umap1": 10.158419609069824,
  "umap2": 3.268203020095825
}