{
  "umap1": 0.15443876674515988,
  "umap2": 0.611091801655583
}