{
  "No direct optim ancestor": "None",
  "umap1": 0.6899297092677862,
  "umap2": 0.9079724919963542
}