{
  "umap1": 0.6789869215777423,
  "umap2": 0.08535278276178138
}