{
  "umap1": 11.61715030670166,
  "umap2": 3.095442056655884
}