{
  "umap1": 0.717193652330171,
  "umap2": 0.795588681520684
}