{
  "No direct optim ancestor": "None",
  "umap1": 0.6412306492566298,
  "umap2": 0.4823953441416934
}