{
  "umap1": 1.0708167552947998,
  "umap2": 9.612005233764648
}