{
  "umap1": 0.3215309540803738,
  "umap2": 0.5400487924866092
}