{
  "No direct optim ancestor": "None",
  "umap1": 0.5717173229591838,
  "umap2": 0.3693301383244194
}