{
  "No direct optim ancestor": "None",
  "umap1": 0.023136286616952217,
  "umap2": 0.8973566823132918
}