{
  "umap1": 0.18029065513615372,
  "umap2": 0.13890888859124073
}