{
  "umap1": 13.17393684387207,
  "umap2": 7.10953426361084
}