{
  "umap1": 0.19717203764728064,
  "umap2": 0.9722218897741404
}