{
  "No direct optim ancestor": "None",
  "umap1": 0.4121060482308152,
  "umap2": 0.28783452465813264
}