{
  "umap1": 13.539800643920898,
  "umap2": 5.9793219566345215
}