{
  "umap1": 3.2638115882873535,
  "umap2": 10.097636222839355
}