{
  "umap1": 0.06888836203255633,
  "umap2": 0.1320232566070786
}