{
  "No direct optim ancestor": "None",
  "umap1": 0.6686520013960284,
  "umap2": 0.19504618746354685
}