{
  "umap1": 0.24308905829409344,
  "umap2": 0.6365121566800624
}