{
  "No direct optim ancestor": "None",
  "umap1": 0.7733785437962464,
  "umap2": 0.507227464026697
}