{
  "umap1": 13.015088081359863,
  "umap2": 7.281927585601807
}