{
  "No direct optim ancestor": "None",
  "umap1": 0.6788876479402722,
  "umap2": 0.3966196366205975
}