{
  "umap1": 0.702677101876769,
  "umap2": 0.6425941776237792
}