{
  "umap1": 11.20689582824707,
  "umap2": 2.347487211227417
}