{
  "umap1": 3.149108409881592,
  "umap2": 10.402852058410645
}