{
  "umap1": 1.130689024925232,
  "umap2": 9.792280197143555
}