{
  "No direct optim ancestor": "None",
  "umap1": 0.6426045777187607,
  "umap2": 0.4854429909408241
}