{
  "umap1": 0.3466918692776033,
  "umap2": 0.9712033181401981
}