{
  "umap1": 14.248353004455566,
  "umap2": 4.869352340698242
}