{
  "No direct optim ancestor": "None",
  "umap1": 0.5479410831997342,
  "umap2": 0.742106885154271
}