{
  "umap1": 0.031798756945287665,
  "umap2": 0.6195229975402707
}