{
  "umap1": 12.559165954589844,
  "umap2": 2.834986925125122
}