{
  "No direct optim ancestor": "None",
  "umap1": 0.3436974891856759,
  "umap2": 0.343274431484914
}