{
  "umap1": 0.9223808077630138,
  "umap2": 0.22714585501942675
}