{
  "No direct optim ancestor": "None",
  "umap1": 0.14494066305833586,
  "umap2": 0.08853433689608214
}