{
  "umap1": 0.5524000678039215,
  "umap2": 0.398630095718547
}