{
  "umap1": 12.76562786102295,
  "umap2": 4.372223854064941
}