{
  "umap1": 0.49569375318529596,
  "umap2": 0.3943697039436994
}