{
  "umap1": 13.232589721679688,
  "umap2": 5.2216949462890625
}