{
  "No direct optim ancestor": "None",
  "umap1": 0.349705448623605,
  "umap2": 0.6500525860651263
}