{
  "umap1": 12.07361888885498,
  "umap2": 6.800323963165283
}