{
  "umap1": 0.6526784594961135,
  "umap2": 0.5572197095549579
}