{
  "No direct optim ancestor": "None",
  "umap1": 0.1090675987254267,
  "umap2": 0.8241573276354041
}