{
  "No direct optim ancestor": "None",
  "umap1": 0.3634807177220458,
  "umap2": 0.641340555433097
}