{
  "umap1": 0.8239587205212735,
  "umap2": 0.01802896158710343
}