{
  "umap1": 10.179789543151855,
  "umap2": 3.774299144744873
}