{
  "umap1": 0.984527033452477,
  "umap2": 0.9360961240299996
}