{
  "No direct optim ancestor": "None",
  "umap1": 0.7048542295144961,
  "umap2": 0.21009802229774044
}