{
  "No direct optim ancestor": "None",
  "umap1": 0.15038479787456194,
  "umap2": 0.3823692870322998
}