{
  "umap1": 0.7053782345333759,
  "umap2": 0.07771338122730864
}