{
  "umap1": 13.919312477111816,
  "umap2": 5.247552394866943
}