{
  "umap1": 0.678569978546521,
  "umap2": 0.8811210476022289
}