{
  "No direct optim ancestor": "None",
  "umap1": 0.7501641347989056,
  "umap2": 0.15936343365343697
}