{
  "umap1": 14.24548053741455,
  "umap2": 3.358715534210205
}