{
  "umap1": 0.34932105568048266,
  "umap2": 0.6249328822138618
}