{
  "No direct optim ancestor": "None",
  "umap1": 0.983448426871049,
  "umap2": 0.12682576669506762
}