{
  "No direct optim ancestor": "None",
  "umap1": 0.4096946381806259,
  "umap2": 0.3390843147610638
}