{
  "umap1": 0.8552790489070067,
  "umap2": 0.8092745404420758
}