{
  "umap1": 0.1542187926304044,
  "umap2": 0.33621555689923766
}