{
  "umap1": 12.48237419128418,
  "umap2": 5.109538555145264
}