{
  "No direct optim ancestor": "None",
  "umap1": 0.21722749279695774,
  "umap2": 0.09248140876106481
}