{
  "umap1": 12.580924034118652,
  "umap2": 2.9428961277008057
}