{
  "umap1": 0.8979645506796349,
  "umap2": 0.805852396872662
}