{
  "No direct optim ancestor": "None",
  "umap1": 0.8360054861222208,
  "umap2": 0.9275289145243247
}