{
  "No direct optim ancestor": "None",
  "umap1": 0.4602481168720315,
  "umap2": 0.3523472580300836
}