{
  "umap1": 0.14644920183722365,
  "umap2": 0.9176078436758617
}