{
  "umap1": 9.619832992553711,
  "umap2": 6.007879257202148
}