{
  "umap1": 0.5996514838979199,
  "umap2": 0.5323284341008817
}