{
  "No direct optim ancestor": "None",
  "umap1": 0.7503514422031955,
  "umap2": 0.8484996241087941
}