{
  "umap1": 9.933122634887695,
  "umap2": 2.6798300743103027
}