{
  "umap1": 0.2754415551816991,
  "umap2": 0.4197780464175688
}