{
  "No direct optim ancestor": "None",
  "umap1": 0.08738757233569416,
  "umap2": 0.3125058518751548
}