{
  "umap1": 13.328964233398438,
  "umap2": 6.301695346832275
}