{
  "umap1": 0.5291767987036365,
  "umap2": 0.6778328656362388
}