{
  "No direct optim ancestor": "None",
  "umap1": 0.9812747913276788,
  "umap2": 0.9033923390552546
}