{
  "umap1": 12.615470886230469,
  "umap2": 7.143832683563232
}