{
  "umap1": 0.11601891889681015,
  "umap2": 0.540355464537164
}