{
  "umap1": 10.146648406982422,
  "umap2": 5.610401153564453
}