{
  "umap1": 0.29205675514886775,
  "umap2": 0.024953497061983243
}