{
  "umap1": 10.207313537597656,
  "umap2": 3.50490140914917
}