{
  "No direct optim ancestor": "None",
  "umap1": 0.11963507848508326,
  "umap2": 0.3650584127415245
}