{
  "No direct optim ancestor": "None",
  "umap1": 0.4421422991819125,
  "umap2": 0.12801927473913932
}