{
  "umap1": 0.23057262398786227,
  "umap2": 0.8439298291344677
}