{
  "umap1": 12.431624412536621,
  "umap2": 3.17708683013916
}