{
  "No direct optim ancestor": "None",
  "umap1": 0.1356128467508697,
  "umap2": 0.29800295985519465
}