{
  "umap1": 0.5510463642859137,
  "umap2": 0.9609892995875897
}