{
  "umap1": 3.456653356552124,
  "umap2": 9.830379486083984
}