{
  "No direct optim ancestor": "None",
  "umap1": 0.9737326293590178,
  "umap2": 0.2598622456597246
}