{
  "umap1": 0.7832583389865628,
  "umap2": 0.2819311816636505
}