{
  "umap1": 13.668988227844238,
  "umap2": 5.135987758636475
}