{
  "umap1": 0.518073405415885,
  "umap2": 0.015928438926987698
}