{
  "umap1": 3.572357416152954,
  "umap2": 9.836471557617188
}