{
  "umap1": 0.12508608207188543,
  "umap2": 0.4971835591648792
}