{
  "umap1": 3.561426877975464,
  "umap2": 10.357402801513672
}