{
  "umap1": 0.9049024718369882,
  "umap2": 0.814656786325431
}