{
  "umap1": 9.822074890136719,
  "umap2": 2.758533000946045
}