{
  "umap1": 11.06752872467041,
  "umap2": 1.4195306301116943
}