{
  "umap1": 0.952793925021355,
  "umap2": 0.23585857744662675
}