{
  "No direct optim ancestor": "None",
  "umap1": 0.3502326879686708,
  "umap2": 0.42834928684334705
}