{
  "umap1": 9.499804496765137,
  "umap2": 5.970136642456055
}