{
  "umap1": 0.8145917357375313,
  "umap2": 0.42248868030841413
}