{
  "umap1": 0.37252640628466993,
  "umap2": 0.5997178961806482
}