{
  "umap1": 13.929875373840332,
  "umap2": 1.8402113914489746
}