{
  "No direct optim ancestor": "None",
  "umap1": 0.33339378462755787,
  "umap2": 0.0479117682829836
}