{
  "umap1": 11.068804740905762,
  "umap2": 2.17668080329895
}