{
  "No direct optim ancestor": "None",
  "umap1": 0.7841561060925285,
  "umap2": 0.88039345778541
}