{
  "umap1": 0.22051801045389918,
  "umap2": 0.21232257673661759
}