{
  "umap1": 10.623050689697266,
  "umap2": 1.143497347831726
}