{
  "No direct optim ancestor": "None",
  "umap1": 0.3990718363802048,
  "umap2": 0.011618788915775391
}