{
  "umap1": 0.6239853998016991,
  "umap2": 0.4601985786390935
}