{
  "umap1": 9.765170097351074,
  "umap2": 5.790409564971924
}