{
  "No direct optim ancestor": "None",
  "umap1": 0.6721765677338262,
  "umap2": 0.3574437752777717
}