{
  "umap1": 0.8317008358094337,
  "umap2": 0.8478426532955348
}