{
  "umap1": 0.8949906913502881,
  "umap2": 0.5438646307661935
}