{
  "No direct optim ancestor": "None",
  "umap1": 0.6987614534613349,
  "umap2": 0.9554956405906748
}