{
  "umap1": 0.2926541856137932,
  "umap2": 0.35862642807531186
}