{
  "umap1": 10.27968692779541,
  "umap2": 5.962925910949707
}