{
  "No direct optim ancestor": "None",
  "umap1": 0.9840490016662911,
  "umap2": 0.26404932087856114
}