{
  "umap1": 0.8486102633425255,
  "umap2": 0.9048787100371295
}