{
  "umap1": 0.2967045976733792,
  "umap2": 0.6859231647318204
}