{
  "umap1": 12.618042945861816,
  "umap2": 6.948569297790527
}