{
  "umap1": 10.45449161529541,
  "umap2": 2.5982937812805176
}