{
  "umap1": 8.34899616241455,
  "umap2": 7.250070571899414
}