{
  "umap1": 0.9805828320305687,
  "umap2": 0.7905503708287618
}