{
  "No direct optim ancestor": "None",
  "umap1": 0.19271508196405485,
  "umap2": 0.41590083048484494
}