{
  "umap1": 0.5823048924641775,
  "umap2": 0.5584220154022498
}