{
  "umap1": 11.422492027282715,
  "umap2": 2.8191757202148438
}