{
  "umap1": 0.939264437702085,
  "umap2": 0.9823522215313493
}