{
  "No direct optim ancestor": "None",
  "umap1": 0.35209385972937,
  "umap2": 0.5968006249447138
}