{
  "umap1": 14.232390403747559,
  "umap2": 3.8424980640411377
}