{
  "umap1": 11.41057300567627,
  "umap2": 3.6652212142944336
}