{
  "umap1": 2.5731687545776367,
  "umap2": 10.368743896484375
}