{
  "No direct optim ancestor": "None",
  "umap1": 0.33446429482844,
  "umap2": 0.8506962942887053
}