{
  "umap1": 0.6643752500841207,
  "umap2": 0.1293660662051257
}