{
  "umap1": 12.84408187866211,
  "umap2": 5.467220783233643
}