{
  "umap1": 0.7963941841966917,
  "umap2": 0.44775573923161227
}