{
  "umap1": 12.62310791015625,
  "umap2": 3.081238031387329
}