{
  "No direct optim ancestor": "None",
  "umap1": 0.6767021881416804,
  "umap2": 0.6485326246446607
}