{
  "No direct optim ancestor": "None",
  "umap1": 0.4385463321352391,
  "umap2": 0.709821725610178
}