{
  "umap1": 0.6520229268808578,
  "umap2": 0.9890006681669856
}