{
  "umap1": 11.485236167907715,
  "umap2": 1.4961611032485962
}