{
  "umap1": 0.07329209039314477,
  "umap2": 0.5607840023088968
}