{
  "No direct optim ancestor": "None",
  "umap1": 0.05245363785531887,
  "umap2": 0.950111129035609
}