{
  "umap1": 10.765440940856934,
  "umap2": 3.0065348148345947
}