{
  "umap1": 11.171245574951172,
  "umap2": 1.3780899047851562
}