{
  "umap1": 0.8914162765342679,
  "umap2": 0.8438982497094528
}