{
  "No direct optim ancestor": "None",
  "umap1": 0.6816458674999407,
  "umap2": 0.5740747800588232
}