{
  "No direct optim ancestor": "None",
  "umap1": 0.8565802343735079,
  "umap2": 0.4123791372727469
}