{
  "umap1": 0.6044996200115714,
  "umap2": 0.9952213300389967
}