{
  "umap1": 0.5491759599315709,
  "umap2": 0.013143296600724996
}