{
  "umap1": 7.687185287475586,
  "umap2": 5.7080183029174805
}