{
  "umap1": 10.061274528503418,
  "umap2": 2.6536567211151123
}