{
  "umap1": 0.5392155805672114,
  "umap2": 0.813465756003156
}