{
  "No direct optim ancestor": "None",
  "umap1": 0.6575043515139464,
  "umap2": 0.8514609552139649
}