{
  "umap1": 10.730340957641602,
  "umap2": 1.6599273681640625
}