{
  "umap1": 10.305536270141602,
  "umap2": 5.321186542510986
}