{
  "umap1": 0.5646027093016502,
  "umap2": 0.3467892835573879
}