{
  "umap1": 14.061819076538086,
  "umap2": 4.992506504058838
}