{
  "umap1": 11.29120922088623,
  "umap2": 1.777033805847168
}