{
  "umap1": 0.7710106574632276,
  "umap2": 0.2949254863739834
}