{
  "umap1": 11.732757568359375,
  "umap2": 1.4524558782577515
}