{
  "No direct optim ancestor": "None",
  "umap1": 0.8216988529475234,
  "umap2": 0.33668236505877314
}