{
  "No direct optim ancestor": "None",
  "umap1": 0.054913674945872515,
  "umap2": 0.2410208174992754
}