{
  "umap1": 0.6772153665940877,
  "umap2": 0.7807635414739952
}