{
  "umap1": 12.233589172363281,
  "umap2": 3.2804319858551025
}