{
  "umap1": 14.087562561035156,
  "umap2": 5.4449381828308105
}