{
  "umap1": 0.8659908930920117,
  "umap2": 0.3440379751351448
}