{
  "No direct optim ancestor": "None",
  "umap1": 0.15103402085019457,
  "umap2": 0.5217809769072604
}