{
  "umap1": 0.6821477349608066,
  "umap2": 0.27765822836557763
}