{
  "No direct optim ancestor": "None",
  "umap1": 0.019707299898642838,
  "umap2": 0.7235039540675376
}