{
  "umap1": 0.2537012931593028,
  "umap2": 0.9495328860792799
}