{
  "No direct optim ancestor": "None",
  "umap1": 0.6437874175176693,
  "umap2": 0.24526806058081096
}