{
  "umap1": 0.38618694164819245,
  "umap2": 0.5525586865545196
}