{
  "No direct optim ancestor": "None",
  "umap1": 0.9821888222447277,
  "umap2": 0.662390596994798
}