{
  "umap1": 0.7662959083917906,
  "umap2": 0.9374437969524034
}