{
  "umap1": 8.885285377502441,
  "umap2": 5.793503284454346
}