{
  "No direct optim ancestor": "None",
  "umap1": 0.8054388743735739,
  "umap2": 0.9616257273485637
}