{
  "umap1": 0.4211303014167722,
  "umap2": 0.14449276560153912
}