{
  "umap1": 0.6283605825108687,
  "umap2": 0.08584669227050723
}