{
  "umap1": 12.812740325927734,
  "umap2": 2.44084095954895
}