{
  "No direct optim ancestor": "None",
  "umap1": 0.44576601810226457,
  "umap2": 0.32426897102735075
}