{
  "umap1": 1.2743487358093262,
  "umap2": 9.864473342895508
}