{
  "No direct optim ancestor": "None",
  "umap1": 0.7358790566626119,
  "umap2": 0.8051576465856738
}