{
  "umap1": 0.7569005007386348,
  "umap2": 0.3036188120448139
}