{
  "umap1": 11.477080345153809,
  "umap2": 2.527805805206299
}