{
  "umap1": 0.24462091686000453,
  "umap2": 0.3775141794643473
}