{
  "No direct optim ancestor": "None",
  "umap1": 0.2759967849473556,
  "umap2": 0.8622138697165558
}