{
  "umap1": 3.118279218673706,
  "umap2": 10.153745651245117
}