{
  "umap1": 9.95486831665039,
  "umap2": 6.100644588470459
}