{
  "umap1": 0.7415510663079068,
  "umap2": 0.3798109313970376
}