{
  "umap1": 0.9167277349130418,
  "umap2": 0.679466646463378
}