{
  "No direct optim ancestor": "None",
  "umap1": 0.9077760001459948,
  "umap2": 0.07817251336776077
}