{
  "umap1": 10.664361000061035,
  "umap2": 1.2180366516113281
}