{
  "umap1": 0.8401775926831777,
  "umap2": 0.3885760133711397
}