{
  "umap1": 13.183363914489746,
  "umap2": 6.710434436798096
}