{
  "umap1": 0.27702308672251486,
  "umap2": 0.7259704161427103
}