{
  "No direct optim ancestor": "None",
  "umap1": 0.5171189802347909,
  "umap2": 0.3069544629332164
}