{
  "umap1": 9.513214111328125,
  "umap2": 2.3781208992004395
}