{
  "umap1": 0.5928228454063885,
  "umap2": 0.021257601910396495
}