{
  "umap1": 1.332134485244751,
  "umap2": 9.737600326538086
}