{
  "umap1": 1.0162862539291382,
  "umap2": 9.802984237670898
}