{
  "umap1": 0.21392445211831002,
  "umap2": 0.6341430174817225
}