{
  "umap1": 0.9175904469911137,
  "umap2": 0.8909808024025972
}