{
  "No direct optim ancestor": "None",
  "umap1": 0.11863550742028461,
  "umap2": 0.5442942455703786
}