{
  "umap1": 0.05181673259624797,
  "umap2": 0.09442626718661473
}