{
  "umap1": 0.4005382909178138,
  "umap2": 0.9622878120744518
}