{
  "No direct optim ancestor": "None",
  "umap1": 0.05226165921705328,
  "umap2": 0.044472101516804474
}