{
  "umap1": 9.891159057617188,
  "umap2": 2.6811909675598145
}