{
  "umap1": 2.715313196182251,
  "umap2": 10.6163969039917
}