{
  "umap1": 0.7681043905982892,
  "umap2": 0.6783953317187728
}