{
  "No direct optim ancestor": "None",
  "umap1": 0.8793087810791184,
  "umap2": 0.4795198905888961
}