{
  "umap1": 0.41347082224951814,
  "umap2": 0.7289240170391277
}