{
  "umap1": 12.15209674835205,
  "umap2": 3.569365978240967
}