{
  "umap1": 12.449560165405273,
  "umap2": 2.8569653034210205
}