{
  "umap1": 10.588302612304688,
  "umap2": 1.2929978370666504
}