{
  "No direct optim ancestor": "None",
  "umap1": 0.5583316482566378,
  "umap2": 0.004053792250331534
}