{
  "umap1": 0.669498727986755,
  "umap2": 0.8579268091595047
}