{
  "umap1": 8.332273483276367,
  "umap2": 7.272076606750488
}