{
  "umap1": 2.7221083641052246,
  "umap2": 10.645379066467285
}