{
  "umap1": 8.215825080871582,
  "umap2": 8.917566299438477
}