{
  "umap1": 11.94459056854248,
  "umap2": 2.527419328689575
}