{
  "No direct optim ancestor": "None",
  "umap1": 0.32356334066520076,
  "umap2": 0.5899730314406411
}