{
  "umap1": 10.85213851928711,
  "umap2": 1.7898526191711426
}