{
  "umap1": 0.934503220076074,
  "umap2": 0.4237913149614019
}