{
  "umap1": 12.599947929382324,
  "umap2": 4.843898296356201
}