{
  "umap1": 0.5658343161292958,
  "umap2": 0.2418693062766113
}