{
  "No direct optim ancestor": "None",
  "umap1": 0.2121400390450251,
  "umap2": 0.4238111072630407
}