{
  "umap1": 13.35435676574707,
  "umap2": 3.178736686706543
}