{
  "No direct optim ancestor": "None",
  "umap1": 0.40741581006549643,
  "umap2": 0.3345893714827314
}