{
  "umap1": 0.9355989248856288,
  "umap2": 0.6691711845519032
}