{
  "umap1": 13.036707878112793,
  "umap2": 4.7126617431640625
}