{
  "umap1": 12.082742691040039,
  "umap2": 1.4369407892227173
}