{
  "No direct optim ancestor": "None",
  "umap1": 0.46368805320002915,
  "umap2": 0.9639134891138533
}