{
  "umap1": 0.6762685361211732,
  "umap2": 0.8656288397214932
}