{
  "umap1": 12.625775337219238,
  "umap2": 2.6531691551208496
}