{
  "umap1": 0.6964566251171111,
  "umap2": 0.7769200943217542
}