{
  "umap1": 12.834132194519043,
  "umap2": 7.197574138641357
}