{
  "No direct optim ancestor": "None",
  "umap1": 0.8176910086967133,
  "umap2": 0.9627322090278148
}