{
  "umap1": 0.9306904143499357,
  "umap2": 0.6206538013867569
}