{
  "No direct optim ancestor": "None",
  "umap1": 0.46878529960091475,
  "umap2": 0.3644088396065269
}