{
  "umap1": 0.5136201616373168,
  "umap2": 0.7998268595259986
}