{
  "umap1": 9.444685935974121,
  "umap2": 4.2377119064331055
}