{
  "umap1": 0.4634105559543925,
  "umap2": 0.1711344355908666
}