{
  "No direct optim ancestor": "None",
  "umap1": 0.9716954420321339,
  "umap2": 0.8363337511540001
}