{
  "umap1": 0.8663948866541236,
  "umap2": 0.03752277403405002
}