{
  "umap1": 0.3144184654446178,
  "umap2": 0.7756114618058935
}