{
  "No direct optim ancestor": "None",
  "umap1": 0.3326941759562805,
  "umap2": 0.024008221438672317
}