{
  "umap1": 13.323843002319336,
  "umap2": 1.7633118629455566
}