{
  "umap1": 0.36604584229143666,
  "umap2": 0.8569710751922925
}