{
  "No direct optim ancestor": "None",
  "umap1": 0.5077732948772269,
  "umap2": 0.7606020488358434
}