{
  "umap1": 1.0939114093780518,
  "umap2": 9.78314208984375
}