{
  "umap1": 0.9400098581898592,
  "umap2": 0.6406446723862927
}