{
  "umap1": 0.47993643254085083,
  "umap2": 0.36000117006489907
}