{
  "No direct optim ancestor": "None",
  "umap1": 0.14115078313396956,
  "umap2": 0.7681948584857732
}