{
  "umap1": 0.13665424637739143,
  "umap2": 0.505998081359964
}