{
  "umap1": 0.6894850131545796,
  "umap2": 0.9367903817293636
}