{
  "No direct optim ancestor": "None",
  "umap1": 0.6624061412199986,
  "umap2": 0.417374533133137
}