{
  "umap1": 11.07601261138916,
  "umap2": 1.873211145401001
}