{
  "Ancestor's direct optim goal": "a photo of a red snowflake with green fractal branches and blue tips",
  "umap1": 0.20033910015317258,
  "umap2": 0.6194798293944292
}