{
  "umap1": 0.5643035944005833,
  "umap2": 0.3328559547458103
}