{
  "umap1": 11.224678993225098,
  "umap2": 1.4447746276855469
}