{
  "No direct optim ancestor": "None",
  "umap1": 0.9929983858616099,
  "umap2": 0.6863628490757493
}