{
  "umap1": 0.8243416418876397,
  "umap2": 0.3854273724961762
}