{
  "umap1": 14.059244155883789,
  "umap2": 2.6611952781677246
}