{
  "umap1": 8.966104507446289,
  "umap2": 5.394449710845947
}