{
  "umap1": 0.8758126444572953,
  "umap2": 0.9526943685474538
}