{
  "No direct optim ancestor": "None",
  "umap1": 0.2713505232710526,
  "umap2": 0.670240537139065
}