{
  "umap1": 0.48483587366400127,
  "umap2": 0.7186735518575582
}