{
  "umap1": 0.9268904781373888,
  "umap2": 0.9324880381419978
}