{
  "No direct optim ancestor": "None",
  "umap1": 0.028081766706190114,
  "umap2": 0.7957566399677126
}