{
  "umap1": 0.7197677840882916,
  "umap2": 0.24773611357135106
}