{
  "umap1": 10.798805236816406,
  "umap2": 1.3791544437408447
}