{
  "umap1": 0.2035037667562909,
  "umap2": 0.08697302698786524
}