{
  "umap1": 9.935263633728027,
  "umap2": 5.491475582122803
}