{
  "No direct optim ancestor": "None",
  "umap1": 0.8405439003215458,
  "umap2": 0.20799040292391546
}