{
  "umap1": 9.954779624938965,
  "umap2": 1.9668880701065063
}