{
  "umap1": 0.9116322455422283,
  "umap2": 0.14901001212074416
}