{
  "No direct optim ancestor": "None",
  "umap1": 0.8729831793790489,
  "umap2": 0.18676148098312695
}