{
  "umap1": 0.9171121828819243,
  "umap2": 0.3810213244165198
}