{
  "umap1": 8.273444175720215,
  "umap2": 6.801511764526367
}