{
  "umap1": 0.35112771263241216,
  "umap2": 0.18251448688134664
}