{
  "umap1": 12.39675235748291,
  "umap2": 7.120377063751221
}