{
  "umap1": 9.646697044372559,
  "umap2": 1.7254637479782104
}