{
  "umap1": 13.642962455749512,
  "umap2": 1.7334349155426025
}