{
  "umap1": 0.37066433735520776,
  "umap2": 0.947789737798571
}