{
  "No direct optim ancestor": "None",
  "umap1": 0.36995614234060326,
  "umap2": 0.07051768527100921
}