{
  "umap1": 13.815177917480469,
  "umap2": 6.261956214904785
}