{
  "umap1": 0.4747996781822813,
  "umap2": 0.9022123026285168
}