{
  "umap1": 2.700340986251831,
  "umap2": 10.683507919311523
}