{
  "umap1": 0.9294977284638917,
  "umap2": 0.016658596684604343
}