{
  "umap1": 2.7750205993652344,
  "umap2": 10.572282791137695
}