{
  "umap1": 0.12103430411792837,
  "umap2": 0.14082792226707064
}