{
  "umap1": 0.9297940048847957,
  "umap2": 0.6024338154232779
}