{
  "No direct optim ancestor": "None",
  "umap1": 0.12754591210099953,
  "umap2": 0.709873797770814
}