{
  "No direct optim ancestor": "None",
  "umap1": 0.5878350868901004,
  "umap2": 0.33204637041409624
}