{
  "umap1": 0.42147446370709096,
  "umap2": 0.8019810646755311
}