{
  "umap1": 0.9936171163088602,
  "umap2": 0.38773744739920535
}