{
  "umap1": 1.044559359550476,
  "umap2": 9.702083587646484
}