{
  "No direct optim ancestor": "None",
  "umap1": 0.7210087079694679,
  "umap2": 0.3720217832985335
}