{
  "umap1": 0.6217155128397862,
  "umap2": 0.8515057268143628
}