{
  "umap1": 11.454347610473633,
  "umap2": 2.8556745052337646
}