{
  "umap1": 0.010820853793395258,
  "umap2": 0.2622317125210859
}