{
  "umap1": 9.5484037399292,
  "umap2": 2.572573661804199
}