{
  "No direct optim ancestor": "None",
  "umap1": 0.9813759253987505,
  "umap2": 0.019103461341593908
}