{
  "umap1": 10.970664024353027,
  "umap2": 1.3358385562896729
}