{
  "umap1": 3.7751481533050537,
  "umap2": 10.227161407470703
}