{
  "umap1": 0.9901822771667376,
  "umap2": 0.929371458481266
}