{
  "umap1": 12.544414520263672,
  "umap2": 1.7334315776824951
}