{
  "umap1": 13.46186351776123,
  "umap2": 6.879303932189941
}