{
  "No direct optim ancestor": "None",
  "umap1": 0.17754014850206523,
  "umap2": 0.5209833518261887
}