{
  "umap1": 0.4496885994214972,
  "umap2": 0.8393854215343781
}