{
  "umap1": 2.8240158557891846,
  "umap2": 10.512782096862793
}