{
  "No direct optim ancestor": "None",
  "umap1": 0.059209724347861425,
  "umap2": 0.8580665317890658
}