{
  "umap1": 0.062056463734677214,
  "umap2": 0.31718374112366354
}