{
  "No direct optim ancestor": "None",
  "umap1": 0.06215553360605963,
  "umap2": 0.32318102498807
}