{
  "umap1": 13.435416221618652,
  "umap2": 5.638219833374023
}