{
  "umap1": 0.2979311125826497,
  "umap2": 0.01577997539032505
}