{
  "umap1": 10.576478004455566,
  "umap2": 4.42311429977417
}