{
  "No direct optim ancestor": "None",
  "umap1": 0.669116011065845,
  "umap2": 0.8196469299698459
}