{
  "umap1": 0.7366469613346551,
  "umap2": 0.6542608419502546
}