{
  "umap1": 12.583045959472656,
  "umap2": 3.8418126106262207
}