{
  "No direct optim ancestor": "None",
  "umap1": 0.8031225486705763,
  "umap2": 0.026995292574478524
}