{
  "umap1": 0.015806485526743352,
  "umap2": 0.531420421041782
}