{
  "No direct optim ancestor": "None",
  "umap1": 0.3418327574462009,
  "umap2": 0.25943087125581643
}