{
  "umap1": 0.9777928590430788,
  "umap2": 0.5604367551951819
}