{
  "umap1": 9.287858009338379,
  "umap2": 6.361937999725342
}