{
  "umap1": 1.072613000869751,
  "umap2": 9.726932525634766
}