{
  "umap1": 8.071232795715332,
  "umap2": 8.665487289428711
}