{
  "No direct optim ancestor": "None",
  "umap1": 0.1768690698846438,
  "umap2": 0.5647271977176267
}