{
  "umap1": 0.14790796915123716,
  "umap2": 0.7477819742197365
}