{
  "umap1": 0.3454268221971556,
  "umap2": 0.8611225715665126
}