{
  "umap1": 12.736056327819824,
  "umap2": 6.086317539215088
}