{
  "No direct optim ancestor": "None",
  "umap1": 0.4560207124128792,
  "umap2": 0.4627716099281256
}