{
  "umap1": 0.17539801975539593,
  "umap2": 0.8067784397982026
}