{
  "umap1": 10.686595916748047,
  "umap2": 1.3734421730041504
}