{
  "No direct optim ancestor": "None",
  "umap1": 0.7430380223149243,
  "umap2": 0.66059694814498
}