{
  "umap1": 12.884324073791504,
  "umap2": 3.9033830165863037
}