{
  "umap1": 0.9722850994962093,
  "umap2": 0.2467979860026358
}