{
  "No direct optim ancestor": "None",
  "umap1": 0.5036998376601984,
  "umap2": 0.02597740297967288
}