{
  "umap1": 13.457683563232422,
  "umap2": 6.4152631759643555
}