{
  "umap1": 0.14977746852937424,
  "umap2": 0.6847669128070526
}