{
  "No direct optim ancestor": "None",
  "umap1": 0.6731921680405586,
  "umap2": 0.7089223429287896
}