{
  "umap1": 3.0078446865081787,
  "umap2": 10.6262788772583
}