{
  "umap1": 3.272486448287964,
  "umap2": 10.442269325256348
}