{
  "umap1": 0.39126038307832156,
  "umap2": 0.1875022274463809
}