{
  "umap1": 11.481481552124023,
  "umap2": 1.7879278659820557
}