{
  "No direct optim ancestor": "None",
  "umap1": 0.8205784624802157,
  "umap2": 0.8921749534126442
}