{
  "umap1": 0.17078524537816864,
  "umap2": 0.2889368943720013
}