{
  "umap1": 14.429533004760742,
  "umap2": 5.532101154327393
}