{
  "No direct optim ancestor": "None",
  "umap1": 0.1171084968109618,
  "umap2": 0.6117704434904958
}