{
  "umap1": 11.711091041564941,
  "umap2": 1.9872630834579468
}