{
  "umap1": 0.9692623280271111,
  "umap2": 0.18479559448513394
}