{
  "umap1": 13.828025817871094,
  "umap2": 5.357132434844971
}