{
  "umap1": 0.6198422377779144,
  "umap2": 0.6246141760973263
}