{
  "No direct optim ancestor": "None",
  "umap1": 0.4165399180513999,
  "umap2": 0.12064275032630656
}