{
  "umap1": 12.362299919128418,
  "umap2": 1.9233372211456299
}