{
  "umap1": 14.0822114944458,
  "umap2": 5.886614799499512
}