{
  "No direct optim ancestor": "None",
  "umap1": 0.9722052012818712,
  "umap2": 0.7544960828109848
}