{
  "umap1": 0.017828346770940584,
  "umap2": 0.35416361566498833
}