{
  "No direct optim ancestor": "None",
  "umap1": 0.535575789343059,
  "umap2": 0.5207150544361585
}