{
  "umap1": 0.5689904995791242,
  "umap2": 0.8130171554180705
}