{
  "umap1": 9.81724739074707,
  "umap2": 1.5042245388031006
}