{
  "umap1": 12.44006061553955,
  "umap2": 2.218811511993408
}