{
  "umap1": 0.722016657148978,
  "umap2": 0.7164201939015397
}