{
  "umap1": 14.040387153625488,
  "umap2": 5.30336332321167
}