{
  "No direct optim ancestor": "None",
  "umap1": 0.7939085292387188,
  "umap2": 0.14943955901118222
}