{
  "umap1": 0.1866896805645355,
  "umap2": 0.6735564833720612
}