{
  "No direct optim ancestor": "None",
  "umap1": 0.8902750613691311,
  "umap2": 0.5644656877925309
}