{
  "No direct optim ancestor": "None",
  "umap1": 0.22379684579497305,
  "umap2": 0.5972276837646591
}