{
  "umap1": 0.28678375637056397,
  "umap2": 0.6683431708618349
}