{
  "umap1": 14.000957489013672,
  "umap2": 3.235908031463623
}