{
  "umap1": 11.793499946594238,
  "umap2": 4.447939872741699
}