{
  "umap1": 13.610713005065918,
  "umap2": 5.496013641357422
}