{
  "umap1": 0.45189567908710904,
  "umap2": 0.23301255697195888
}