{
  "umap1": 0.9570888840006263,
  "umap2": 0.3352532696537319
}