{
  "umap1": 11.775623321533203,
  "umap2": 1.787163257598877
}