{
  "umap1": 0.676464561765818,
  "umap2": 0.7915159042131323
}