{
  "umap1": 0.9927904605865479,
  "umap2": 9.705548286437988
}