{
  "umap1": 3.8939478397369385,
  "umap2": 9.838754653930664
}