{
  "umap1": 11.994927406311035,
  "umap2": 2.691710948944092
}