{
  "umap1": 0.05203935828980899,
  "umap2": 0.2356616575889372
}