{
  "umap1": 11.523746490478516,
  "umap2": 1.7120790481567383
}