{
  "No direct optim ancestor": "None",
  "umap1": 0.8256137134624199,
  "umap2": 0.017361089734466484
}