{
  "No direct optim ancestor": "None",
  "umap1": 0.8058521000077603,
  "umap2": 0.9352566081629365
}