{
  "umap1": 0.4978252375541181,
  "umap2": 0.43289909657954984
}