{
  "No direct optim ancestor": "None",
  "umap1": 0.35070703604688624,
  "umap2": 0.9221984355346543
}