{
  "umap1": 0.22347791217358182,
  "umap2": 0.984420872787243
}