{
  "umap1": 2.6393883228302,
  "umap2": 10.731572151184082
}