{
  "umap1": 0.855100877463266,
  "umap2": 0.08554645402209071
}