{
  "umap1": 0.2308391666349664,
  "umap2": 0.5668461832166309
}