{
  "umap1": 4.882314682006836,
  "umap2": 10.891789436340332
}