{
  "No direct optim ancestor": "None",
  "umap1": 0.8730799912693045,
  "umap2": 0.26545400105876393
}