{
  "umap1": 8.805963516235352,
  "umap2": 5.550564765930176
}