{
  "umap1": 0.5385501449998942,
  "umap2": 0.7976845978029625
}