{
  "umap1": 0.7589955567157227,
  "umap2": 0.06971192904412049
}