{
  "umap1": 0.5680189605070174,
  "umap2": 0.6860890076681442
}