{
  "No direct optim ancestor": "None",
  "umap1": 0.7361150726471697,
  "umap2": 0.9322797642448392
}