{
  "No direct optim ancestor": "None",
  "umap1": 0.7801483737205636,
  "umap2": 0.29491116620826174
}