{
  "umap1": 0.893015043274184,
  "umap2": 0.8379041940191282
}