{
  "umap1": 12.007589340209961,
  "umap2": 2.681445837020874
}