{
  "No direct optim ancestor": "None",
  "umap1": 0.5827151377755265,
  "umap2": 0.9142144804772927
}