{
  "umap1": 9.970735549926758,
  "umap2": 6.237011432647705
}