{
  "umap1": 0.45092317470887555,
  "umap2": 0.13235699607249085
}