{
  "umap1": 0.5305382543537073,
  "umap2": 0.006203880385102334
}