{
  "umap1": 7.311345100402832,
  "umap2": 5.858226776123047
}