{
  "umap1": 12.336941719055176,
  "umap2": 2.986253499984741
}