{
  "umap1": 12.44282054901123,
  "umap2": 1.8574936389923096
}