{
  "No direct optim ancestor": "None",
  "umap1": 0.24260791718550134,
  "umap2": 0.3674184729622627
}