{
  "umap1": 0.6316326403584962,
  "umap2": 0.2580177360082284
}