{
  "umap1": 0.08163974332029156,
  "umap2": 0.8451365666915968
}