{
  "umap1": 11.301958084106445,
  "umap2": 1.4807559251785278
}