{
  "umap1": 0.21022493393518893,
  "umap2": 0.10977163704819992
}