{
  "No direct optim ancestor": "None",
  "umap1": 0.07655919451142712,
  "umap2": 0.38189554645890267
}