{
  "umap1": 0.45706357770291706,
  "umap2": 0.6692909313539893
}