{
  "No direct optim ancestor": "None",
  "umap1": 0.6450333265887767,
  "umap2": 0.18007612313770283
}