{
  "umap1": 11.259751319885254,
  "umap2": 2.5724847316741943
}