{
  "No direct optim ancestor": "None",
  "umap1": 0.9984850878122117,
  "umap2": 0.4452513956709425
}