{
  "umap1": 0.44486982683364884,
  "umap2": 0.6219855296476106
}