{
  "umap1": 2.948652982711792,
  "umap2": 10.6301908493042
}