{
  "umap1": 0.8336886347965604,
  "umap2": 0.6504139732702321
}