{
  "umap1": 12.756754875183105,
  "umap2": 7.140091896057129
}