{
  "umap1": 0.6656222363366223,
  "umap2": 0.19240665806381652
}