{
  "umap1": 11.34311294555664,
  "umap2": 2.427978277206421
}