{
  "No direct optim ancestor": "None",
  "umap1": 0.17716190173443114,
  "umap2": 0.21475783541913962
}