{
  "umap1": 0.07108717697599298,
  "umap2": 0.046807838820715375
}