{
  "umap1": 12.29595947265625,
  "umap2": 2.248258113861084
}