{
  "No direct optim ancestor": "None",
  "umap1": 0.8831212323499759,
  "umap2": 0.05019544449713087
}