{
  "umap1": 11.804862976074219,
  "umap2": 2.2327334880828857
}