{
  "No direct optim ancestor": "None",
  "umap1": 0.17633753236579686,
  "umap2": 0.20633066132094058
}