{
  "umap1": 0.5572050024598211,
  "umap2": 0.5351364407149413
}