{
  "umap1": 0.9866711396881731,
  "umap2": 0.7155458974623072
}