{
  "umap1": 9.30874252319336,
  "umap2": 6.433075428009033
}