{
  "umap1": 0.8405621805843347,
  "umap2": 0.15354767722043527
}