{
  "No direct optim ancestor": "None",
  "umap1": 0.9895621827772293,
  "umap2": 0.17624541205861133
}