{
  "umap1": 13.087128639221191,
  "umap2": 4.47806453704834
}