{
  "umap1": 9.623970985412598,
  "umap2": 5.86402702331543
}