{
  "umap1": 8.367024421691895,
  "umap2": 7.269459247589111
}