{
  "umap1": 11.834254264831543,
  "umap2": 1.766542673110962
}