{
  "umap1": 10.807330131530762,
  "umap2": 2.3798434734344482
}