{
  "umap1": 8.27146053314209,
  "umap2": 6.801426887512207
}