{
  "umap1": 0.8313398351996835,
  "umap2": 0.8201587742800492
}