{
  "umap1": 10.3639497756958,
  "umap2": 5.670735836029053
}