{
  "No direct optim ancestor": "None",
  "umap1": 0.06742189706648638,
  "umap2": 0.5531735635889243
}