{
  "umap1": 0.6457532283076391,
  "umap2": 0.5590249966269126
}