{
  "umap1": 0.2591546274089582,
  "umap2": 0.22150039102532115
}