{
  "umap1": 12.03248405456543,
  "umap2": 3.8359549045562744
}