{
  "umap1": 0.8487545628610143,
  "umap2": 0.4500896426322164
}