{
  "No direct optim ancestor": "None",
  "umap1": 0.6217933969787156,
  "umap2": 0.927188529924903
}