{
  "umap1": 12.446266174316406,
  "umap2": 1.7488635778427124
}