{
  "umap1": 9.255786895751953,
  "umap2": 2.559384822845459
}