{
  "No direct optim ancestor": "None",
  "umap1": 0.2764324690501734,
  "umap2": 0.8414915502017563
}