{
  "umap1": 0.6630271685839321,
  "umap2": 0.5041828896899174
}