{
  "umap1": 10.122702598571777,
  "umap2": 5.542153835296631
}