{
  "umap1": 14.06920051574707,
  "umap2": 2.2958803176879883
}