{
  "umap1": 0.8546016173495783,
  "umap2": 0.8351290893414457
}