{
  "No direct optim ancestor": "None",
  "umap1": 0.7988205202258805,
  "umap2": 0.3106297812660539
}