{
  "umap1": 0.3967526889712225,
  "umap2": 0.24667630415949016
}