{
  "Ancestor's direct optim goal": "a photo of a red jellyfish bell with eight translucent green tentacles",
  "umap1": 0.004128231351610223,
  "umap2": 0.08601905961638234
}