{
  "umap1": 0.8875914006669783,
  "umap2": 0.3513405940630633
}