{
  "umap1": 9.375588417053223,
  "umap2": 3.713817834854126
}