{
  "umap1": 0.05459172105495502,
  "umap2": 0.654577515945352
}