{
  "No direct optim ancestor": "None",
  "umap1": 0.3565008547270645,
  "umap2": 0.82872026013282
}