{
  "umap1": 10.174988746643066,
  "umap2": 3.134434938430786
}