{
  "umap1": 13.31284236907959,
  "umap2": 6.899295806884766
}