{
  "umap1": 0.7294333012668343,
  "umap2": 0.724463578447571
}