{
  "No direct optim ancestor": "None",
  "umap1": 0.42196747203040086,
  "umap2": 0.8160763533670956
}