{
  "umap1": 3.224238872528076,
  "umap2": 10.45745849609375
}