{
  "umap1": 0.9406898746951865,
  "umap2": 0.2160819829777475
}