{
  "umap1": 12.652252197265625,
  "umap2": 3.369337320327759
}