{
  "No direct optim ancestor": "None",
  "umap1": 0.8669452426982288,
  "umap2": 0.9859830146734232
}