{
  "umap1": 0.2124124268284442,
  "umap2": 0.059219737904270375
}