{
  "umap1": 12.025540351867676,
  "umap2": 3.616290330886841
}