{
  "No direct optim ancestor": "None",
  "umap1": 0.3280080102218087,
  "umap2": 0.5409912466842614
}