{
  "umap1": 0.7816528253785375,
  "umap2": 0.9591386313203171
}