{
  "umap1": 13.165994644165039,
  "umap2": 5.3951568603515625
}