{
  "umap1": 9.507572174072266,
  "umap2": 1.9673043489456177
}