{
  "umap1": 0.024688578927671734,
  "umap2": 0.4999692987441199
}