{
  "No direct optim ancestor": "None",
  "umap1": 0.10678450252803096,
  "umap2": 0.9228235725594459
}