{
  "umap1": 0.09190787092596275,
  "umap2": 0.8719921939906274
}