{
  "No direct optim ancestor": "None",
  "umap1": 0.3935488192239339,
  "umap2": 0.16672019690209616
}