{
  "umap1": 12.300926208496094,
  "umap2": 5.093014717102051
}