{
  "No direct optim ancestor": "None",
  "umap1": 0.051222912385751274,
  "umap2": 0.7201577450681313
}