{
  "umap1": 0.3055490303823766,
  "umap2": 0.47230033917375347
}