{
  "umap1": 13.402084350585938,
  "umap2": 5.823462009429932
}