{
  "umap1": 9.543462753295898,
  "umap2": 1.458764672279358
}