{
  "umap1": 3.191967725753784,
  "umap2": 10.326491355895996
}