{
  "umap1": 0.42540702618140447,
  "umap2": 0.41356669084054354
}