{
  "umap1": 0.8498423605215303,
  "umap2": 0.7312639634856117
}