{
  "umap1": 1.0430532693862915,
  "umap2": 9.721452713012695
}