{
  "No direct optim ancestor": "None",
  "umap1": 0.045927062243962036,
  "umap2": 0.4379083431310007
}