{
  "umap1": 0.10565929900841797,
  "umap2": 0.3508506077618978
}