{
  "umap1": 12.405813217163086,
  "umap2": 1.4164602756500244
}