{
  "No direct optim ancestor": "None",
  "umap1": 0.8409487001520739,
  "umap2": 0.7513889471078915
}