{
  "umap1": 0.7268544770781967,
  "umap2": 0.9903946221803273
}