{
  "No direct optim ancestor": "None",
  "umap1": 0.18381500476726376,
  "umap2": 0.9221283716424153
}