{
  "umap1": 11.09868049621582,
  "umap2": 5.992302417755127
}