{
  "umap1": 0.9837104764187315,
  "umap2": 0.5682245150502698
}