{
  "No direct optim ancestor": "None",
  "umap1": 0.596140776453585,
  "umap2": 0.04650442069703109
}