{
  "umap1": 0.007142776606007373,
  "umap2": 0.5847076487541849
}