{
  "umap1": 0.9881469327743995,
  "umap2": 0.3502080137511058
}