{
  "umap1": 13.36596965789795,
  "umap2": 1.780579686164856
}