{
  "No direct optim ancestor": "None",
  "umap1": 0.35587560219687386,
  "umap2": 0.6493472653037928
}