{
  "umap1": 4.954995155334473,
  "umap2": 10.771571159362793
}