{
  "umap1": 0.3196987330395783,
  "umap2": 0.04922609823138191
}