{
  "umap1": 0.19552836628201753,
  "umap2": 0.8206119935628481
}