{
  "No direct optim ancestor": "None",
  "umap1": 0.7911490894255985,
  "umap2": 0.6387088678685676
}