{
  "umap1": 8.751574516296387,
  "umap2": 9.047645568847656
}