{
  "No direct optim ancestor": "None",
  "umap1": 0.26388200273758444,
  "umap2": 0.9686042570312517
}