{
  "umap1": 12.667216300964355,
  "umap2": 2.348893642425537
}