{
  "umap1": 0.29469458647751423,
  "umap2": 0.705127988291822
}