{
  "umap1": 0.3381725203079825,
  "umap2": 0.10349715818506033
}