{
  "umap1": 13.320660591125488,
  "umap2": 3.686843156814575
}