{
  "No direct optim ancestor": "None",
  "umap1": 0.6141494897134069,
  "umap2": 0.8112684180906619
}