{
  "umap1": 13.715681076049805,
  "umap2": 6.491367340087891
}