{
  "No direct optim ancestor": "None",
  "umap1": 0.12589062706281817,
  "umap2": 0.8879875420050399
}