{
  "umap1": 13.476243019104004,
  "umap2": 2.2234110832214355
}