{
  "umap1": 0.23009872256373898,
  "umap2": 0.9821643766300906
}