{
  "umap1": 8.594430923461914,
  "umap2": 3.5729808807373047
}