{
  "umap1": 3.419710874557495,
  "umap2": 9.954724311828613
}