{
  "umap1": 0.3180612621525749,
  "umap2": 0.8977375534489771
}