{
  "umap1": 0.5172252381006327,
  "umap2": 0.07739870826295014
}