{
  "No direct optim ancestor": "None",
  "umap1": 0.11311149307029822,
  "umap2": 0.3716722318659127
}