{
  "umap1": 0.3120052490098426,
  "umap2": 0.9444249836333048
}