{
  "umap1": 3.65973162651062,
  "umap2": 10.042287826538086
}