{
  "umap1": 11.602371215820312,
  "umap2": 3.6084342002868652
}