{
  "No direct optim ancestor": "None",
  "umap1": 0.09931864142228541,
  "umap2": 0.4225616259406225
}