{
  "umap1": 12.602535247802734,
  "umap2": 3.4516847133636475
}