{
  "umap1": 0.9659461071831134,
  "umap2": 0.8725695460276487
}