{
  "No direct optim ancestor": "None",
  "umap1": 0.012165432818320832,
  "umap2": 0.5846394359321361
}