{
  "umap1": 0.4865977649544141,
  "umap2": 0.3034437284303497
}