{
  "umap1": 13.2984037399292,
  "umap2": 6.938984394073486
}