{
  "No direct optim ancestor": "None",
  "umap1": 0.04752083598499568,
  "umap2": 0.9498310734448363
}