{
  "umap1": 0.31829906086936144,
  "umap2": 0.12399088686156567
}