{
  "umap1": 12.792055130004883,
  "umap2": 6.912172317504883
}