{
  "umap1": 0.06459374422194797,
  "umap2": 0.7371705846477233,
  "Direct optim goal": "a photo of a five-armed red starfish with green spines"
}