{
  "umap1": 8.023141860961914,
  "umap2": 8.857168197631836
}