{
  "umap1": 3.725592613220215,
  "umap2": 9.999788284301758
}