{
  "umap1": 10.875056266784668,
  "umap2": 2.434844732284546
}