{
  "umap1": 8.023240089416504,
  "umap2": 8.867722511291504
}