{
  "umap1": 8.482749938964844,
  "umap2": 8.779579162597656
}