{
  "umap1": 0.5552343423723163,
  "umap2": 0.29524598253667966
}