{
  "umap1": 11.990774154663086,
  "umap2": 2.012524127960205
}