{
  "umap1": 0.5611429160199877,
  "umap2": 0.3669980243454376
}