{
  "No direct optim ancestor": "None",
  "umap1": 0.6216902140373757,
  "umap2": 0.8813404689015988
}