{
  "umap1": 9.83121109008789,
  "umap2": 3.692101240158081
}