{
  "umap1": 12.519369125366211,
  "umap2": 4.682277202606201
}