{
  "umap1": 4.96185827255249,
  "umap2": 10.779524803161621
}