{
  "No direct optim ancestor": "None",
  "umap1": 0.08882614095847496,
  "umap2": 0.10374609519907685
}