{
  "umap1": 14.125239372253418,
  "umap2": 4.6514716148376465
}