{
  "umap1": 0.35709294152834503,
  "umap2": 0.3718189075475169
}