{
  "umap1": 8.788599967956543,
  "umap2": 4.5794677734375
}