{
  "No direct optim ancestor": "None",
  "umap1": 0.6485737652931387,
  "umap2": 0.4589429290959153
}