{
  "umap1": 0.896361531192596,
  "umap2": 0.7447850237445701
}