{
  "umap1": 0.8344619547847046,
  "umap2": 0.02458153717960254
}