{
  "No direct optim ancestor": "None",
  "umap1": 0.49757640786022983,
  "umap2": 0.2458688448410845
}