{
  "umap1": 13.63045597076416,
  "umap2": 2.850381374359131
}