{
  "umap1": 0.3414260697492276,
  "umap2": 0.7314924219802963
}