{
  "No direct optim ancestor": "None",
  "umap1": 0.9172152097892148,
  "umap2": 0.908709713021743
}