{
  "umap1": 0.6791719842675166,
  "umap2": 0.5915124385520867
}