{
  "umap1": 0.6936584639014575,
  "umap2": 0.5738886665853971
}