{
  "No direct optim ancestor": "None",
  "umap1": 0.5458224294334928,
  "umap2": 0.18546068940714777
}