{
  "umap1": 0.7681430430567869,
  "umap2": 0.7561283000993286
}