{
  "No direct optim ancestor": "None",
  "umap1": 0.5782046491438013,
  "umap2": 0.4053708138372294
}