{
  "umap1": 10.683961868286133,
  "umap2": 2.919698476791382
}