{
  "umap1": 3.1097025871276855,
  "umap2": 10.397616386413574
}