{
  "umap1": 14.479837417602539,
  "umap2": 4.977022647857666
}