{
  "umap1": 0.6557967438887844,
  "umap2": 0.2934555060358033,
  "Direct optim goal": "a photo of a red dragonfly with translucent green wings"
}