{
  "umap1": 13.258792877197266,
  "umap2": 5.85827112197876
}