{
  "umap1": 0.13090062985348172,
  "umap2": 0.7070000515992333
}