{
  "No direct optim ancestor": "None",
  "umap1": 0.4541899447491099,
  "umap2": 0.021359282564240467
}