{
  "No direct optim ancestor": "None",
  "umap1": 0.18928581875176143,
  "umap2": 0.9716671480967524
}