{
  "umap1": 0.629688288528613,
  "umap2": 0.21739036497390019
}