{
  "umap1": 12.898682594299316,
  "umap2": 4.4720845222473145
}