{
  "umap1": 13.234801292419434,
  "umap2": 7.480233669281006
}