{
  "No direct optim ancestor": "None",
  "umap1": 0.3919010405214981,
  "umap2": 0.2603436997026527
}