{
  "umap1": 0.31364163316438776,
  "umap2": 0.7583309951629906
}