{
  "umap1": 14.32301139831543,
  "umap2": 5.60514497756958
}