{
  "No direct optim ancestor": "None",
  "umap1": 0.3527507151502104,
  "umap2": 0.4465081311950577
}