{
  "umap1": 0.08515511822862465,
  "umap2": 0.7314914953821734
}