{
  "No direct optim ancestor": "None",
  "umap1": 0.9307314319559437,
  "umap2": 0.23240809299846188
}