{
  "umap1": 12.74630355834961,
  "umap2": 3.7849581241607666
}