{
  "umap1": 0.44475216887636804,
  "umap2": 0.8713296752805971
}