{
  "No direct optim ancestor": "None",
  "umap1": 0.0004895433577786212,
  "umap2": 0.03888619996381337
}