{
  "umap1": 8.853262901306152,
  "umap2": 6.501755714416504
}