{
  "umap1": 0.5356046681100366,
  "umap2": 0.27249912507073026
}