{
  "umap1": 0.9322080539087956,
  "umap2": 0.8801180022062837
}