{
  "No direct optim ancestor": "None",
  "umap1": 0.5106651475835203,
  "umap2": 0.804723348319381
}