{
  "umap1": 8.55698299407959,
  "umap2": 5.371475696563721
}