{
  "umap1": 0.8363033538641745,
  "umap2": 0.5733869104660454
}