{
  "No direct optim ancestor": "None",
  "umap1": 0.894996833296247,
  "umap2": 0.19313008140700239
}