{
  "umap1": 0.03694542393795186,
  "umap2": 0.7457809573858063
}