{
  "No direct optim ancestor": "None",
  "umap1": 0.2879103974776086,
  "umap2": 0.13272211022075187
}