{
  "umap1": 0.4168174602122653,
  "umap2": 0.05601644150136498
}