{
  "umap1": 10.035442352294922,
  "umap2": 6.016633033752441
}