{
  "No direct optim ancestor": "None",
  "umap1": 0.404244546849426,
  "umap2": 0.3724655072962719
}