{
  "umap1": 0.9828487096985761,
  "umap2": 0.060783124628642105
}