{
  "umap1": 12.303768157958984,
  "umap2": 3.767995834350586
}