{
  "umap1": 10.898506164550781,
  "umap2": 1.6075563430786133
}