{
  "umap1": 8.020820617675781,
  "umap2": 8.868818283081055
}