{
  "No direct optim ancestor": "None",
  "umap1": 0.3591211721158536,
  "umap2": 0.5539520509580923
}