{
  "umap1": 0.008141922112722688,
  "umap2": 0.760779485956128
}