{
  "umap1": 9.65375804901123,
  "umap2": 6.038760185241699
}