{
  "umap1": 8.349112510681152,
  "umap2": 7.255464553833008
}