{
  "umap1": 9.828328132629395,
  "umap2": 1.2921336889266968
}