{
  "No direct optim ancestor": "None",
  "umap1": 0.8297274868017028,
  "umap2": 0.5399777970591793
}