{
  "umap1": 0.9571363439688232,
  "umap2": 0.013466428441479494
}