{
  "umap1": 0.5204762825668479,
  "umap2": 0.6972791312405626
}