{
  "umap1": 12.197346687316895,
  "umap2": 3.486910581588745
}