{
  "No direct optim ancestor": "None",
  "umap1": 0.8829234437206831,
  "umap2": 0.09685833942835709
}