{
  "umap1": 0.2294080338542237,
  "umap2": 0.9220869785352833
}