{
  "No direct optim ancestor": "None",
  "umap1": 0.004674123241011019,
  "umap2": 0.203530475215297
}