{
  "umap1": 0.5819029580863776,
  "umap2": 0.9778885669124372
}