{
  "umap1": 4.940523624420166,
  "umap2": 10.818050384521484
}