{
  "umap1": 0.09443792159255227,
  "umap2": 0.06634316997744083
}