{
  "umap1": 9.544458389282227,
  "umap2": 6.126603126525879
}