{
  "umap1": 0.29930256651142906,
  "umap2": 0.726249773459786
}