{
  "No direct optim ancestor": "None",
  "umap1": 0.8717675659153941,
  "umap2": 0.1581893508433686
}