{
  "No direct optim ancestor": "None",
  "umap1": 0.9514162848972181,
  "umap2": 0.31161252436469244
}