{
  "umap1": 0.3532177375411474,
  "umap2": 0.6159284334022342
}