{
  "No direct optim ancestor": "None",
  "umap1": 0.7290030328870327,
  "umap2": 0.08270125944391815
}