{
  "umap1": 0.08167690310073239,
  "umap2": 0.9309088764613515
}