{
  "umap1": 12.625725746154785,
  "umap2": 2.704674482345581
}