{
  "No direct optim ancestor": "None",
  "umap1": 0.17171533221172697,
  "umap2": 0.18310668947384479
}