{
  "umap1": 0.2996754689201855,
  "umap2": 0.5728655111592403
}