{
  "umap1": 3.4285197257995605,
  "umap2": 10.36690616607666
}