{
  "umap1": 0.8738070510933278,
  "umap2": 0.534230817416243
}