{
  "umap1": 10.997906684875488,
  "umap2": 2.207313299179077
}