{
  "umap1": 0.9969453414627081,
  "umap2": 0.12080355231181772
}