{
  "umap1": 3.450066566467285,
  "umap2": 10.433051109313965
}