{
  "umap1": 13.487886428833008,
  "umap2": 6.863440990447998
}