{
  "umap1": 12.301633834838867,
  "umap2": 2.3797767162323
}