{
  "umap1": 11.274446487426758,
  "umap2": 1.4508190155029297
}