{
  "umap1": 14.109106063842773,
  "umap2": 4.223818302154541
}