{
  "No direct optim ancestor": "None",
  "umap1": 0.8436314689386707,
  "umap2": 0.4760184339619157
}