{
  "umap1": 0.19422918546380852,
  "umap2": 0.9558928515397829
}