{
  "umap1": 13.479572296142578,
  "umap2": 1.8732649087905884
}