{
  "No direct optim ancestor": "None",
  "umap1": 0.08341746951221285,
  "umap2": 0.1828637024815183
}