{
  "umap1": 0.7512526858418815,
  "umap2": 0.38789707453591016
}