{
  "umap1": 11.544452667236328,
  "umap2": 1.6951361894607544
}