{
  "umap1": 12.717968940734863,
  "umap2": 3.4561495780944824
}