{
  "umap1": 0.2968414232604858,
  "umap2": 0.5741817353734886
}