{
  "No direct optim ancestor": "None",
  "umap1": 0.7739731566919573,
  "umap2": 0.11727359070888943
}