{
  "No direct optim ancestor": "None",
  "umap1": 0.9756587766713645,
  "umap2": 0.546208673753375
}