{
  "umap1": 10.851981163024902,
  "umap2": 1.7302911281585693
}