{
  "umap1": 0.6176855539066733,
  "umap2": 0.7585594387996141
}