{
  "No direct optim ancestor": "None",
  "umap1": 0.872418693226035,
  "umap2": 0.16848990915162265
}