{
  "umap1": 0.6094287982468439,
  "umap2": 0.11840215165199408
}