{
  "umap1": 9.376652717590332,
  "umap2": 3.056246280670166
}