{
  "umap1": 1.0565295219421387,
  "umap2": 9.69892406463623
}