{
  "No direct optim ancestor": "None",
  "umap1": 0.46072352748534295,
  "umap2": 0.36558755192238734
}