{
  "umap1": 11.856531143188477,
  "umap2": 1.8670110702514648
}