{
  "umap1": 0.9425085785620572,
  "umap2": 0.8075601081517327
}