{
  "umap1": 0.3839700331927469,
  "umap2": 0.15220197480461806
}