{
  "umap1": 0.47230958734882456,
  "umap2": 0.0707853731762641
}