{
  "umap1": 12.604269027709961,
  "umap2": 7.138568878173828
}