{
  "No direct optim ancestor": "None",
  "umap1": 0.5328386054362262,
  "umap2": 0.6367552477136829
}