{
  "umap1": 0.5748947985106471,
  "umap2": 0.3157613305540399
}