{
  "umap1": 13.329636573791504,
  "umap2": 4.92388391494751
}