{
  "umap1": 9.673309326171875,
  "umap2": 3.747986078262329
}