{
  "umap1": 0.09976789450584878,
  "umap2": 0.2500998356457087
}