{
  "umap1": 11.458392143249512,
  "umap2": 3.2668845653533936
}