{
  "No direct optim ancestor": "None",
  "umap1": 0.8030714263569727,
  "umap2": 0.49588660987889777
}