{
  "No direct optim ancestor": "None",
  "umap1": 0.5132157800515479,
  "umap2": 0.6752046836248008
}