{
  "umap1": 0.2727902701140952,
  "umap2": 0.334956409721731
}