{
  "No direct optim ancestor": "None",
  "umap1": 0.34833876648230744,
  "umap2": 0.04848567699951911
}