{
  "umap1": 0.7145629487400174,
  "umap2": 0.6997588271785713
}