{
  "umap1": 11.000874519348145,
  "umap2": 1.315833330154419
}