{
  "umap1": 9.938142776489258,
  "umap2": 1.4733033180236816
}