{
  "umap1": 12.653830528259277,
  "umap2": 7.180250644683838
}