{
  "umap1": 0.503904237562204,
  "umap2": 0.4567975455291057
}