{
  "No direct optim ancestor": "None",
  "umap1": 0.785525422091356,
  "umap2": 0.16254080281345362
}