{
  "umap1": 14.095425605773926,
  "umap2": 6.017553806304932
}