{
  "umap1": 10.078540802001953,
  "umap2": 1.4769850969314575
}