{
  "umap1": 12.983420372009277,
  "umap2": 7.064355850219727
}