{
  "umap1": 0.3797445954831632,
  "umap2": 0.49442756930891496
}