{
  "umap1": 12.694400787353516,
  "umap2": 6.599605083465576
}