{
  "No direct optim ancestor": "None",
  "umap1": 0.8981175384221065,
  "umap2": 0.5207717566009095
}