{
  "umap1": 0.34668415475467507,
  "umap2": 0.9926847457474393
}