{
  "No direct optim ancestor": "None",
  "umap1": 0.6973885808996924,
  "umap2": 0.9656092902338891
}