{
  "umap1": 0.13335377781085855,
  "umap2": 0.1646456418900728
}