{
  "umap1": 0.21056814281565517,
  "umap2": 0.8647256934219555
}