{
  "umap1": 7.9194722175598145,
  "umap2": 8.900503158569336
}