{
  "umap1": 1.035578966140747,
  "umap2": 9.662412643432617
}