{
  "umap1": 0.7255411991979481,
  "umap2": 0.43028978557343633
}