{
  "umap1": 0.5470658472352741,
  "umap2": 0.17094463935951654
}