{
  "umap1": 7.306017875671387,
  "umap2": 5.888121128082275
}