{
  "umap1": 0.32791005772431525,
  "umap2": 0.8807445289096557
}