{
  "No direct optim ancestor": "None",
  "umap1": 0.4998182503514256,
  "umap2": 0.4732664120460318
}