{
  "umap1": 10.528138160705566,
  "umap2": 2.1143686771392822
}