{
  "umap1": 9.011104583740234,
  "umap2": 6.408563613891602
}