{
  "umap1": 0.28570512124386327,
  "umap2": 0.06988710808925591
}