{
  "umap1": 0.15584441262547621,
  "umap2": 0.9079680621255741
}