{
  "umap1": 11.616607666015625,
  "umap2": 3.497706890106201
}