{
  "No direct optim ancestor": "None",
  "umap1": 0.1418192363524886,
  "umap2": 0.4069963266741963
}