{
  "umap1": 10.597529411315918,
  "umap2": 2.2258758544921875
}