{
  "umap1": 3.37605619430542,
  "umap2": 10.484967231750488
}