{
  "umap1": 0.6643831953643168,
  "umap2": 0.38542357697210794
}