{
  "umap1": 0.00976208254074118,
  "umap2": 0.11628644562871726
}