{
  "No direct optim ancestor": "None",
  "umap1": 0.5398539726404715,
  "umap2": 0.44175080412685386
}