{
  "umap1": 11.845396041870117,
  "umap2": 2.958578586578369
}