{
  "umap1": 0.2736436364725766,
  "umap2": 0.15084844505042438
}