{
  "No direct optim ancestor": "None",
  "umap1": 0.8513851316133969,
  "umap2": 0.7472394356416644
}