{
  "No direct optim ancestor": "None",
  "umap1": 0.5081706720945038,
  "umap2": 0.5603247159026588
}