{
  "umap1": 0.6946846055343212,
  "umap2": 0.3849550758972172
}