{
  "umap1": 0.7168727324772417,
  "umap2": 0.7407459586868564
}