{
  "umap1": 3.451371192932129,
  "umap2": 9.891008377075195
}