{
  "umap1": 2.6977152824401855,
  "umap2": 10.651782035827637
}