{
  "No direct optim ancestor": "None",
  "umap1": 0.05673860136479414,
  "umap2": 0.23214583187031146
}