{
  "umap1": 10.92148494720459,
  "umap2": 3.2647180557250977
}