{
  "umap1": 0.15872941118008876,
  "umap2": 0.6693364466775878
}