{
  "umap1": 4.913784980773926,
  "umap2": 10.853320121765137
}