{
  "umap1": 0.18719437134071581,
  "umap2": 0.31788909444279423
}