{
  "umap1": 0.6002398411589784,
  "umap2": 0.5507133835754252
}