{
  "No direct optim ancestor": "None",
  "umap1": 0.49628785601592607,
  "umap2": 0.5642155459203864
}