{
  "umap1": 13.493812561035156,
  "umap2": 6.989721775054932
}