{
  "umap1": 0.6150545971307294,
  "umap2": 0.9457827136539783
}