{
  "No direct optim ancestor": "None",
  "umap1": 0.179991260068609,
  "umap2": 0.5559423545356592
}