{
  "umap1": 0.17181832022410448,
  "umap2": 0.03965601016677356
}