{
  "No direct optim ancestor": "None",
  "umap1": 0.1370768624191031,
  "umap2": 0.04732885916347562
}