{
  "umap1": 0.3177110117906057,
  "umap2": 0.37063883668210107
}