{
  "No direct optim ancestor": "None",
  "umap1": 0.1375029882475196,
  "umap2": 0.05433539181139557
}