{
  "umap1": 0.16209607822874061,
  "umap2": 0.44633055419160983
}