{
  "umap1": 2.6284680366516113,
  "umap2": 10.715357780456543
}