{
  "umap1": 0.5495738117548388,
  "umap2": 0.23019573943862814
}