{
  "No direct optim ancestor": "None",
  "umap1": 0.25838789348190727,
  "umap2": 0.4527740668232231
}