{
  "umap1": 0.48714018239806467,
  "umap2": 0.20107686849946826
}