{
  "umap1": 0.10931652093420963,
  "umap2": 0.9975947645307612
}