{
  "No direct optim ancestor": "None",
  "umap1": 0.48264664560406223,
  "umap2": 0.24158404624017182
}