{
  "umap1": 0.5150900870531159,
  "umap2": 0.3574167972072704
}