{
  "No direct optim ancestor": "None",
  "umap1": 0.19990869217541485,
  "umap2": 0.19584371908678833
}