{
  "umap1": 12.945245742797852,
  "umap2": 2.7650187015533447
}