{
  "umap1": 14.107762336730957,
  "umap2": 6.096008777618408
}