{
  "umap1": 0.9735105275011898,
  "umap2": 0.5184052024825154
}