{
  "umap1": 3.254624366760254,
  "umap2": 10.43028450012207
}