{
  "umap1": 0.19691058238231207,
  "umap2": 0.11631310974484343
}