{
  "umap1": 8.061362266540527,
  "umap2": 8.872162818908691
}