{
  "umap1": 11.512474060058594,
  "umap2": 3.407395601272583
}