{
  "umap1": 0.3571291483494383,
  "umap2": 0.6481742862643977
}