{
  "No direct optim ancestor": "None",
  "umap1": 0.8979103082109573,
  "umap2": 0.539866383456271
}