{
  "umap1": 12.82452392578125,
  "umap2": 2.4533464908599854
}