{
  "umap1": 12.368348121643066,
  "umap2": 3.7486770153045654
}