{
  "No direct optim ancestor": "None",
  "umap1": 0.9063346554294481,
  "umap2": 0.40713588104504383
}