{
  "umap1": 0.6101727770653876,
  "umap2": 0.42165963855394517
}