{
  "umap1": 1.4627549648284912,
  "umap2": 9.992035865783691
}