{
  "No direct optim ancestor": "None",
  "umap1": 0.7734502129800204,
  "umap2": 0.1938966483920398
}