{
  "umap1": 0.8656844064893222,
  "umap2": 0.4339643087654158
}