{
  "umap1": 0.4342978116894237,
  "umap2": 0.8275673730026076
}