{
  "No direct optim ancestor": "None",
  "umap1": 0.16702213216659856,
  "umap2": 0.622181361166322
}