{
  "umap1": 0.769830899603333,
  "umap2": 0.47477034212366664
}