{
  "Ancestor's direct optim goal": "a photo of brain coral with red valleys and green ridges",
  "umap1": 0.1135512248677164,
  "umap2": 0.1435149183998462
}