{
  "umap1": 11.165197372436523,
  "umap2": 2.825362205505371
}