{
  "umap1": 9.681920051574707,
  "umap2": 6.134951591491699
}