{
  "No direct optim ancestor": "None",
  "umap1": 0.6849495840265145,
  "umap2": 0.6336966057133259
}