{
  "umap1": 0.08963621440785985,
  "umap2": 0.3171344528238339
}