{
  "umap1": 0.12693158769123658,
  "umap2": 0.509450792121679
}