{
  "No direct optim ancestor": "None",
  "umap1": 0.1550759775894105,
  "umap2": 0.9555478619119615
}