{
  "No direct optim ancestor": "None",
  "umap1": 0.6917755920132654,
  "umap2": 0.15452388383589977
}