{
  "umap1": 0.1462773700406086,
  "umap2": 0.3228684223206454
}