{
  "umap1": 0.40617018423217377,
  "umap2": 0.9925847073948612
}