{
  "No direct optim ancestor": "None",
  "umap1": 0.28910399816289234,
  "umap2": 0.5476882063164947
}