{
  "umap1": 0.7376603094708238,
  "umap2": 0.048640036216502036
}