{
  "No direct optim ancestor": "None",
  "umap1": 0.8676491473220204,
  "umap2": 0.38255204540919163
}