{
  "umap1": 10.175822257995605,
  "umap2": 1.450411081314087
}