{
  "umap1": 0.5202267792175708,
  "umap2": 0.9259876739078771
}