{
  "umap1": 0.29664763285004003,
  "umap2": 0.55059282969136
}