{
  "No direct optim ancestor": "None",
  "umap1": 0.4043454644129397,
  "umap2": 0.525474852476363
}