{
  "umap1": 10.213747024536133,
  "umap2": 3.145216703414917
}