{
  "umap1": 0.2888548712564156,
  "umap2": 0.00669347333605208
}