{
  "No direct optim ancestor": "None",
  "umap1": 0.4309525612610329,
  "umap2": 0.4335201886203567
}