{
  "umap1": 0.8686449593331803,
  "umap2": 0.6991587294348963
}