{
  "No direct optim ancestor": "None",
  "umap1": 0.7721685637509434,
  "umap2": 0.4618752463596204
}