{
  "umap1": 0.2024508352480331,
  "umap2": 0.31172959943802847
}