{
  "umap1": 2.643542766571045,
  "umap2": 10.6799898147583
}