{
  "umap1": 0.9390574488431654,
  "umap2": 0.42534225982240514
}