{
  "umap1": 11.699281692504883,
  "umap2": 3.1289663314819336
}