{
  "No direct optim ancestor": "None",
  "umap1": 0.5809264249499968,
  "umap2": 0.8574441160378609
}