{
  "umap1": 4.8669257164001465,
  "umap2": 10.883371353149414
}