{
  "umap1": 0.7591667524157255,
  "umap2": 0.21002441596591492
}