{
  "umap1": 0.17037347558902882,
  "umap2": 0.2321116198697234
}