{
  "No direct optim ancestor": "None",
  "umap1": 0.5499502890220161,
  "umap2": 0.4684101106114966
}