{
  "umap1": 13.0332670211792,
  "umap2": 5.86870813369751
}