{
  "No direct optim ancestor": "None",
  "umap1": 0.5247945696876479,
  "umap2": 0.457729744819271
}