{
  "umap1": 0.4683067385678322,
  "umap2": 0.8186384201748916
}