{
  "umap1": 12.838102340698242,
  "umap2": 3.079249143600464
}