{
  "umap1": 0.08555597847378804,
  "umap2": 0.4929978772119037
}