{
  "No direct optim ancestor": "None",
  "umap1": 0.440224398854988,
  "umap2": 0.4742080832862037
}