{
  "umap1": 12.731546401977539,
  "umap2": 3.760896921157837
}