{
  "umap1": 10.281720161437988,
  "umap2": 4.3825554847717285
}