{
  "umap1": 9.71055793762207,
  "umap2": 2.3770971298217773
}