{
  "umap1": 0.5729466781777309,
  "umap2": 0.6179958961061895
}