{
  "No direct optim ancestor": "None",
  "umap1": 0.06915105672575117,
  "umap2": 0.642675172173805
}