{
  "umap1": 0.6433845709843647,
  "umap2": 0.4971439960609615
}