{
  "umap1": 13.145256042480469,
  "umap2": 2.9252779483795166
}