{
  "umap1": 3.400578498840332,
  "umap2": 10.4039888381958
}