{
  "umap1": 2.6860814094543457,
  "umap2": 10.678035736083984
}