{
  "umap1": 0.658733798319361,
  "umap2": 0.9645703555841773
}