{
  "umap1": 11.09886646270752,
  "umap2": 2.9651880264282227
}