{
  "No direct optim ancestor": "None",
  "umap1": 0.20372630238760914,
  "umap2": 0.6149478045438902
}