{
  "umap1": 0.41738490089077873,
  "umap2": 0.29510098548865127
}