{
  "umap1": 0.9343672482930264,
  "umap2": 0.30628069072588515
}