{
  "umap1": 2.665388822555542,
  "umap2": 10.666779518127441
}