{
  "umap1": 0.41263773685984095,
  "umap2": 0.5521676161501521
}