{
  "No direct optim ancestor": "None",
  "umap1": 0.635893732361514,
  "umap2": 0.6467453980621596
}