{
  "No direct optim ancestor": "None",
  "umap1": 0.615246294210983,
  "umap2": 0.721891084093914
}