{
  "umap1": 0.8290256259691736,
  "umap2": 0.5822891063391835
}