{
  "umap1": 12.431188583374023,
  "umap2": 2.4547252655029297
}