{
  "umap1": 0.5238359530288665,
  "umap2": 0.18033840217911334
}