{
  "umap1": 3.6168689727783203,
  "umap2": 10.328336715698242
}