{
  "umap1": 0.7540437229021622,
  "umap2": 0.0965726723288588
}