{
  "No direct optim ancestor": "None",
  "umap1": 0.38325417337465795,
  "umap2": 0.7529493876867763
}