{
  "umap1": 0.5721260540373065,
  "umap2": 0.834198436604436
}