{
  "No direct optim ancestor": "None",
  "umap1": 0.38522082104424316,
  "umap2": 0.27797750102970153
}