{
  "umap1": 7.297474384307861,
  "umap2": 5.9485697746276855
}