{
  "No direct optim ancestor": "None",
  "umap1": 0.7731439624469224,
  "umap2": 0.027837460444719464
}