{
  "umap1": 0.007733649404979559,
  "umap2": 0.4435314375190941
}