{
  "umap1": 0.317903166439681,
  "umap2": 0.2909183453321781
}