{
  "No direct optim ancestor": "None",
  "umap1": 0.0975793244110702,
  "umap2": 0.4936568110932753
}