{
  "umap1": 11.940673828125,
  "umap2": 3.9753549098968506
}