{
  "No direct optim ancestor": "None",
  "umap1": 0.7267717030466678,
  "umap2": 0.9141457739687846
}