{
  "umap1": 11.537867546081543,
  "umap2": 3.669191837310791
}