{
  "umap1": 0.41913783610653077,
  "umap2": 0.3731591277850347
}