{
  "No direct optim ancestor": "None",
  "umap1": 0.17653161677779095,
  "umap2": 0.22537490782297098
}