{
  "umap1": 0.6534342373144822,
  "umap2": 0.4355766841382114
}