{
  "umap1": 11.311473846435547,
  "umap2": 2.651479482650757
}