{
  "No direct optim ancestor": "None",
  "umap1": 0.9335998732742226,
  "umap2": 0.48638724133500044
}