{
  "umap1": 0.721388946754589,
  "umap2": 0.21249147499906695
}