{
  "umap1": 13.748138427734375,
  "umap2": 5.462803363800049
}