{
  "No direct optim ancestor": "None",
  "umap1": 0.6630875203693123,
  "umap2": 0.689268460386868
}