{
  "umap1": 0.3616913007790328,
  "umap2": 0.5130201545852539
}