{
  "umap1": 0.8861757881457563,
  "umap2": 0.2883689776399908
}