{
  "No direct optim ancestor": "None",
  "umap1": 0.8024834875490533,
  "umap2": 0.7986320932633849
}