{
  "No direct optim ancestor": "None",
  "umap1": 0.5733922915841184,
  "umap2": 0.5456387304799195
}