{
  "umap1": 12.120107650756836,
  "umap2": 7.510644435882568
}