{
  "umap1": 0.2570071447828004,
  "umap2": 0.518130908625798
}