{
  "umap1": 0.054139352720689926,
  "umap2": 0.4163172070882284
}