{
  "No direct optim ancestor": "None",
  "umap1": 0.7638285520165848,
  "umap2": 0.8182350022779387
}