{
  "umap1": 9.513937950134277,
  "umap2": 1.5926018953323364
}