{
  "umap1": 0.9861794114112854,
  "umap2": 9.64312744140625
}