{
  "umap1": 0.2470021124007331,
  "umap2": 0.0902586006308721
}