{
  "umap1": 12.90690803527832,
  "umap2": 2.7384023666381836
}