{
  "No direct optim ancestor": "None",
  "umap1": 0.9210036567041083,
  "umap2": 0.46275841661529515
}