{
  "umap1": 10.32632827758789,
  "umap2": 5.385244846343994
}