{
  "umap1": 0.8894567542673814,
  "umap2": 0.6948960625940029
}