{
  "umap1": 12.611659049987793,
  "umap2": 2.817648410797119
}