{
  "umap1": 11.251089096069336,
  "umap2": 1.4029664993286133
}