{
  "umap1": 12.325262069702148,
  "umap2": 4.137076377868652
}