{
  "No direct optim ancestor": "None",
  "umap1": 0.21129880305731175,
  "umap2": 0.23891312026991451
}