{
  "umap1": 0.9243045550418523,
  "umap2": 0.14108421485475964
}