{
  "umap1": 12.56806468963623,
  "umap2": 1.69216787815094
}