{
  "umap1": 8.836113929748535,
  "umap2": 4.950022220611572
}