{
  "umap1": 8.71841812133789,
  "umap2": 4.628218173980713
}