{
  "umap1": 0.18572707302495362,
  "umap2": 0.47498478530029087
}