{
  "umap1": 10.90744686126709,
  "umap2": 2.9976706504821777
}