{
  "No direct optim ancestor": "None",
  "umap1": 0.6867572790682922,
  "umap2": 0.10086224880687744
}