{
  "umap1": 0.848659451158504,
  "umap2": 0.9044498836861895
}