{
  "umap1": 0.0201343630578259,
  "umap2": 0.5055678303129494
}