{
  "umap1": 13.94404125213623,
  "umap2": 4.628565788269043
}