{
  "No direct optim ancestor": "None",
  "umap1": 0.058700330336621254,
  "umap2": 0.6326006965569171
}