{
  "umap1": 0.5065717954788246,
  "umap2": 0.6361789007488853
}