{
  "Ancestor's direct optim goal": "a red six-petaled flower with green spots and blue center",
  "umap1": 0.9126553841846778,
  "umap2": 0.19180567826375317
}