{
  "umap1": 13.926813125610352,
  "umap2": 1.957620620727539
}