{
  "umap1": 0.8077134768590932,
  "umap2": 0.7067754321552956
}