{
  "No direct optim ancestor": "None",
  "umap1": 0.2227159555452599,
  "umap2": 0.326657467552288
}