{
  "umap1": 13.145469665527344,
  "umap2": 4.718649864196777
}