{
  "umap1": 7.286957740783691,
  "umap2": 6.041243553161621
}