{
  "No direct optim ancestor": "None",
  "umap1": 0.946114384587142,
  "umap2": 0.5195362390325406
}