{
  "umap1": 0.14702112013935065,
  "umap2": 0.9596528274019612
}