{
  "umap1": 3.118966579437256,
  "umap2": 10.108510971069336
}