{
  "umap1": 4.833491802215576,
  "umap2": 10.878640174865723
}