{
  "umap1": 2.933563232421875,
  "umap2": 10.583443641662598
}