{
  "umap1": 11.406352043151855,
  "umap2": 1.646397352218628
}