{
  "umap1": 0.7935021372019073,
  "umap2": 0.6754786671569493
}