{
  "No direct optim ancestor": "None",
  "umap1": 0.8083746699823811,
  "umap2": 0.8679207683528771
}