{
  "umap1": 13.931150436401367,
  "umap2": 3.437073230743408
}