{
  "No direct optim ancestor": "None",
  "umap1": 0.18166711354929577,
  "umap2": 0.9839547597638069
}