{
  "umap1": 0.10094956735510952,
  "umap2": 0.31612865041075067
}