{
  "umap1": 11.374018669128418,
  "umap2": 1.8155423402786255
}