{
  "No direct optim ancestor": "None",
  "umap1": 0.5545025480566776,
  "umap2": 0.6916140323980826
}