{
  "umap1": 0.637621137933855,
  "umap2": 0.8106485971116035
}