{
  "umap1": 13.047964096069336,
  "umap2": 2.646380662918091
}