{
  "No direct optim ancestor": "None",
  "umap1": 0.097176442729896,
  "umap2": 0.8953627570060169
}