{
  "umap1": 0.31622569080064256,
  "umap2": 0.7843072789592257
}