{
  "No direct optim ancestor": "None",
  "umap1": 0.300574970630455,
  "umap2": 0.5390932497547011
}