{
  "umap1": 0.33927053042860567,
  "umap2": 0.7936102192316056
}