{
  "umap1": 10.551508903503418,
  "umap2": 1.695832371711731
}