{
  "umap1": 0.595186782861475,
  "umap2": 0.893006327830945
}