{
  "umap1": 11.300224304199219,
  "umap2": 3.6272048950195312
}