{
  "No direct optim ancestor": "None",
  "umap1": 0.3278116475905317,
  "umap2": 0.3861878360811162
}