{
  "umap1": 0.8071460631257377,
  "umap2": 0.5900409874538304
}