{
  "No direct optim ancestor": "None",
  "umap1": 0.801650255184185,
  "umap2": 0.8510747847675646
}