{
  "umap1": 13.367755889892578,
  "umap2": 6.5315351486206055
}