{
  "umap1": 0.1587152929332749,
  "umap2": 0.3588621447796708
}