{
  "umap1": 12.977916717529297,
  "umap2": 7.508475303649902
}