{
  "No direct optim ancestor": "None",
  "umap1": 0.7531404309047891,
  "umap2": 0.07641853167398382
}