{
  "umap1": 10.081811904907227,
  "umap2": 5.625702857971191
}