{
  "No direct optim ancestor": "None",
  "umap1": 0.5098000524313187,
  "umap2": 0.7736301570118569
}