{
  "umap1": 13.067049980163574,
  "umap2": 4.560680389404297
}