{
  "umap1": 0.5540260833597642,
  "umap2": 0.4528512097130982
}