{
  "umap1": 0.6479042079983299,
  "umap2": 0.8228795707342611
}