{
  "No direct optim ancestor": "None",
  "umap1": 0.3122933018338939,
  "umap2": 0.791144861310829
}