{
  "umap1": 8.720990180969238,
  "umap2": 4.228133678436279
}