{
  "umap1": 11.272354125976562,
  "umap2": 1.4413834810256958
}