{
  "umap1": 0.844731600990503,
  "umap2": 0.6891631442581633
}