{
  "No direct optim ancestor": "None",
  "umap1": 0.1606740339818702,
  "umap2": 0.8115173506889966
}