{
  "umap1": 2.8344390392303467,
  "umap2": 10.649879455566406
}