{
  "umap1": 0.6383533398758552,
  "umap2": 0.5581385795226776
}