{
  "No direct optim ancestor": "None",
  "umap1": 0.962798885611417,
  "umap2": 0.3128123554057697
}