{
  "umap1": 0.28941124405416907,
  "umap2": 0.8708266110529969
}