{
  "No direct optim ancestor": "None",
  "umap1": 0.7238449905896093,
  "umap2": 0.48087351426734626
}