{
  "No direct optim ancestor": "None",
  "umap1": 0.6810039889716827,
  "umap2": 0.3396121121884681
}