{
  "umap1": 0.8586289913614852,
  "umap2": 0.829070417905336
}