{
  "umap1": 9.807493209838867,
  "umap2": 4.452716827392578
}