{
  "umap1": 0.2675029676307622,
  "umap2": 0.6997329176777862
}