{
  "No direct optim ancestor": "None",
  "umap1": 0.19472495959694358,
  "umap2": 0.5100719049524489
}