{
  "umap1": 11.879447937011719,
  "umap2": 1.6611590385437012
}