{
  "No direct optim ancestor": "None",
  "umap1": 0.6138859000142174,
  "umap2": 0.9416892185097417
}