{
  "umap1": 0.8051644705255703,
  "umap2": 0.9368344833113492
}