{
  "umap1": 9.552389144897461,
  "umap2": 6.525055408477783
}