{
  "umap1": 12.141013145446777,
  "umap2": 3.030367612838745
}