{
  "umap1": 14.094249725341797,
  "umap2": 2.2122387886047363
}