{
  "umap1": 0.19253278749700364,
  "umap2": 0.842359074694836
}