{
  "No direct optim ancestor": "None",
  "umap1": 0.7648861195054933,
  "umap2": 0.4495777502147421
}