{
  "umap1": 9.516252517700195,
  "umap2": 1.739688754081726
}