{
  "No direct optim ancestor": "None",
  "umap1": 0.8799659605502619,
  "umap2": 0.23132127140461411
}