{
  "umap1": 0.4059163505812149,
  "umap2": 0.6185028923177768
}