{
  "umap1": 11.721481323242188,
  "umap2": 5.526025295257568
}