{
  "umap1": 0.5420032309790106,
  "umap2": 0.6077992487138378
}