{
  "No direct optim ancestor": "None",
  "umap1": 0.22697467813610972,
  "umap2": 0.5095879085378247
}