{
  "umap1": 0.912049813162343,
  "umap2": 0.762226060987289
}