{
  "No direct optim ancestor": "None",
  "umap1": 0.1394155335640851,
  "umap2": 0.02643129611198225
}