{
  "umap1": 0.12197087017244446,
  "umap2": 0.31877868832637946
}