{
  "umap1": 0.041411032694146255,
  "umap2": 0.9051173018552666
}