{
  "No direct optim ancestor": "None",
  "umap1": 0.7855166221401139,
  "umap2": 0.08741703490536734
}