{
  "umap1": 8.802667617797852,
  "umap2": 2.893141746520996
}