{
  "umap1": 0.030858396807318056,
  "umap2": 0.3815848063875823
}