{
  "umap1": 0.5337815315811422,
  "umap2": 0.09451670908962351
}