{
  "umap1": 10.290770530700684,
  "umap2": 2.451838254928589
}