{
  "umap1": 0.13110432030154295,
  "umap2": 0.6810767500822996
}