{
  "No direct optim ancestor": "None",
  "umap1": 0.8816945956870001,
  "umap2": 0.5394875142088811
}