{
  "umap1": 10.852619171142578,
  "umap2": 1.7944353818893433
}