{
  "No direct optim ancestor": "None",
  "umap1": 0.2482874045566421,
  "umap2": 0.7596942769184933
}