{
  "umap1": 0.49724626014676865,
  "umap2": 0.6709039479503119
}