{
  "umap1": 12.741253852844238,
  "umap2": 1.7173141241073608
}