{
  "No direct optim ancestor": "None",
  "umap1": 0.05361392340748994,
  "umap2": 0.37547492379504943
}