{
  "umap1": 0.37326127354351424,
  "umap2": 0.43384113802667434
}