{
  "umap1": 10.534468650817871,
  "umap2": 2.6268110275268555
}