{
  "umap1": 0.9922518260004343,
  "umap2": 0.3663944482202478
}