{
  "No direct optim ancestor": "None",
  "umap1": 0.2294972882531977,
  "umap2": 0.975895706802294
}