{
  "umap1": 12.544066429138184,
  "umap2": 6.638505458831787
}