{
  "umap1": 10.992136001586914,
  "umap2": 1.7549583911895752
}