{
  "umap1": 1.0493322610855103,
  "umap2": 9.617324829101562
}