{
  "umap1": 13.388577461242676,
  "umap2": 6.538837432861328
}