{
  "umap1": 12.031879425048828,
  "umap2": 6.025993347167969
}