{
  "No direct optim ancestor": "None",
  "umap1": 0.020904647171424817,
  "umap2": 0.7317043790776454
}