{
  "umap1": 0.23292193290499563,
  "umap2": 0.3983828387845756
}