{
  "umap1": 14.136574745178223,
  "umap2": 5.271743297576904
}