{
  "umap1": 13.492584228515625,
  "umap2": 2.0338118076324463
}