{
  "umap1": 12.07156753540039,
  "umap2": 2.0462379455566406
}