{
  "umap1": 0.2707093773707462,
  "umap2": 0.85922675406894
}