{
  "No direct optim ancestor": "None",
  "umap1": 0.7323461864089138,
  "umap2": 0.5536742609182741
}