{
  "umap1": 14.00118637084961,
  "umap2": 5.727633953094482
}