{
  "No direct optim ancestor": "None",
  "umap1": 0.2564243410487552,
  "umap2": 0.6270656733730137
}