{
  "umap1": 0.3829895923258544,
  "umap2": 0.9806020960912549
}