{
  "umap1": 10.771614074707031,
  "umap2": 2.0417702198028564
}