{
  "No direct optim ancestor": "None",
  "umap1": 0.2058793156598382,
  "umap2": 0.6594989349398356
}