{
  "umap1": 0.13861043087939795,
  "umap2": 0.15404358109317062
}