{
  "umap1": 9.724987030029297,
  "umap2": 2.047971248626709
}