{
  "umap1": 10.545419692993164,
  "umap2": 5.661779403686523
}