{
  "No direct optim ancestor": "None",
  "umap1": 0.9405338908161006,
  "umap2": 0.03634181938317771
}