{
  "umap1": 0.7111583577199014,
  "umap2": 0.6809599066483963
}