{
  "No direct optim ancestor": "None",
  "umap1": 0.7036118479561779,
  "umap2": 0.14773630764534762
}