{
  "umap1": 0.04109758119156637,
  "umap2": 0.5939283792308296
}