{
  "umap1": 0.4663302348463282,
  "umap2": 0.7414288925298534
}