{
  "umap1": 3.7821526527404785,
  "umap2": 10.129047393798828
}