{
  "umap1": 0.2871218189279533,
  "umap2": 0.8742028799171931
}