{
  "No direct optim ancestor": "None",
  "umap1": 0.14780280073730367,
  "umap2": 0.4505528397434262
}