{
  "umap1": 10.035747528076172,
  "umap2": 3.627495765686035
}