{
  "umap1": 9.989420890808105,
  "umap2": 2.6303517818450928
}