{
  "umap1": 14.153483390808105,
  "umap2": 5.599997520446777
}