{
  "No direct optim ancestor": "None",
  "umap1": 0.4247113137813757,
  "umap2": 0.25385493915851864
}