{
  "umap1": 0.7732783578635991,
  "umap2": 0.6088153682673794
}