{
  "umap1": 0.08263990569061941,
  "umap2": 0.7803957302354606
}