{
  "No direct optim ancestor": "None",
  "umap1": 0.09710311422048834,
  "umap2": 0.31847902317153354
}