{
  "umap1": 12.29556941986084,
  "umap2": 3.9688096046447754
}