{
  "umap1": 3.006593704223633,
  "umap2": 10.575939178466797
}