{
  "umap1": 9.853334426879883,
  "umap2": 1.8550485372543335
}