{
  "umap1": 0.5059379560688799,
  "umap2": 0.07439367152298626
}