{
  "No direct optim ancestor": "None",
  "umap1": 0.7041460880246165,
  "umap2": 0.8840962905467699
}