{
  "umap1": 0.6185102049519726,
  "umap2": 0.8332057030571087
}