{
  "umap1": 3.6129510402679443,
  "umap2": 10.327995300292969
}