{
  "No direct optim ancestor": "None",
  "umap1": 0.5583390643920539,
  "umap2": 0.6187364381077505
}