{
  "umap1": 0.5056413779263362,
  "umap2": 0.654615820990312
}