{
  "umap1": 10.45833683013916,
  "umap2": 2.3135757446289062
}