{
  "umap1": 0.4493327400066013,
  "umap2": 0.5342106907179516
}