{
  "umap1": 11.0457763671875,
  "umap2": 1.5804206132888794
}