{
  "No direct optim ancestor": "None",
  "umap1": 0.68799913137575,
  "umap2": 0.7535842815942252
}