{
  "umap1": 0.23497820682464077,
  "umap2": 0.43329676098961656
}