{
  "No direct optim ancestor": "None",
  "umap1": 0.8024262579354448,
  "umap2": 0.871009034362432
}