{
  "umap1": 10.398457527160645,
  "umap2": 2.452130079269409
}