{
  "umap1": 0.42697387125697484,
  "umap2": 0.386469068633407
}