{
  "No direct optim ancestor": "None",
  "umap1": 0.5879177796153338,
  "umap2": 0.8700388097744333
}