{
  "No direct optim ancestor": "None",
  "umap1": 0.23754820023255596,
  "umap2": 0.46216840895202904
}