{
  "umap1": 11.619987487792969,
  "umap2": 4.532352447509766
}