{
  "umap1": 0.1701071792926242,
  "umap2": 0.06265978513171822
}