{
  "umap1": 12.601249694824219,
  "umap2": 3.016016960144043
}