{
  "umap1": 0.016659536798865227,
  "umap2": 0.2825103658456374
}