{
  "No direct optim ancestor": "None",
  "umap1": 0.6166311252126149,
  "umap2": 0.6897917046756555
}