{
  "umap1": 10.755274772644043,
  "umap2": 1.2278660535812378
}