{
  "umap1": 0.5923463698473548,
  "umap2": 0.11464732769581443
}