{
  "umap1": 14.217320442199707,
  "umap2": 5.621819972991943
}