{
  "No direct optim ancestor": "None",
  "umap1": 0.7575617222868873,
  "umap2": 0.33057790112492624
}