{
  "umap1": 0.13768085155400211,
  "umap2": 0.37275157057981734
}