{
  "No direct optim ancestor": "None",
  "umap1": 0.7311985679746589,
  "umap2": 0.9354210550095955
}