{
  "umap1": 8.720715522766113,
  "umap2": 5.453759670257568
}