{
  "umap1": 3.7286276817321777,
  "umap2": 10.128687858581543
}