{
  "umap1": 0.13981813732898052,
  "umap2": 0.04611112863196121
}