{
  "umap1": 3.849534273147583,
  "umap2": 9.818788528442383
}