{
  "No direct optim ancestor": "None",
  "umap1": 0.007245301227889134,
  "umap2": 0.012516253489927909
}