{
  "umap1": 8.798416137695312,
  "umap2": 3.2334187030792236
}