{
  "umap1": 0.7381839226348884,
  "umap2": 0.14094552577751163
}