{
  "No direct optim ancestor": "None",
  "umap1": 0.8131344129220608,
  "umap2": 0.5815990018152455
}