{
  "umap1": 0.37362308689171964,
  "umap2": 0.5448298449215055
}