{
  "umap1": 0.7831422609153537,
  "umap2": 0.9677583542223812
}