{
  "umap1": 0.015393094084082515,
  "umap2": 0.33014642698294694
}