{
  "No direct optim ancestor": "None",
  "umap1": 0.2964583592812331,
  "umap2": 0.9595559056515468
}