{
  "umap1": 10.114541053771973,
  "umap2": 2.942711591720581
}