{
  "umap1": 0.46176904596114865,
  "umap2": 0.9777335508975483
}