{
  "No direct optim ancestor": "None",
  "umap1": 0.008794287378999344,
  "umap2": 0.3307701329238757
}