{
  "umap1": 8.055493354797363,
  "umap2": 8.87509822845459
}