{
  "umap1": 0.7427463964155537,
  "umap2": 0.7606081489181229
}