{
  "umap1": 2.6707119941711426,
  "umap2": 10.652390480041504
}