{
  "umap1": 0.38643010708190595,
  "umap2": 0.36514617789048465
}