{
  "umap1": 13.105430603027344,
  "umap2": 3.1067352294921875
}