{
  "umap1": 10.92291259765625,
  "umap2": 1.5808719396591187
}