{
  "umap1": 0.8234296671576149,
  "umap2": 0.16865738928775498
}