{
  "umap1": 13.88843822479248,
  "umap2": 2.055265426635742
}