{
  "No direct optim ancestor": "None",
  "umap1": 0.14475644414905542,
  "umap2": 0.4398535312762277
}