{
  "No direct optim ancestor": "None",
  "umap1": 0.36105003902058175,
  "umap2": 0.3846686119886157
}