{
  "umap1": 0.2542158168416767,
  "umap2": 0.30518808614324655
}