{
  "No direct optim ancestor": "None",
  "umap1": 0.046137431066369805,
  "umap2": 0.7606393676071663
}