{
  "umap1": 12.492300033569336,
  "umap2": 1.847048044204712
}