{
  "umap1": 0.7143978102547119,
  "umap2": 0.45288472289082327
}