{
  "umap1": 8.823185920715332,
  "umap2": 5.782918930053711
}