{
  "No direct optim ancestor": "None",
  "umap1": 0.40745070948951356,
  "umap2": 0.15494997473321437
}