{
  "umap1": 0.5114507088023622,
  "umap2": 0.3947165650491784
}