{
  "umap1": 13.706524848937988,
  "umap2": 5.425640106201172
}