{
  "No direct optim ancestor": "None",
  "umap1": 0.6461060101312807,
  "umap2": 0.7750881638840197
}