{
  "umap1": 0.7638325808076999,
  "umap2": 0.9669054895293874
}