{
  "umap1": 10.377647399902344,
  "umap2": 2.507492780685425
}