{
  "umap1": 3.3430888652801514,
  "umap2": 10.355708122253418
}