{
  "umap1": 0.4138215268494615,
  "umap2": 0.318914370642968
}