{
  "No direct optim ancestor": "None",
  "umap1": 0.44944821571466875,
  "umap2": 0.9351826594818311
}