{
  "umap1": 0.8211507119726987,
  "umap2": 0.31960147104441616
}