{
  "No direct optim ancestor": "None",
  "umap1": 0.3819682546205133,
  "umap2": 0.16670353806008942
}