{
  "umap1": 11.292617797851562,
  "umap2": 2.2158262729644775
}