{
  "umap1": 13.835103034973145,
  "umap2": 2.6658687591552734
}