{
  "umap1": 0.25832981159614987,
  "umap2": 0.8649151571127552
}