{
  "No direct optim ancestor": "None",
  "umap1": 0.35731239294634753,
  "umap2": 0.657737341823278
}