{
  "umap1": 14.492936134338379,
  "umap2": 5.731669902801514
}