{
  "umap1": 0.2358579687375163,
  "umap2": 0.9956443625337323
}