{
  "No direct optim ancestor": "None",
  "umap1": 0.9452053991342392,
  "umap2": 0.5756208423277919
}