{
  "umap1": 0.5977806777478165,
  "umap2": 0.45234972838655385
}