{
  "umap1": 12.22486686706543,
  "umap2": 7.0319108963012695
}