{
  "umap1": 0.1783962100355848,
  "umap2": 0.7528833002050797
}