{
  "No direct optim ancestor": "None",
  "umap1": 0.9653599134135217,
  "umap2": 0.3144136129163215
}