{
  "umap1": 9.769606590270996,
  "umap2": 5.627771377563477
}