{
  "umap1": 0.10025228149049936,
  "umap2": 0.7572369465571828
}