{
  "No direct optim ancestor": "None",
  "umap1": 0.7405838914687649,
  "umap2": 0.8364290653845446
}