{
  "umap1": 13.202692031860352,
  "umap2": 6.926212787628174
}