{
  "No direct optim ancestor": "None",
  "umap1": 0.3237694056466043,
  "umap2": 0.5391298770673317
}