{
  "umap1": 0.5103101346041502,
  "umap2": 0.8909076096335968
}