{
  "umap1": 12.874170303344727,
  "umap2": 6.310584545135498
}