{
  "umap1": 12.281684875488281,
  "umap2": 2.9326868057250977
}