{
  "umap1": 0.9418260954419198,
  "umap2": 0.5144385638840446
}