{
  "No direct optim ancestor": "None",
  "umap1": 0.30924983254832605,
  "umap2": 0.048798564413983225
}