{
  "umap1": 1.7538820505142212,
  "umap2": 10.118547439575195
}