{
  "umap1": 0.01216090976774209,
  "umap2": 0.7377205206634316
}