{
  "umap1": 3.849653482437134,
  "umap2": 9.87929630279541
}