{
  "umap1": 0.05263899617998624,
  "umap2": 0.04138871639804809
}