{
  "No direct optim ancestor": "None",
  "umap1": 0.19136677852172201,
  "umap2": 0.45914878459913167
}