{
  "umap1": 0.8999972305541097,
  "umap2": 0.6105905921777321
}