{
  "umap1": 12.357915878295898,
  "umap2": 7.675459384918213
}