{
  "umap1": 0.8262174409517838,
  "umap2": 0.3240910109540036
}