{
  "umap1": 1.2399630546569824,
  "umap2": 9.95418643951416
}