{
  "umap1": 0.24159091058630688,
  "umap2": 0.6775773146586697
}