{
  "No direct optim ancestor": "None",
  "umap1": 0.9843097980834932,
  "umap2": 0.6891068746588028
}