{
  "umap1": 0.5627388146872961,
  "umap2": 0.8669489814947665
}