{
  "umap1": 13.03563117980957,
  "umap2": 3.406419277191162
}