{
  "umap1": 0.4457350086219596,
  "umap2": 0.8168402970470436
}