{
  "umap1": 12.984034538269043,
  "umap2": 2.5994722843170166
}