{
  "No direct optim ancestor": "None",
  "umap1": 0.28835102717335415,
  "umap2": 0.8995009974359149
}