{
  "umap1": 0.6580868414230167,
  "umap2": 0.6125227782700006
}