{
  "No direct optim ancestor": "None",
  "umap1": 0.6559329605213071,
  "umap2": 0.48760730999305635
}