{
  "umap1": 12.262150764465332,
  "umap2": 2.8599517345428467
}