{
  "umap1": 0.7855863341646129,
  "umap2": 0.5852369159618098
}