{
  "No direct optim ancestor": "None",
  "umap1": 0.61384337320874,
  "umap2": 0.9918438981320734
}