{
  "umap1": 12.252150535583496,
  "umap2": 1.4900511503219604
}