{
  "umap1": 10.325708389282227,
  "umap2": 1.4230880737304688
}