{
  "umap1": 13.238240242004395,
  "umap2": 4.797117233276367
}