{
  "No direct optim ancestor": "None",
  "umap1": 0.6092980051480019,
  "umap2": 0.4649683393688675
}