{
  "umap1": 0.6721583443645083,
  "umap2": 0.8428485135353665
}