{
  "umap1": 10.524346351623535,
  "umap2": 3.6256213188171387
}