{
  "umap1": 0.016963792447683312,
  "umap2": 0.021105656272146556
}