{
  "No direct optim ancestor": "None",
  "umap1": 0.1737702791127841,
  "umap2": 0.17257961543824274
}