{
  "umap1": 12.252439498901367,
  "umap2": 3.4445343017578125
}