{
  "umap1": 3.583146095275879,
  "umap2": 10.342649459838867
}