{
  "No direct optim ancestor": "None",
  "umap1": 0.9569999709420907,
  "umap2": 0.5802137332653757
}