{
  "umap1": 12.797446250915527,
  "umap2": 3.7631492614746094
}