{
  "umap1": 0.8837487106622356,
  "umap2": 0.7725293718733142
}