{
  "umap1": 14.13206672668457,
  "umap2": 4.840945720672607
}