{
  "umap1": 0.5878628749535274,
  "umap2": 0.7768099592298013
}