{
  "No direct optim ancestor": "None",
  "umap1": 0.6692044161553932,
  "umap2": 0.7508807793628515
}