{
  "umap1": 12.825294494628906,
  "umap2": 3.649968147277832
}