{
  "umap1": 0.7050383846212265,
  "umap2": 0.14064134757351077
}