{
  "umap1": 8.865217208862305,
  "umap2": 2.876086711883545
}