{
  "No direct optim ancestor": "None",
  "umap1": 0.23986976521064762,
  "umap2": 0.4425515729867723
}