{
  "umap1": 11.462431907653809,
  "umap2": 2.7906150817871094
}