{
  "umap1": 4.899531364440918,
  "umap2": 10.863280296325684
}