{
  "umap1": 0.7247513844374031,
  "umap2": 0.46989796450251675
}