{
  "umap1": 3.0480048656463623,
  "umap2": 10.392857551574707
}