{
  "umap1": 0.6264285290178259,
  "umap2": 0.22673396807570723
}