{
  "umap1": 0.4054192072706001,
  "umap2": 0.09101287879980824
}