{
  "umap1": 12.218709945678711,
  "umap2": 6.793374538421631
}