{
  "umap1": 0.1075327352393528,
  "umap2": 0.8042041565765441
}