{
  "umap1": 0.8246159291007772,
  "umap2": 0.3573996092477698
}