{
  "No direct optim ancestor": "None",
  "umap1": 0.16940404449707336,
  "umap2": 0.10977771035721895
}