{
  "umap1": 13.949986457824707,
  "umap2": 3.672714948654175
}