{
  "umap1": 0.44208527979153744,
  "umap2": 0.6914690852061274
}