{
  "No direct optim ancestor": "None",
  "umap1": 0.6880600062120279,
  "umap2": 0.08193910398136395
}