{
  "umap1": 10.464856147766113,
  "umap2": 2.4169743061065674
}