{
  "umap1": 10.171018600463867,
  "umap2": 2.9939687252044678
}