{
  "No direct optim ancestor": "None",
  "umap1": 0.9664839972836683,
  "umap2": 0.13584472262238179
}