{
  "umap1": 0.9293605617829686,
  "umap2": 0.7720541585561339
}