{
  "umap1": 0.28650355154011176,
  "umap2": 0.6017135143067378
}