{
  "No direct optim ancestor": "None",
  "umap1": 0.7914004013762362,
  "umap2": 0.6450110742393408
}