{
  "umap1": 13.930243492126465,
  "umap2": 5.134177207946777
}