{
  "umap1": 10.688240051269531,
  "umap2": 2.0382080078125
}