{
  "No direct optim ancestor": "None",
  "umap1": 0.8524464859861776,
  "umap2": 0.9044276055041202
}