{
  "umap1": 0.3395824229105471,
  "umap2": 0.18415778976689856
}