{
  "umap1": 0.7710492163772154,
  "umap2": 0.07923331561727887
}