{
  "umap1": 10.093884468078613,
  "umap2": 1.637243628501892
}