{
  "No direct optim ancestor": "None",
  "umap1": 0.29899326804252846,
  "umap2": 0.9127603606173598
}