{
  "umap1": 9.103053092956543,
  "umap2": 5.935202598571777
}