{
  "No direct optim ancestor": "None",
  "umap1": 0.5261017062279032,
  "umap2": 0.27669149424021755
}