{
  "umap1": 0.2354647824728353,
  "umap2": 0.18920720991441586
}