{
  "umap1": 10.762582778930664,
  "umap2": 1.5954111814498901
}