{
  "umap1": 0.3207662263197708,
  "umap2": 0.7993430903989454
}