{
  "No direct optim ancestor": "None",
  "umap1": 0.04250751370188044,
  "umap2": 0.5361345872191017
}