{
  "umap1": 8.558676719665527,
  "umap2": 3.189035415649414
}