{
  "umap1": 0.4534023340740325,
  "umap2": 0.23613506890288505
}