{
  "No direct optim ancestor": "None",
  "umap1": 0.7769622716924474,
  "umap2": 0.9993308222661375
}