{
  "umap1": 11.59693431854248,
  "umap2": 2.798551559448242
}