{
  "umap1": 0.008607756651211718,
  "umap2": 0.5534227594868437
}