{
  "No direct optim ancestor": "None",
  "umap1": 0.9460374602152686,
  "umap2": 0.6676808062378903
}