{
  "umap1": 14.010515213012695,
  "umap2": 2.7400853633880615
}