{
  "umap1": 0.4081200459039016,
  "umap2": 0.6345321917757891
}