{
  "No direct optim ancestor": "None",
  "umap1": 0.035054073295082366,
  "umap2": 0.5621084623450258
}