{
  "umap1": 7.3766655921936035,
  "umap2": 5.812496662139893
}