{
  "umap1": 0.2873935550874882,
  "umap2": 0.5691592063499541
}