{
  "No direct optim ancestor": "None",
  "umap1": 0.228349005367395,
  "umap2": 0.31334073848062205
}