{
  "umap1": 9.736286163330078,
  "umap2": 5.9129486083984375
}