{
  "No direct optim ancestor": "None",
  "umap1": 0.678863242558988,
  "umap2": 0.3993586719431136
}