{
  "umap1": 0.04590266801155374,
  "umap2": 0.13898462838634884
}