{
  "No direct optim ancestor": "None",
  "umap1": 0.7530169527392808,
  "umap2": 0.3804122661188476
}