{
  "umap1": 0.48082748143979115,
  "umap2": 0.3770236252637723
}