{
  "umap1": 12.213881492614746,
  "umap2": 6.751862525939941
}