{
  "umap1": 0.5618928941851276,
  "umap2": 0.15146375660460953
}