{
  "umap1": 11.028407096862793,
  "umap2": 1.2830551862716675
}