{
  "No direct optim ancestor": "None",
  "umap1": 0.8698691002426358,
  "umap2": 0.20259645727212716
}