{
  "umap1": 1.4295437335968018,
  "umap2": 10.030357360839844
}