{
  "umap1": 0.9827477199013241,
  "umap2": 0.8620403110441632
}