{
  "umap1": 12.074884414672852,
  "umap2": 5.031443119049072
}