{
  "umap1": 10.148444175720215,
  "umap2": 1.1748323440551758
}