{
  "umap1": 0.6091667855201826,
  "umap2": 0.4749993147589119
}