{
  "No direct optim ancestor": "None",
  "umap1": 0.8175154920181229,
  "umap2": 0.6223811357495578
}