{
  "umap1": 0.9518957215919689,
  "umap2": 0.615121047065096
}