{
  "No direct optim ancestor": "None",
  "umap1": 0.40513326417573337,
  "umap2": 0.687317306239603
}