{
  "No direct optim ancestor": "None",
  "umap1": 0.9617069148332055,
  "umap2": 0.9787840590690646
}