{
  "umap1": 0.9053117384160393,
  "umap2": 0.12483197348580766
}