{
  "umap1": 11.815455436706543,
  "umap2": 3.3131327629089355
}