{
  "No direct optim ancestor": "None",
  "umap1": 0.32900402724068134,
  "umap2": 0.6111182788465613
}