{
  "umap1": 0.33741322084152836,
  "umap2": 0.5853414685566218
}