{
  "umap1": 11.513839721679688,
  "umap2": 5.107207298278809
}