{
  "No direct optim ancestor": "None",
  "umap1": 0.7214123053882201,
  "umap2": 0.5510491190494696
}