{
  "umap1": 0.0732828113071824,
  "umap2": 0.5334828291803251
}