{
  "umap1": 0.050865427101545846,
  "umap2": 0.9769092562731629
}