{
  "umap1": 9.443243980407715,
  "umap2": 1.6291958093643188
}