{
  "No direct optim ancestor": "None",
  "umap1": 0.8920899553740452,
  "umap2": 0.26630139207511605
}