{
  "No direct optim ancestor": "None",
  "umap1": 0.06492447890464592,
  "umap2": 0.3930150677146793
}