{
  "umap1": 13.358269691467285,
  "umap2": 6.668177604675293
}