{
  "umap1": 0.8115982382754807,
  "umap2": 0.14385249674175704
}