{
  "No direct optim ancestor": "None",
  "umap1": 0.5460928101258581,
  "umap2": 0.23597831841469652
}