{
  "umap1": 0.14185169267809516,
  "umap2": 0.6477937795843748
}