{
  "umap1": 0.2821732322351317,
  "umap2": 0.7125844477918731
}