{
  "umap1": 0.3259211621388214,
  "umap2": 0.8998433933163962
}