{
  "umap1": 1.416117548942566,
  "umap2": 10.018221855163574
}