{
  "umap1": 0.7547029391485879,
  "umap2": 0.46399212832920345
}