{
  "No direct optim ancestor": "None",
  "umap1": 0.1361747506349409,
  "umap2": 0.9838053494359513
}