{
  "umap1": 2.880446434020996,
  "umap2": 10.605264663696289
}