{
  "umap1": 8.93651008605957,
  "umap2": 5.951632022857666
}