{
  "umap1": 0.8067102199723926,
  "umap2": 0.1407753248423561
}