{
  "No direct optim ancestor": "None",
  "umap1": 0.6388084067611955,
  "umap2": 0.398115604112418
}