{
  "umap1": 4.900838851928711,
  "umap2": 10.862740516662598
}