{
  "No direct optim ancestor": "None",
  "umap1": 0.9626797781969635,
  "umap2": 0.9905882491782252
}