{
  "umap1": 0.8182631035320067,
  "umap2": 0.24421273600934046
}