{
  "umap1": 0.4050695877662548,
  "umap2": 0.8470412608312982
}