{
  "No direct optim ancestor": "None",
  "umap1": 0.006521738268644106,
  "umap2": 0.26264441897092106
}