{
  "umap1": 0.9987452879522002,
  "umap2": 0.00309378890224532
}