{
  "umap1": 12.813993453979492,
  "umap2": 4.8720855712890625
}