{
  "No direct optim ancestor": "None",
  "umap1": 0.17500801236900232,
  "umap2": 0.9435958269088128
}