{
  "umap1": 0.2859903116596394,
  "umap2": 0.04568451959144759
}