{
  "umap1": 0.699825209616672,
  "umap2": 0.07820642115803722
}