{
  "No direct optim ancestor": "None",
  "umap1": 0.9535094124027842,
  "umap2": 0.9056466236170332
}