{
  "umap1": 10.103785514831543,
  "umap2": 2.760185480117798
}