{
  "umap1": 13.778732299804688,
  "umap2": 1.8850924968719482
}