{
  "No direct optim ancestor": "None",
  "umap1": 0.5838225966787656,
  "umap2": 0.1239830255530252
}