{
  "umap1": 0.36388227952588814,
  "umap2": 0.12584845310985504
}