{
  "umap1": 0.3411473593660954,
  "umap2": 0.9238042640051262
}