{
  "umap1": 13.18593692779541,
  "umap2": 3.488185167312622
}