{
  "umap1": 0.1486266252693752,
  "umap2": 0.4003907792402899
}