{
  "No direct optim ancestor": "None",
  "umap1": 0.7166716438700392,
  "umap2": 0.48672620275440626
}