{
  "umap1": 0.34469893972303867,
  "umap2": 0.9043780677857416
}