{
  "umap1": 12.456755638122559,
  "umap2": 2.6740756034851074
}