{
  "umap1": 13.948681831359863,
  "umap2": 1.9946293830871582
}