{
  "umap1": 8.366738319396973,
  "umap2": 7.1882548332214355
}