{
  "umap1": 0.8709822495124592,
  "umap2": 0.8262099191314212
}