{
  "umap1": 8.588217735290527,
  "umap2": 5.211016654968262
}