{
  "umap1": 0.016386012569988173,
  "umap2": 0.5438804433180469
}