{
  "No direct optim ancestor": "None",
  "umap1": 0.9843250664370722,
  "umap2": 0.6404119010362059
}