{
  "umap1": 1.093470573425293,
  "umap2": 9.587162017822266
}