{
  "umap1": 0.27279415716472555,
  "umap2": 0.29893145407030064
}