{
  "umap1": 14.12355899810791,
  "umap2": 4.487051963806152
}