{
  "No direct optim ancestor": "None",
  "umap1": 0.2403693880739204,
  "umap2": 0.8591146408972705
}