{
  "umap1": 0.0326102161643943,
  "umap2": 0.7655663737472582
}