{
  "umap1": 11.932819366455078,
  "umap2": 4.779032230377197
}