{
  "No direct optim ancestor": "None",
  "umap1": 0.8417242166325088,
  "umap2": 0.26872218126860103
}