{
  "umap1": 10.7228364944458,
  "umap2": 3.6569316387176514
}