{
  "umap1": 0.9131019655626733,
  "umap2": 0.5143301611679083
}