{
  "umap1": 0.4969134707461441,
  "umap2": 0.9452511145176865
}