{
  "umap1": 2.855680227279663,
  "umap2": 10.554156303405762
}