{
  "umap1": 3.2304584980010986,
  "umap2": 10.422082901000977
}