{
  "umap1": 0.4586093281878425,
  "umap2": 0.7596002008290685
}