{
  "umap1": 3.8779449462890625,
  "umap2": 9.826436042785645
}