{
  "umap1": 10.90679931640625,
  "umap2": 2.524653434753418
}