{
  "umap1": 0.23368831819111202,
  "umap2": 0.02962983117542317
}