{
  "No direct optim ancestor": "None",
  "umap1": 0.708382788731955,
  "umap2": 0.593134411929877
}