{
  "umap1": 0.31941349129871166,
  "umap2": 0.350515271543796
}