{
  "umap1": 1.3799408674240112,
  "umap2": 10.028471946716309
}