{
  "umap1": 9.018004417419434,
  "umap2": 5.934366703033447
}