{
  "No direct optim ancestor": "None",
  "umap1": 0.2925903878420686,
  "umap2": 0.42177909577418093
}