{
  "umap1": 0.470475979833906,
  "umap2": 0.153087611422851
}