{
  "umap1": 0.11144638199274437,
  "umap2": 0.06009022022066535
}