{
  "umap1": 0.09442319509211383,
  "umap2": 0.3847387759692892
}