{
  "umap1": 5.036283016204834,
  "umap2": 10.714735984802246
}