{
  "umap1": 0.4045049944242749,
  "umap2": 0.21724571454390285
}