{
  "No direct optim ancestor": "None",
  "umap1": 0.7363201829051806,
  "umap2": 0.20042721360486593
}