{
  "umap1": 8.8749418258667,
  "umap2": 5.824976444244385
}