{
  "umap1": 11.976973533630371,
  "umap2": 5.2465033531188965
}