{
  "umap1": 0.5657134658107058,
  "umap2": 0.5146959333623521
}