{
  "No direct optim ancestor": "None",
  "umap1": 0.5618495599355681,
  "umap2": 0.9278401770079263
}