{
  "umap1": 0.9402851029452909,
  "umap2": 0.33542210582494647
}