{
  "umap1": 13.741758346557617,
  "umap2": 6.839934825897217
}