{
  "No direct optim ancestor": "None",
  "umap1": 0.9620511009356779,
  "umap2": 0.6993765303182516
}