{
  "umap1": 0.9226034132387405,
  "umap2": 0.49386806080909496
}