{
  "umap1": 0.7357591030524144,
  "umap2": 0.5747486506193842
}