{
  "No direct optim ancestor": "None",
  "umap1": 0.2974754345178756,
  "umap2": 0.8146688743665009
}