{
  "umap1": 11.611327171325684,
  "umap2": 1.551622986793518
}