{
  "umap1": 12.639813423156738,
  "umap2": 5.090063095092773
}