{
  "No direct optim ancestor": "None",
  "umap1": 0.3605042568157484,
  "umap2": 0.7323284409272313
}