{
  "umap1": 0.38802650505365033,
  "umap2": 0.20656485781542422
}