{
  "umap1": 0.39071398680404246,
  "umap2": 0.3539977165572762
}