{
  "No direct optim ancestor": "None",
  "umap1": 0.8554469296272934,
  "umap2": 0.480670393677752
}