{
  "umap1": 0.32155934333268343,
  "umap2": 0.36472482411660223
}