{
  "umap1": 0.12131023427253174,
  "umap2": 0.1973332775508453
}