{
  "umap1": 0.17552182068519095,
  "umap2": 0.9411400305640314
}