{
  "umap1": 10.681178092956543,
  "umap2": 2.31400728225708
}