{
  "umap1": 0.7685258116290798,
  "umap2": 0.518541576081627
}