{
  "umap1": 0.6952254061721859,
  "umap2": 0.7929893408713224
}