{
  "umap1": 13.441800117492676,
  "umap2": 1.8992362022399902
}