{
  "No direct optim ancestor": "None",
  "umap1": 0.6871504546339041,
  "umap2": 0.5407454410416891
}