{
  "umap1": 10.095406532287598,
  "umap2": 5.703804016113281
}