{
  "umap1": 12.516382217407227,
  "umap2": 4.7034993171691895
}