{
  "No direct optim ancestor": "None",
  "umap1": 0.22639470726265554,
  "umap2": 0.0955594909826013
}