{
  "umap1": 0.5223831416554044,
  "umap2": 0.8188974352802901
}