{
  "umap1": 3.3393683433532715,
  "umap2": 10.399310111999512
}