{
  "umap1": 8.5753173828125,
  "umap2": 3.2286853790283203
}