{
  "umap1": 0.0352763850796598,
  "umap2": 0.8007769902245813,
  "Direct optim goal": "a photo of a red crab with green claws and blue legs"
}