{
  "umap1": 8.273311614990234,
  "umap2": 6.793662071228027
}