{
  "umap1": 13.781035423278809,
  "umap2": 6.778591156005859
}