{
  "umap1": 9.51340103149414,
  "umap2": 1.6373592615127563
}