{
  "umap1": 0.805886463558573,
  "umap2": 0.5967409452028055
}