{
  "No direct optim ancestor": "None",
  "umap1": 0.06087237167891191,
  "umap2": 0.6450441172783956
}