{
  "No direct optim ancestor": "None",
  "umap1": 0.9753250815194955,
  "umap2": 0.8483061581463233
}