{
  "umap1": 0.20777130084246276,
  "umap2": 0.1516299310193986
}