{
  "No direct optim ancestor": "None",
  "umap1": 0.23032236245905757,
  "umap2": 0.6443878938629661
}