{
  "umap1": 0.9271272384236283,
  "umap2": 0.049751922842459884
}