{
  "umap1": 11.962714195251465,
  "umap2": 2.8851537704467773
}