{
  "umap1": 11.074259757995605,
  "umap2": 1.4924545288085938
}