{
  "umap1": 0.39157167034416385,
  "umap2": 0.7475148379646114
}