{
  "No direct optim ancestor": "None",
  "umap1": 0.6798715841984643,
  "umap2": 0.5891102079605536
}