{
  "umap1": 0.29558213563845803,
  "umap2": 0.37671981992127246
}