{
  "umap1": 12.676204681396484,
  "umap2": 3.2878854274749756
}