{
  "umap1": 12.346830368041992,
  "umap2": 2.5643138885498047
}