{
  "umap1": 9.37674331665039,
  "umap2": 2.196634292602539
}