{
  "No direct optim ancestor": "None",
  "umap1": 0.2014206570989271,
  "umap2": 0.4005749072070003
}