{
  "umap1": 0.20175845697009054,
  "umap2": 0.6375807189353502
}