{
  "No direct optim ancestor": "None",
  "umap1": 0.8111499575711326,
  "umap2": 0.011866287473304316
}