{
  "umap1": 0.5606712271342336,
  "umap2": 0.507524520595371
}