{
  "umap1": 11.835190773010254,
  "umap2": 6.8477559089660645
}