{
  "No direct optim ancestor": "None",
  "umap1": 0.05910787143712648,
  "umap2": 0.22924769299451964
}