{
  "umap1": 0.29732835311749584,
  "umap2": 0.8895590000493395
}