{
  "umap1": 0.3918362654680926,
  "umap2": 0.534873204341003
}