{
  "umap1": 9.350679397583008,
  "umap2": 3.123128652572632
}