{
  "umap1": 0.9041536217515355,
  "umap2": 0.5355342372527013
}