{
  "No direct optim ancestor": "None",
  "umap1": 0.6957084907334617,
  "umap2": 0.9779661704561996
}