{
  "No direct optim ancestor": "None",
  "umap1": 0.24595390577880738,
  "umap2": 0.767583336804245
}