{
  "umap1": 0.6006917829055188,
  "umap2": 0.33584303559096007
}