{
  "umap1": 13.573907852172852,
  "umap2": 4.084539413452148
}