{
  "umap1": 1.3920302391052246,
  "umap2": 10.058902740478516
}