{
  "umap1": 0.6251749525618764,
  "umap2": 0.18300960459378146
}