{
  "umap1": 0.8141983993241524,
  "umap2": 0.8453503944723699
}