{
  "umap1": 0.10908570501444192,
  "umap2": 0.021821241560287974,
  "Direct optim goal": "a photo of a red seven-pointed star with green outline"
}