{
  "umap1": 0.4111971988004198,
  "umap2": 0.6674633291812785
}