{
  "No direct optim ancestor": "None",
  "umap1": 0.3695435354362866,
  "umap2": 0.18677706993989174
}