{
  "No direct optim ancestor": "None",
  "umap1": 0.04343770548343062,
  "umap2": 0.8320988187140262
}