{
  "umap1": 0.3370060096586125,
  "umap2": 0.9255807396865802
}