{
  "umap1": 0.05286421656459739,
  "umap2": 0.3954879471793483
}