{
  "umap1": 12.375214576721191,
  "umap2": 6.602527618408203
}