{
  "No direct optim ancestor": "None",
  "umap1": 0.9112752903319913,
  "umap2": 0.27931818102759975
}