{
  "umap1": 9.327871322631836,
  "umap2": 5.91530704498291
}