{
  "umap1": 0.8604998844647224,
  "umap2": 0.23199094215242444
}