{
  "No direct optim ancestor": "None",
  "umap1": 0.408132533441392,
  "umap2": 0.6202504253882555
}