{
  "umap1": 13.86473274230957,
  "umap2": 1.8699253797531128
}