{
  "umap1": 2.7897136211395264,
  "umap2": 10.573517799377441
}