{
  "umap1": 2.9807746410369873,
  "umap2": 10.640244483947754
}