{
  "umap1": 12.468995094299316,
  "umap2": 2.7609808444976807
}