{
  "umap1": 3.6735353469848633,
  "umap2": 10.252448081970215
}