{
  "umap1": 12.991931915283203,
  "umap2": 2.896606683731079
}