{
  "No direct optim ancestor": "None",
  "umap1": 0.5434203079465101,
  "umap2": 0.13464730532353153
}