{
  "umap1": 0.27247791527483844,
  "umap2": 0.7509801280925521
}