{
  "umap1": 0.697235342211189,
  "umap2": 0.5044123294895473,
  "Direct optim goal": "a photo of a spider web with red threads and green dew drops"
}