{
  "umap1": 8.055632591247559,
  "umap2": 8.884546279907227
}