{
  "umap1": 12.726330757141113,
  "umap2": 3.866342544555664
}