{
  "No direct optim ancestor": "None",
  "umap1": 0.9508575678136427,
  "umap2": 0.22040315172203795
}