{
  "umap1": 0.5834329352863562,
  "umap2": 0.7043825120377921
}