{
  "umap1": 10.74256706237793,
  "umap2": 2.1079578399658203
}