{
  "umap1": 13.832721710205078,
  "umap2": 6.412437915802002
}