{
  "umap1": 0.8497787641064484,
  "umap2": 0.496616148825201
}