{
  "No direct optim ancestor": "None",
  "umap1": 0.9892340364737723,
  "umap2": 0.3525440675843725
}