{
  "umap1": 0.19080185231560964,
  "umap2": 0.668656576690746
}