{
  "umap1": 0.744081090444564,
  "umap2": 0.9582658350215719
}