{
  "umap1": 1.3507684469223022,
  "umap2": 9.990758895874023
}