{
  "umap1": 0.8374023674674296,
  "umap2": 0.9001673091851747
}