{
  "umap1": 0.749647493078223,
  "umap2": 0.4274878271904582
}