{
  "umap1": 13.107669830322266,
  "umap2": 1.9587252140045166
}