{
  "No direct optim ancestor": "None",
  "umap1": 0.7435254799513155,
  "umap2": 0.31903888168650973
}