{
  "umap1": 12.528389930725098,
  "umap2": 3.901160478591919
}