{
  "No direct optim ancestor": "None",
  "umap1": 0.6839089593220812,
  "umap2": 0.07978272634241379
}