{
  "umap1": 0.7717229929908356,
  "umap2": 0.6920086417385876
}