{
  "umap1": 8.85595989227295,
  "umap2": 5.808906078338623
}