{
  "umap1": 14.056976318359375,
  "umap2": 2.0882630348205566
}