{
  "umap1": 2.8912360668182373,
  "umap2": 10.471833229064941
}