{
  "umap1": 0.9143831745591019,
  "umap2": 0.2545969321959779
}