{
  "umap1": 3.086629629135132,
  "umap2": 10.541181564331055
}