{
  "umap1": 7.968723773956299,
  "umap2": 8.752701759338379
}