{
  "umap1": 0.2927597772644245,
  "umap2": 0.19223197588355057
}