{
  "No direct optim ancestor": "None",
  "umap1": 0.14906684109287682,
  "umap2": 0.36749179603692084
}