{
  "umap1": 13.422463417053223,
  "umap2": 6.827598571777344
}