{
  "umap1": 0.9719681970281041,
  "umap2": 0.9233842576771024
}