{
  "umap1": 10.042867660522461,
  "umap2": 2.663585662841797
}