{
  "umap1": 13.913932800292969,
  "umap2": 5.279362201690674
}