{
  "umap1": 13.354053497314453,
  "umap2": 4.409232139587402
}