{
  "umap1": 0.4252101353730401,
  "umap2": 0.5073235682451825
}