{
  "umap1": 7.952035427093506,
  "umap2": 8.954469680786133
}