{
  "umap1": 12.089693069458008,
  "umap2": 1.591935634613037
}