{
  "umap1": 4.975553512573242,
  "umap2": 10.785563468933105
}