{
  "umap1": 12.093216896057129,
  "umap2": 3.0699570178985596
}