{
  "umap1": 1.3794342279434204,
  "umap2": 10.044183731079102
}