{
  "umap1": 13.701825141906738,
  "umap2": 3.851086139678955
}