{
  "No direct optim ancestor": "None",
  "umap1": 0.7931187720766277,
  "umap2": 0.6278365678719248
}