{
  "umap1": 0.7665376121965748,
  "umap2": 0.33744609462958974
}