{
  "umap1": 13.332196235656738,
  "umap2": 2.010067939758301
}