{
  "umap1": 0.6444489416593164,
  "umap2": 0.34307812249510017
}