{
  "No direct optim ancestor": "None",
  "umap1": 0.5942088635686077,
  "umap2": 0.5506154139670676
}