{
  "umap1": 1.0114991664886475,
  "umap2": 9.580816268920898
}