{
  "umap1": 0.3077480873069117,
  "umap2": 0.5664767829296438
}