{
  "umap1": 0.745146343084131,
  "umap2": 0.5036228832604668
}