{
  "umap1": 7.331573009490967,
  "umap2": 5.869489669799805
}