{
  "umap1": 13.971246719360352,
  "umap2": 2.7963554859161377
}