{
  "umap1": 0.2501351204178688,
  "umap2": 0.8835069078818506
}