{
  "No direct optim ancestor": "None",
  "umap1": 0.23949837235570248,
  "umap2": 0.11998621546746369
}