{
  "umap1": 13.314879417419434,
  "umap2": 5.236121654510498
}