{
  "No direct optim ancestor": "None",
  "umap1": 0.617145400445285,
  "umap2": 0.8357215686175071
}