{
  "umap1": 0.3616939778544921,
  "umap2": 0.5634424216109922
}