{
  "No direct optim ancestor": "None",
  "umap1": 0.4775518776244797,
  "umap2": 0.5197154406960572
}