{
  "umap1": 13.57050609588623,
  "umap2": 2.621089220046997
}