{
  "umap1": 0.9109269431405449,
  "umap2": 0.25941726271550647
}