{
  "umap1": 9.962562561035156,
  "umap2": 1.2315287590026855
}