{
  "umap1": 0.7423723002554447,
  "umap2": 0.9494951237887188
}