{
  "umap1": 11.651703834533691,
  "umap2": 2.306751251220703
}