{
  "umap1": 0.8685241679894292,
  "umap2": 0.32509655096904244
}