{
  "umap1": 13.520341873168945,
  "umap2": 3.6141550540924072
}