{
  "umap1": 0.4879857093509571,
  "umap2": 0.5789616995527966
}