{
  "No direct optim ancestor": "None",
  "umap1": 0.8514327564730699,
  "umap2": 0.17024935380910777
}