{
  "umap1": 0.4047810650479571,
  "umap2": 0.6598956854663899
}