{
  "umap1": 13.324994087219238,
  "umap2": 3.460581064224243
}