{
  "No direct optim ancestor": "None",
  "umap1": 0.1362913347010204,
  "umap2": 0.7038350563672182
}