{
  "umap1": 11.026237487792969,
  "umap2": 2.1084659099578857
}