{
  "umap1": 7.945679664611816,
  "umap2": 8.958720207214355
}