{
  "umap1": 0.022692041924587736,
  "umap2": 0.7143642181294492
}