{
  "No direct optim ancestor": "None",
  "umap1": 0.09276110330268639,
  "umap2": 0.12765128215401578
}