{
  "umap1": 0.6701975465597927,
  "umap2": 0.471038665031713
}