{
  "umap1": 9.31771183013916,
  "umap2": 6.311152458190918
}