{
  "umap1": 13.87968635559082,
  "umap2": 2.0493345260620117
}