{
  "umap1": 2.8455541133880615,
  "umap2": 10.615180969238281
}