{
  "umap1": 11.362939834594727,
  "umap2": 3.731724262237549
}