{
  "umap1": 13.601203918457031,
  "umap2": 6.4040093421936035
}