{
  "umap1": 0.7276441216850845,
  "umap2": 0.5341257025720053
}