{
  "No direct optim ancestor": "None",
  "umap1": 0.33980357906809344,
  "umap2": 0.5460071086670056
}