{
  "umap1": 3.1047301292419434,
  "umap2": 10.450583457946777
}