{
  "umap1": 0.5371425934046099,
  "umap2": 0.2213722958167499
}