{
  "umap1": 13.76928424835205,
  "umap2": 3.440646171569824
}