{
  "No direct optim ancestor": "None",
  "umap1": 0.7602446469227364,
  "umap2": 0.896491088618084
}