{
  "umap1": 0.6279297228444753,
  "umap2": 0.6445788065104343
}