{
  "umap1": 0.8185621489439041,
  "umap2": 0.5794951337768924
}