{
  "umap1": 3.0083060264587402,
  "umap2": 10.608064651489258
}