{
  "umap1": 0.3149604465920881,
  "umap2": 0.6341002939677021
}