{
  "No direct optim ancestor": "None",
  "umap1": 0.5932268850098799,
  "umap2": 0.40099827090474904
}