{
  "umap1": 11.014652252197266,
  "umap2": 1.8606219291687012
}