{
  "No direct optim ancestor": "None",
  "umap1": 0.9686515990993878,
  "umap2": 0.6722792661711939
}