{
  "umap1": 0.703142899065236,
  "umap2": 0.6631962971694146
}