{
  "No direct optim ancestor": "None",
  "umap1": 0.3232347677107177,
  "umap2": 0.005416815039863132
}