{
  "umap1": 0.49788809433710923,
  "umap2": 0.02216690689405809
}