{
  "No direct optim ancestor": "None",
  "umap1": 0.16675208944017228,
  "umap2": 0.12700936128879659
}