{
  "umap1": 0.7638759549093035,
  "umap2": 0.8997767801140057
}