{
  "umap1": 7.383097171783447,
  "umap2": 5.826229095458984
}