{
  "umap1": 3.0678155422210693,
  "umap2": 10.577998161315918
}