{
  "umap1": 13.94290542602539,
  "umap2": 5.459737300872803
}