{
  "umap1": 11.047233581542969,
  "umap2": 1.840742826461792
}