{
  "No direct optim ancestor": "None",
  "umap1": 0.28285911358139215,
  "umap2": 0.5316939145545716
}