{
  "umap1": 0.17026407310330227,
  "umap2": 0.2001760455668965
}