{
  "No direct optim ancestor": "None",
  "umap1": 0.019037470380939836,
  "umap2": 0.4616052399926982
}