{
  "umap1": 0.3293299372954289,
  "umap2": 0.07153123710044451
}