{
  "umap1": 10.9517822265625,
  "umap2": 1.7142281532287598
}