{
  "No direct optim ancestor": "None",
  "umap1": 0.5663663908569911,
  "umap2": 0.34101365898545566
}