{
  "umap1": 10.991254806518555,
  "umap2": 1.6197611093521118
}