{
  "umap1": 0.2652972351676721,
  "umap2": 0.2276622927609313
}