{
  "umap1": 10.330101013183594,
  "umap2": 1.554664969444275
}