{
  "umap1": 13.776412010192871,
  "umap2": 1.8145146369934082
}