{
  "umap1": 3.250415325164795,
  "umap2": 10.32860279083252
}