{
  "umap1": 0.06468607854095598,
  "umap2": 0.4987294862108833
}