{
  "umap1": 0.19852089233709946,
  "umap2": 0.08009489401428449
}