{
  "umap1": 13.222923278808594,
  "umap2": 2.7894668579101562
}