{
  "No direct optim ancestor": "None",
  "umap1": 0.9598067329971146,
  "umap2": 0.592760852963477
}