{
  "No direct optim ancestor": "None",
  "umap1": 0.26794858023713275,
  "umap2": 0.18736863311954466
}