{
  "umap1": 0.9163695203940836,
  "umap2": 0.5797513947133743
}