{
  "umap1": 13.773338317871094,
  "umap2": 5.373838424682617
}