{
  "No direct optim ancestor": "None",
  "umap1": 0.2675053988303101,
  "umap2": 0.11092570662945345
}