{
  "umap1": 0.4442001873050918,
  "umap2": 0.03585077763689659
}