{
  "No direct optim ancestor": "None",
  "umap1": 0.4301772174541614,
  "umap2": 0.3177944099363835
}