{
  "umap1": 0.6236859632732213,
  "umap2": 0.5475802198159171
}