{
  "umap1": 13.469132423400879,
  "umap2": 6.365830421447754
}