{
  "umap1": 11.584519386291504,
  "umap2": 3.2460033893585205
}