{
  "umap1": 10.007484436035156,
  "umap2": 2.8606414794921875
}