{
  "No direct optim ancestor": "None",
  "umap1": 0.8961551762009522,
  "umap2": 0.10095232412366661
}