{
  "umap1": 0.1664501011606937,
  "umap2": 0.7336552467194378
}