{
  "umap1": 11.476701736450195,
  "umap2": 1.795449137687683
}