{
  "umap1": 0.36920637239441145,
  "umap2": 0.9249040780532475
}