{
  "No direct optim ancestor": "None",
  "umap1": 0.572178763986651,
  "umap2": 0.2328817051263785
}