{
  "umap1": 9.53293514251709,
  "umap2": 2.4698779582977295
}