{
  "umap1": 0.8403331552142362,
  "umap2": 0.520783484713616
}