{
  "umap1": 0.07257418409065308,
  "umap2": 0.29932621221017086
}