{
  "umap1": 4.994648456573486,
  "umap2": 10.741888046264648
}