{
  "umap1": 0.08489888035857474,
  "umap2": 0.5092277549728369
}