{
  "No direct optim ancestor": "None",
  "umap1": 0.79641277940347,
  "umap2": 0.11265630109317193
}