{
  "umap1": 14.215472221374512,
  "umap2": 2.5715413093566895
}