{
  "umap1": 1.3101284503936768,
  "umap2": 9.990348815917969
}