{
  "umap1": 9.126688003540039,
  "umap2": 6.556917667388916
}