{
  "umap1": 0.8109959182808348,
  "umap2": 0.49879271640530576
}