{
  "umap1": 13.964996337890625,
  "umap2": 6.740781307220459
}