{
  "No direct optim ancestor": "None",
  "umap1": 0.8698853204136443,
  "umap2": 0.03228171280019754
}