{
  "No direct optim ancestor": "None",
  "umap1": 0.19603045029038946,
  "umap2": 0.7875150666663789
}