{
  "umap1": 0.7647608858893528,
  "umap2": 0.7295504793605421
}