{
  "umap1": 10.492902755737305,
  "umap2": 1.4076284170150757
}