{
  "umap1": 9.678476333618164,
  "umap2": 1.4353514909744263
}