{
  "umap1": 0.27935799722503096,
  "umap2": 0.47058775228825855
}