{
  "No direct optim ancestor": "None",
  "umap1": 0.6528024127950381,
  "umap2": 0.9940873955223823
}