{
  "umap1": 13.918047904968262,
  "umap2": 6.075410842895508
}