{
  "umap1": 0.7986628552475068,
  "umap2": 0.703224418625414
}