{
  "umap1": 3.4135475158691406,
  "umap2": 10.374637603759766
}