{
  "No direct optim ancestor": "None",
  "umap1": 0.9218954582746004,
  "umap2": 0.8018925910489824
}