{
  "umap1": 0.43156976552540394,
  "umap2": 0.8049796693224072
}