{
  "umap1": 11.889043807983398,
  "umap2": 6.857648849487305
}