{
  "No direct optim ancestor": "None",
  "umap1": 0.8860824472454397,
  "umap2": 0.6490132163143539
}