{
  "umap1": 0.09592993503477687,
  "umap2": 0.5103629322334988
}