{
  "umap1": 0.12387114702307367,
  "umap2": 0.7908601641555011
}