{
  "No direct optim ancestor": "None",
  "umap1": 0.1359362983645629,
  "umap2": 0.8066467405253536
}