{
  "umap1": 13.513816833496094,
  "umap2": 4.012697219848633
}