{
  "umap1": 10.499080657958984,
  "umap2": 2.3356525897979736
}