{
  "umap1": 1.1638710498809814,
  "umap2": 9.851679801940918
}