{
  "umap1": 10.604933738708496,
  "umap2": 1.242506504058838
}