{
  "umap1": 0.5268283219779223,
  "umap2": 0.36054351521045114
}