{
  "No direct optim ancestor": "None",
  "umap1": 0.32725118895915417,
  "umap2": 0.8454056064232305
}