{
  "umap1": 0.297353585066493,
  "umap2": 0.5352153134813433
}