{
  "No direct optim ancestor": "None",
  "umap1": 0.09958160350778211,
  "umap2": 0.3884370343993231
}