{
  "umap1": 0.8653126945839321,
  "umap2": 0.5683468818106627
}