{
  "umap1": 0.1881356902868263,
  "umap2": 0.13855617216056215
}