{
  "umap1": 13.907113075256348,
  "umap2": 5.997151851654053
}