{
  "No direct optim ancestor": "None",
  "umap1": 0.8554093571570377,
  "umap2": 0.7909022995915944
}