{
  "umap1": 13.987247467041016,
  "umap2": 5.961963176727295
}