{
  "umap1": 11.719356536865234,
  "umap2": 2.6713876724243164
}