{
  "umap1": 0.9352843605476119,
  "umap2": 0.8325424197751485
}