{
  "umap1": 13.555288314819336,
  "umap2": 4.117084980010986
}