{
  "No direct optim ancestor": "None",
  "umap1": 0.23618751499229995,
  "umap2": 0.3628454727279248
}