{
  "umap1": 0.7442739578811649,
  "umap2": 0.907295997751128
}