{
  "umap1": 8.611763954162598,
  "umap2": 3.405797004699707
}