{
  "umap1": 0.9238918285846269,
  "umap2": 0.0669111960633616
}