{
  "No direct optim ancestor": "None",
  "umap1": 0.43481615348452085,
  "umap2": 0.21757370700776701
}