{
  "umap1": 10.211791038513184,
  "umap2": 4.484614372253418
}