{
  "No direct optim ancestor": "None",
  "umap1": 0.9825539320305651,
  "umap2": 0.4331229575913217
}