{
  "umap1": 0.8555392622131932,
  "umap2": 0.03211651889179945
}