{
  "No direct optim ancestor": "None",
  "umap1": 0.7264015123674156,
  "umap2": 0.1487238613134375
}