{
  "umap1": 0.29715332000332884,
  "umap2": 0.28517239202982414
}