{
  "umap1": 0.934390759866376,
  "umap2": 0.7366105651213612
}