{
  "umap1": 7.3031182289123535,
  "umap2": 5.903109073638916
}