{
  "umap1": 11.669439315795898,
  "umap2": 3.6283695697784424
}