{
  "umap1": 0.6499008240568745,
  "umap2": 0.4140002516089798
}