{
  "No direct optim ancestor": "None",
  "umap1": 0.31599747977353043,
  "umap2": 0.8618420573637047
}