{
  "umap1": 2.932013750076294,
  "umap2": 10.172648429870605
}