{
  "umap1": 2.9727942943573,
  "umap2": 10.480229377746582
}