{
  "No direct optim ancestor": "None",
  "umap1": 0.17070867101754716,
  "umap2": 0.6646786779718555
}