{
  "umap1": 0.9807726652395746,
  "umap2": 0.6319974365267332
}