{
  "umap1": 14.076931953430176,
  "umap2": 5.256249904632568
}