{
  "No direct optim ancestor": "None",
  "umap1": 0.6735334305778461,
  "umap2": 0.984628961105598
}