{
  "umap1": 0.029728013449427992,
  "umap2": 0.735627909769832
}