{
  "umap1": 10.597853660583496,
  "umap2": 2.414445400238037
}