{
  "umap1": 10.85726547241211,
  "umap2": 1.180239200592041
}