{
  "No direct optim ancestor": "None",
  "umap1": 0.02277354769731177,
  "umap2": 0.709851749659062
}