{
  "umap1": 0.03366678318776939,
  "umap2": 0.25699897954612694
}