{
  "umap1": 8.57742691040039,
  "umap2": 7.93459939956665
}