{
  "No direct optim ancestor": "None",
  "umap1": 0.781893809972553,
  "umap2": 0.5844084626217503
}