{
  "umap1": 14.070917129516602,
  "umap2": 6.26423978805542
}