{
  "umap1": 0.2025831607069417,
  "umap2": 0.5405963791364176
}