{
  "umap1": 11.849489212036133,
  "umap2": 4.282541751861572
}