{
  "umap1": 11.290241241455078,
  "umap2": 1.714789867401123
}