{
  "No direct optim ancestor": "None",
  "umap1": 0.03143582523424426,
  "umap2": 0.12170668617182567
}