{
  "umap1": 0.24087122959919172,
  "umap2": 0.022197270652421386
}