{
  "umap1": 12.51938533782959,
  "umap2": 3.6470224857330322
}