{
  "No direct optim ancestor": "None",
  "umap1": 0.025609553457092926,
  "umap2": 0.5472113411054182
}