{
  "umap1": 0.8311880684662428,
  "umap2": 0.3108551582863458
}