{
  "umap1": 10.582817077636719,
  "umap2": 1.3720463514328003
}