{
  "No direct optim ancestor": "None",
  "umap1": 0.7684311181388781,
  "umap2": 0.25512023744536305
}