{
  "umap1": 0.536389972778352,
  "umap2": 0.5805641859733358
}