{
  "No direct optim ancestor": "None",
  "umap1": 0.1273551879417919,
  "umap2": 0.8947831301917571
}