{
  "umap1": 0.37353154076009176,
  "umap2": 0.7807546243103919
}