{
  "umap1": 0.8119428947632238,
  "umap2": 0.22227418818436795
}