{
  "umap1": 0.5773408838048775,
  "umap2": 0.4962718435957487
}