{
  "umap1": 8.697813034057617,
  "umap2": 3.0766091346740723
}