{
  "umap1": 13.203544616699219,
  "umap2": 6.94435977935791
}