{
  "No direct optim ancestor": "None",
  "umap1": 0.8135838687492889,
  "umap2": 0.38479949200128105
}