{
  "umap1": 0.8002352397171161,
  "umap2": 0.08014652486823737
}