{
  "umap1": 0.6956974907528859,
  "umap2": 0.15198057319681502,
  "Direct optim goal": "a photo of red branching coral with green polyps"
}