{
  "umap1": 10.013644218444824,
  "umap2": 3.6674270629882812
}