{
  "umap1": 12.31552505493164,
  "umap2": 1.9036285877227783
}