{
  "umap1": 10.786752700805664,
  "umap2": 2.080617666244507
}