{
  "umap1": 0.16183507304078648,
  "umap2": 0.41378535845531894
}