{
  "No direct optim ancestor": "None",
  "umap1": 0.14404556784048106,
  "umap2": 0.10539579778262231
}