{
  "No direct optim ancestor": "None",
  "umap1": 0.18252529556608865,
  "umap2": 0.4391231429200664
}