{
  "umap1": 10.104857444763184,
  "umap2": 2.00581431388855
}