{
  "umap1": 0.4643641955218738,
  "umap2": 0.4896509974867794
}