{
  "umap1": 0.25626778769211733,
  "umap2": 0.6427774111593707
}