{
  "umap1": 3.434152841567993,
  "umap2": 9.884543418884277
}