{
  "umap1": 0.5755069837619485,
  "umap2": 0.5733845035400359
}