{
  "umap1": 0.6148588302830644,
  "umap2": 0.7012624261980029
}