{
  "No direct optim ancestor": "None",
  "umap1": 0.3513145278054812,
  "umap2": 0.9306668239992024
}