{
  "umap1": 3.662421226501465,
  "umap2": 9.923576354980469
}