{
  "umap1": 8.669605255126953,
  "umap2": 5.165525436401367
}