{
  "No direct optim ancestor": "None",
  "umap1": 0.510617845177919,
  "umap2": 0.9460213209915959
}