{
  "umap1": 0.9290725056632414,
  "umap2": 0.10947229742298181
}