{
  "umap1": 13.688765525817871,
  "umap2": 4.283446311950684
}