{
  "umap1": 0.6406009525002205,
  "umap2": 0.4350484385267045
}