{
  "umap1": 13.649415969848633,
  "umap2": 1.6952323913574219
}