{
  "No direct optim ancestor": "None",
  "umap1": 0.4469458312542126,
  "umap2": 0.14769671732737366
}