{
  "No direct optim ancestor": "None",
  "umap1": 0.21454923356487055,
  "umap2": 0.003882018017164479
}