{
  "umap1": 0.8506846746691348,
  "umap2": 0.5580352206763808
}