{
  "umap1": 11.552064895629883,
  "umap2": 3.609132766723633
}