{
  "umap1": 0.19100015814255566,
  "umap2": 0.14538129985396964
}