{
  "umap1": 0.8746539533666788,
  "umap2": 0.14209075178061925
}