{
  "No direct optim ancestor": "None",
  "umap1": 0.6095725301262315,
  "umap2": 0.916965823932469
}