{
  "umap1": 14.175930976867676,
  "umap2": 4.285974502563477
}