{
  "No direct optim ancestor": "None",
  "umap1": 0.29825502102599033,
  "umap2": 0.8449651835552247
}