{
  "umap1": 0.513308810643147,
  "umap2": 0.6699275072186733
}