{
  "umap1": 0.5350386913302239,
  "umap2": 0.5354058063594174
}