{
  "umap1": 8.59026050567627,
  "umap2": 3.2233550548553467
}