{
  "umap1": 1.0353212356567383,
  "umap2": 9.6903657913208
}