{
  "No direct optim ancestor": "None",
  "umap1": 0.8735803446154915,
  "umap2": 0.016902090811122483
}