{
  "umap1": 0.9295767387372523,
  "umap2": 0.18196700139424027
}