{
  "umap1": 0.5824029105314793,
  "umap2": 0.2529586127335437
}