{
  "No direct optim ancestor": "None",
  "umap1": 0.9411601267188741,
  "umap2": 0.4117921179860702
}