{
  "umap1": 0.8365158668308194,
  "umap2": 0.9277290972690998
}