{
  "umap1": 8.733901977539062,
  "umap2": 3.172746419906616
}