{
  "umap1": 0.9083991508167041,
  "umap2": 0.0063779314289049704
}