{
  "No direct optim ancestor": "None",
  "umap1": 0.2501732711977419,
  "umap2": 0.7582177710347843
}