{
  "umap1": 13.595132827758789,
  "umap2": 4.534069061279297
}