{
  "umap1": 3.883962392807007,
  "umap2": 9.89152717590332
}