{
  "umap1": 0.36811382334556675,
  "umap2": 0.6388124581660387
}