{
  "umap1": 0.6508159977656524,
  "umap2": 0.9407031101889415
}