{
  "No direct optim ancestor": "None",
  "umap1": 0.31514384141533114,
  "umap2": 0.3984892912995537
}