{
  "umap1": 0.4011457597747614,
  "umap2": 0.2206749668050867
}