{
  "No direct optim ancestor": "None",
  "umap1": 0.03202799128063294,
  "umap2": 0.6525316664608432
}