{
  "umap1": 11.922627449035645,
  "umap2": 3.481008529663086
}