{
  "umap1": 0.48706942072643866,
  "umap2": 0.9088278690845726
}