{
  "No direct optim ancestor": "None",
  "umap1": 0.09954151890854213,
  "umap2": 0.5054649564231802
}