{
  "umap1": 0.7308024585217153,
  "umap2": 0.3946211065449887
}