{
  "umap1": 0.1553511411200218,
  "umap2": 0.15024976096460052
}