{
  "No direct optim ancestor": "None",
  "umap1": 0.552508486145372,
  "umap2": 0.32552137749693355
}