{
  "umap1": 12.593668937683105,
  "umap2": 2.164435386657715
}