{
  "umap1": 14.20756721496582,
  "umap2": 5.136871337890625
}