{
  "umap1": 1.033244013786316,
  "umap2": 9.605547904968262
}