{
  "umap1": 0.25127428604231217,
  "umap2": 0.2803764112966449
}