{
  "No direct optim ancestor": "None",
  "umap1": 0.6373421471133747,
  "umap2": 0.2830593535601529
}