{
  "umap1": 13.753888130187988,
  "umap2": 4.898718357086182
}