{
  "umap1": 0.19895026434519925,
  "umap2": 0.3640538251442218
}