{
  "umap1": 0.7366628567009597,
  "umap2": 0.7172945351570891
}