{
  "umap1": 3.185727834701538,
  "umap2": 10.288326263427734
}