{
  "No direct optim ancestor": "None",
  "umap1": 0.21630302397141998,
  "umap2": 0.5529128522085496
}