{
  "umap1": 0.5879440784502715,
  "umap2": 0.8455375822052329
}