{
  "umap1": 12.381367683410645,
  "umap2": 2.022235155105591
}