{
  "No direct optim ancestor": "None",
  "umap1": 0.17004166809160914,
  "umap2": 0.38431171917178586
}