{
  "umap1": 0.24646614005519385,
  "umap2": 0.05703164578475772
}