{
  "No direct optim ancestor": "None",
  "umap1": 0.1900903644484392,
  "umap2": 0.5903838220537494
}