{
  "umap1": 0.7596494784617092,
  "umap2": 0.7651941072922662
}