{
  "umap1": 12.457186698913574,
  "umap2": 2.605757474899292
}