{
  "umap1": 0.8183049469045842,
  "umap2": 0.6854616965047997
}