{
  "umap1": 0.17612930305384222,
  "umap2": 0.7749036546306572
}