{
  "No direct optim ancestor": "None",
  "umap1": 0.29740940315462316,
  "umap2": 0.18661190436348363
}