{
  "No direct optim ancestor": "None",
  "umap1": 0.8972052383632675,
  "umap2": 0.7316580367962882
}