{
  "umap1": 0.7308937704046456,
  "umap2": 0.23732050134877147
}