{
  "No direct optim ancestor": "None",
  "umap1": 0.7538880321457868,
  "umap2": 0.7166179647979699
}