{
  "umap1": 13.735281944274902,
  "umap2": 4.476418495178223
}