{
  "umap1": 0.3995103494539559,
  "umap2": 0.4438065704048437
}