{
  "umap1": 0.7250647887190828,
  "umap2": 0.1243049058345852
}