{
  "umap1": 1.015265941619873,
  "umap2": 9.650941848754883
}