{
  "umap1": 7.279797554016113,
  "umap2": 5.965163707733154
}