{
  "umap1": 0.005937500172413679,
  "umap2": 0.8582456412979872
}