{
  "No direct optim ancestor": "None",
  "umap1": 0.7876401156565734,
  "umap2": 0.3056567375861081
}