{
  "umap1": 8.830706596374512,
  "umap2": 5.811627388000488
}