{
  "No direct optim ancestor": "None",
  "umap1": 0.5350988762834131,
  "umap2": 0.9624930479255018
}