{
  "umap1": 0.27506392894730547,
  "umap2": 0.4279769200650628
}