{
  "umap1": 0.9581079293392805,
  "umap2": 0.8785702647714899
}