{
  "No direct optim ancestor": "None",
  "umap1": 0.05025460037656193,
  "umap2": 0.4702383742698487
}