{
  "umap1": 9.334380149841309,
  "umap2": 5.635366439819336
}