{
  "No direct optim ancestor": "None",
  "umap1": 0.3178539682274276,
  "umap2": 0.0029578612050440434
}