{
  "umap1": 12.507502555847168,
  "umap2": 3.1073830127716064
}