{
  "umap1": 0.8423400131467702,
  "umap2": 0.3767544745142848
}