{
  "umap1": 0.020787435435265067,
  "umap2": 0.18169248039009556
}