{
  "No direct optim ancestor": "None",
  "umap1": 0.08005898540009704,
  "umap2": 0.3047597389001866
}