{
  "umap1": 9.930566787719727,
  "umap2": 4.246603488922119
}