{
  "umap1": 0.3554158794316755,
  "umap2": 0.17317266786247099
}