{
  "No direct optim ancestor": "None",
  "umap1": 0.2973932058549994,
  "umap2": 0.5813959393834931
}