{
  "umap1": 12.905484199523926,
  "umap2": 1.645229697227478
}