{
  "umap1": 13.830509185791016,
  "umap2": 5.973060607910156
}