{
  "umap1": 0.7804214854698671,
  "umap2": 0.7331387657600459
}