{
  "No direct optim ancestor": "None",
  "umap1": 0.12276609326653753,
  "umap2": 0.872746856225584
}