{
  "umap1": 0.8954897375422765,
  "umap2": 0.6726451382719593
}