{
  "umap1": 2.6517136096954346,
  "umap2": 10.664705276489258
}