{
  "umap1": 0.21588787381056562,
  "umap2": 0.03516767055870784
}