{
  "No direct optim ancestor": "None",
  "umap1": 0.9752655037089457,
  "umap2": 0.38957097265954943
}