{
  "umap1": 13.926441192626953,
  "umap2": 2.2501912117004395
}