{
  "umap1": 0.2274565841749312,
  "umap2": 0.41813428758561166
}