{
  "umap1": 0.902392777620028,
  "umap2": 0.2609524101328161
}