{
  "umap1": 0.781518708654166,
  "umap2": 0.7450312857397018
}