{
  "No direct optim ancestor": "None",
  "umap1": 0.4687692585686912,
  "umap2": 0.14922055852798033
}