{
  "umap1": 10.08253002166748,
  "umap2": 1.181085228919983
}