{
  "umap1": 14.374403953552246,
  "umap2": 5.491523742675781
}