{
  "umap1": 13.683050155639648,
  "umap2": 4.38942813873291
}