{
  "umap1": 0.6989585734039319,
  "umap2": 0.5316234948532128
}