{
  "No direct optim ancestor": "None",
  "umap1": 0.9925233362481422,
  "umap2": 0.21974735408857493
}