{
  "umap1": 3.5711100101470947,
  "umap2": 10.493605613708496
}