{
  "No direct optim ancestor": "None",
  "umap1": 0.2519448694281924,
  "umap2": 0.6295554298198023
}