{
  "umap1": 0.14227701976639573,
  "umap2": 0.7904608135564491
}