{
  "umap1": 12.26355266571045,
  "umap2": 6.777320861816406
}