{
  "umap1": 0.9536990862937764,
  "umap2": 0.6014139906175969
}