{
  "No direct optim ancestor": "None",
  "umap1": 0.23093982085963938,
  "umap2": 0.46994789579473073
}