{
  "umap1": 9.184840202331543,
  "umap2": 5.783348560333252
}