{
  "umap1": 0.9984837197458595,
  "umap2": 0.5136201349160531
}