{
  "umap1": 12.803579330444336,
  "umap2": 3.7729716300964355
}