{
  "No direct optim ancestor": "None",
  "umap1": 0.2554639548105372,
  "umap2": 0.6866279335187697
}