{
  "umap1": 0.40965740229543113,
  "umap2": 0.6689944215760424
}