{
  "No direct optim ancestor": "None",
  "umap1": 0.1182717600135258,
  "umap2": 0.3395579032791223
}