{
  "umap1": 0.9227454293851942,
  "umap2": 0.5995655748763297
}