{
  "umap1": 13.260477066040039,
  "umap2": 6.599056720733643
}