{
  "umap1": 13.275794982910156,
  "umap2": 3.9830586910247803
}