{
  "umap1": 0.4875541507103428,
  "umap2": 0.4563287916986267
}