{
  "No direct optim ancestor": "None",
  "umap1": 0.7844386824208711,
  "umap2": 0.8505774749773012
}