{
  "umap1": 12.441622734069824,
  "umap2": 2.266176462173462
}