{
  "umap1": 0.8179576561356935,
  "umap2": 0.9813838590467042
}