{
  "No direct optim ancestor": "None",
  "umap1": 0.7022131650981049,
  "umap2": 0.6402252760234605
}