{
  "umap1": 3.626540422439575,
  "umap2": 10.292373657226562
}