{
  "umap1": 2.912576913833618,
  "umap2": 10.586477279663086
}