{
  "umap1": 4.93143367767334,
  "umap2": 10.813698768615723
}