{
  "No direct optim ancestor": "None",
  "umap1": 0.28745621961837153,
  "umap2": 0.15540705728965154
}