{
  "umap1": 0.0671315161317918,
  "umap2": 0.7718541781668494
}