{
  "umap1": 0.5421289933410253,
  "umap2": 0.27980656936414816
}