{
  "No direct optim ancestor": "None",
  "umap1": 0.6384613909845037,
  "umap2": 0.5009257407383652
}