{
  "umap1": 3.292419002365321e-05,
  "umap2": 0.09541436586781826
}