{
  "umap1": 0.20853108682082988,
  "umap2": 0.03715850035414636
}