{
  "No direct optim ancestor": "None",
  "umap1": 0.21324912057445133,
  "umap2": 0.5741380319988397
}