{
  "umap1": 10.978401184082031,
  "umap2": 2.1327216625213623
}