{
  "umap1": 11.35927963256836,
  "umap2": 2.026301622390747
}