{
  "No direct optim ancestor": "None",
  "umap1": 0.7044127714745966,
  "umap2": 0.12665541956847715
}