{
  "umap1": 0.8837134076582988,
  "umap2": 0.7236872849897245
}