{
  "umap1": 10.232938766479492,
  "umap2": 3.916541337966919
}