{
  "umap1": 0.3519166750453301,
  "umap2": 0.7322314344075107
}