{
  "No direct optim ancestor": "None",
  "umap1": 0.9440378527774961,
  "umap2": 0.9827658040833364
}