{
  "umap1": 0.2258206568662825,
  "umap2": 0.9690668388835229
}