{
  "umap1": 0.6998624259163331,
  "umap2": 0.3957410367485674
}