{
  "umap1": 9.292094230651855,
  "umap2": 4.884267807006836
}