{
  "umap1": 13.301206588745117,
  "umap2": 6.289151191711426
}