{
  "No direct optim ancestor": "None",
  "umap1": 0.07236354533648892,
  "umap2": 0.5346020958431371
}