{
  "umap1": 0.7938289269155097,
  "umap2": 0.2723417133216337
}