{
  "umap1": 0.4448425625323309,
  "umap2": 0.8320918625499945
}