{
  "No direct optim ancestor": "None",
  "umap1": 0.4909597821642028,
  "umap2": 0.09273255156027038
}