{
  "umap1": 4.900734901428223,
  "umap2": 10.859363555908203
}