{
  "umap1": 13.170470237731934,
  "umap2": 2.9111392498016357
}