{
  "No direct optim ancestor": "None",
  "umap1": 0.5096022041174028,
  "umap2": 0.554778301932786
}