{
  "umap1": 0.7962870363792396,
  "umap2": 0.4796521439192427
}