{
  "No direct optim ancestor": "None",
  "umap1": 0.2015816745294805,
  "umap2": 0.04703406214716366
}