{
  "umap1": 0.6392250600836081,
  "umap2": 0.18439916357043218
}