{
  "umap1": 13.18810749053955,
  "umap2": 6.564642906188965
}