{
  "No direct optim ancestor": "None",
  "umap1": 0.18914862147071,
  "umap2": 0.6591618796055037
}