{
  "umap1": 0.39930961871752624,
  "umap2": 0.09753696188791583
}