{
  "umap1": 14.330619812011719,
  "umap2": 3.3816123008728027
}