{
  "No direct optim ancestor": "None",
  "umap1": 0.1792704311327541,
  "umap2": 0.09749587202986221
}