{
  "umap1": 0.1653889484758705,
  "umap2": 0.7510163685854866
}