{
  "umap1": 12.605511665344238,
  "umap2": 2.9628982543945312
}