{
  "umap1": 0.31913178848165935,
  "umap2": 0.31569344685470435
}