{
  "umap1": 8.010025978088379,
  "umap2": 8.852469444274902
}