{
  "No direct optim ancestor": "None",
  "umap1": 0.9365690340569884,
  "umap2": 0.3545425282290041
}