{
  "umap1": 0.1780073131099814,
  "umap2": 0.6235283294714445
}