{
  "umap1": 9.095632553100586,
  "umap2": 6.978259086608887
}