{
  "umap1": 0.014086768029299979,
  "umap2": 0.6781220691278669
}