{
  "umap1": 0.9130205712973448,
  "umap2": 0.1846482121164219
}