{
  "No direct optim ancestor": "None",
  "umap1": 0.702316883010465,
  "umap2": 0.28714730756754814
}