{
  "umap1": 0.23704056186133615,
  "umap2": 0.8633690981991768
}