{
  "No direct optim ancestor": "None",
  "umap1": 0.21739472895921608,
  "umap2": 0.5650062653002402
}