{
  "umap1": 13.598886489868164,
  "umap2": 6.598448753356934
}