{
  "No direct optim ancestor": "None",
  "umap1": 0.6968341924798216,
  "umap2": 0.9851606501411418
}