{
  "umap1": 0.46915535461307056,
  "umap2": 0.7615207276064299
}