{
  "umap1": 0.40309933749783655,
  "umap2": 0.05168394014117972
}