{
  "No direct optim ancestor": "None",
  "umap1": 0.29173229059478634,
  "umap2": 0.043346383564315194
}