{
  "umap1": 13.865547180175781,
  "umap2": 1.9520858526229858
}