{
  "umap1": 13.501948356628418,
  "umap2": 6.398433208465576
}