{
  "umap1": 0.4326609258254841,
  "umap2": 0.36781599777815577
}