{
  "umap1": 0.25942744870230094,
  "umap2": 0.00883954004394838
}