{
  "No direct optim ancestor": "None",
  "umap1": 0.8753796448714622,
  "umap2": 0.9878999505379351
}