{
  "umap1": 12.923534393310547,
  "umap2": 6.362006664276123
}