{
  "umap1": 0.7602595487520347,
  "umap2": 0.3890839902942239
}