{
  "umap1": 3.217266798019409,
  "umap2": 10.197245597839355
}