{
  "umap1": 1.7375537157058716,
  "umap2": 10.110968589782715
}