{
  "umap1": 0.1465734245082192,
  "umap2": 0.8958779101304716
}