{
  "umap1": 0.532378054004124,
  "umap2": 0.5933671797156455,
  "Direct optim goal": "a photo of a red salamander with green spots and blue gills"
}