{
  "umap1": 8.416144371032715,
  "umap2": 7.1282429695129395
}