{
  "No direct optim ancestor": "None",
  "umap1": 0.6413390472033301,
  "umap2": 0.02933342500160996
}