{
  "umap1": 0.2850017256499706,
  "umap2": 0.4287033132811968
}