{
  "No direct optim ancestor": "None",
  "umap1": 0.7372770086890552,
  "umap2": 0.2908982658474216
}