{
  "umap1": 0.7630784459545166,
  "umap2": 0.10823844777340674
}