{
  "umap1": 14.18519401550293,
  "umap2": 5.989215850830078
}