{
  "umap1": 0.225774712862292,
  "umap2": 0.10265814259378292
}