{
  "No direct optim ancestor": "None",
  "umap1": 0.21390590607947746,
  "umap2": 0.5029473212068011
}