{
  "umap1": 0.6996249544731453,
  "umap2": 0.034897319232151114
}