{
  "umap1": 2.716006278991699,
  "umap2": 10.642754554748535
}