{
  "umap1": 9.59511661529541,
  "umap2": 5.882711887359619
}