{
  "umap1": 0.7839361289606978,
  "umap2": 0.8202251185737576
}