{
  "No direct optim ancestor": "None",
  "umap1": 0.14366682081438908,
  "umap2": 0.48799393751084985
}