{
  "umap1": 0.3390246182498837,
  "umap2": 0.8410128762185878
}