{
  "umap1": 9.715618133544922,
  "umap2": 3.2796971797943115
}