{
  "No direct optim ancestor": "None",
  "umap1": 0.46475017684960995,
  "umap2": 0.10562283675510076
}