{
  "umap1": 0.42273622587869186,
  "umap2": 0.13445452679684422
}