{
  "No direct optim ancestor": "None",
  "umap1": 0.16890539458447507,
  "umap2": 0.4639558295737347
}