{
  "umap1": 0.40186388379253923,
  "umap2": 0.259960877040905
}