{
  "umap1": 8.584844589233398,
  "umap2": 7.929480075836182
}