{
  "umap1": 11.914484977722168,
  "umap2": 2.0463387966156006
}