{
  "umap1": 0.8868901863965726,
  "umap2": 0.10633651328447169
}