{
  "No direct optim ancestor": "None",
  "umap1": 0.6165952063109473,
  "umap2": 0.6451176636011469
}