{
  "No direct optim ancestor": "None",
  "umap1": 0.3945594692334068,
  "umap2": 0.6972835319085884
}