{
  "umap1": 0.7911140487318755,
  "umap2": 0.17478304348821672
}