{
  "umap1": 10.064983367919922,
  "umap2": 1.1951957941055298
}