{
  "umap1": 11.01910400390625,
  "umap2": 1.333178162574768
}