{
  "umap1": 0.8940817179929925,
  "umap2": 0.19107747799797636,
  "Direct optim goal": "a photo of a double helix DNA strand with red and green bands"
}