{
  "umap1": 8.875916481018066,
  "umap2": 3.2147176265716553
}