{
  "umap1": 0.707344979624441,
  "umap2": 0.47967291164761927
}