{
  "umap1": 13.75189208984375,
  "umap2": 2.175499439239502
}