{
  "No direct optim ancestor": "None",
  "umap1": 0.31746348107454625,
  "umap2": 0.7990213421635153
}