{
  "umap1": 0.639179527315829,
  "umap2": 0.3729408087773186
}