{
  "No direct optim ancestor": "None",
  "umap1": 0.5300793296717458,
  "umap2": 0.8860580050627571
}