{
  "No direct optim ancestor": "None",
  "umap1": 0.24243558801831333,
  "umap2": 0.35507388445971266
}