{
  "umap1": 13.886740684509277,
  "umap2": 2.359347105026245
}