{
  "umap1": 0.07705464655573457,
  "umap2": 0.899696608373707
}