{
  "umap1": 0.4306279527940109,
  "umap2": 0.5263112224022721
}