{
  "umap1": 3.0114333629608154,
  "umap2": 10.511221885681152
}