{
  "umap1": 1.1019649505615234,
  "umap2": 9.60249137878418
}