{
  "umap1": 0.7632153128502652,
  "umap2": 0.19801515674119063
}