{
  "No direct optim ancestor": "None",
  "umap1": 0.8953111611386505,
  "umap2": 0.12088924575096804
}