{
  "umap1": 0.9071786877171322,
  "umap2": 0.8088379117797979
}