{
  "umap1": 3.847993850708008,
  "umap2": 9.852217674255371
}