{
  "umap1": 9.884328842163086,
  "umap2": 2.531986951828003
}