{
  "umap1": 0.21996559791611292,
  "umap2": 0.9031069734572726
}