{
  "No direct optim ancestor": "None",
  "umap1": 0.8303719237000257,
  "umap2": 0.17972670130010282
}