{
  "umap1": 0.3891019379496221,
  "umap2": 0.6768749717133474
}