{
  "umap1": 8.987262725830078,
  "umap2": 4.808162689208984
}