{
  "No direct optim ancestor": "None",
  "umap1": 0.5654521215898433,
  "umap2": 0.31586058238509085
}