{
  "No direct optim ancestor": "None",
  "umap1": 0.6853572647640956,
  "umap2": 0.45988766527972
}