{
  "umap1": 0.719506636273945,
  "umap2": 0.27506757186944064
}