{
  "umap1": 10.183531761169434,
  "umap2": 5.314216136932373
}