{
  "umap1": 8.27448844909668,
  "umap2": 7.2675981521606445
}