{
  "umap1": 0.621444355270955,
  "umap2": 0.04168977165153975,
  "Direct optim goal": "a photo of brain coral with red valleys and green ridges"
}