{
  "umap1": 9.080794334411621,
  "umap2": 7.005308151245117
}