{
  "umap1": 0.2952437804524969,
  "umap2": 0.6009182461137513
}