{
  "umap1": 0.8137724531884333,
  "umap2": 0.46619797463496615
}