{
  "umap1": 13.334907531738281,
  "umap2": 7.05345344543457
}