{
  "No direct optim ancestor": "None",
  "umap1": 0.7181372408584138,
  "umap2": 0.20289116067707824
}