{
  "umap1": 0.5195586777265931,
  "umap2": 0.42604037855176935
}