{
  "No direct optim ancestor": "None",
  "umap1": 0.06806765627678146,
  "umap2": 0.700386261445057
}