{
  "umap1": 0.07086075115565504,
  "umap2": 0.10066205872806833
}