{
  "No direct optim ancestor": "None",
  "umap1": 0.41702562423698963,
  "umap2": 0.0006538830011427743
}