{
  "umap1": 12.04883098602295,
  "umap2": 2.4665377140045166
}