{
  "umap1": 0.5141010517963144,
  "umap2": 0.9715240792276757
}