{
  "No direct optim ancestor": "None",
  "umap1": 0.39969608811714363,
  "umap2": 0.2793789555316972
}