{
  "umap1": 0.5866496869270927,
  "umap2": 0.7559492330490852
}