{
  "umap1": 0.7884497267476009,
  "umap2": 0.32718677299772425
}