{
  "No direct optim ancestor": "None",
  "umap1": 0.26119916254120856,
  "umap2": 0.02810963096168928
}