{
  "umap1": 10.961648941040039,
  "umap2": 1.6386795043945312
}