{
  "umap1": 0.07421706421967045,
  "umap2": 0.7151998510594754
}