{
  "No direct optim ancestor": "None",
  "umap1": 0.5924574864971641,
  "umap2": 0.6587366452703116
}