{
  "umap1": 9.518125534057617,
  "umap2": 4.3131303787231445
}