{
  "umap1": 0.14696351345942682,
  "umap2": 0.6919401318503755
}