{
  "No direct optim ancestor": "None",
  "umap1": 0.07563694526908005,
  "umap2": 0.4474587096865381
}