{
  "umap1": 0.9977486201396181,
  "umap2": 0.8504556546934484
}