{
  "No direct optim ancestor": "None",
  "umap1": 0.7059017601171999,
  "umap2": 0.41900422617940813
}