{
  "umap1": 13.43729305267334,
  "umap2": 6.2404465675354
}