{
  "umap1": 0.28532520561367203,
  "umap2": 0.5885859330997334
}