{
  "umap1": 9.205191612243652,
  "umap2": 2.4215102195739746
}