{
  "umap1": 0.31554919800367776,
  "umap2": 0.2680113093520895
}