{
  "umap1": 10.936166763305664,
  "umap2": 2.2693772315979004
}