{
  "umap1": 4.9609375,
  "umap2": 10.801748275756836
}