{
  "umap1": 0.830087101241841,
  "umap2": 0.2198038370272578
}