{
  "umap1": 11.54941463470459,
  "umap2": 3.5335023403167725
}