{
  "umap1": 0.21532830511290668,
  "umap2": 0.9750796075413288
}