{
  "umap1": 3.10933780670166,
  "umap2": 10.455562591552734
}