{
  "umap1": 11.345372200012207,
  "umap2": 3.6249277591705322
}