{
  "umap1": 0.09971598946371962,
  "umap2": 0.48903997510041175
}