{
  "umap1": 12.477327346801758,
  "umap2": 7.654395580291748
}