{
  "umap1": 2.9644761085510254,
  "umap2": 10.658280372619629
}