{
  "umap1": 3.0534892082214355,
  "umap2": 10.561254501342773
}