{
  "umap1": 12.897249221801758,
  "umap2": 7.361525058746338
}