{
  "umap1": 0.13006850194504493,
  "umap2": 0.48921069293523944
}