{
  "No direct optim ancestor": "None",
  "umap1": 0.7267969690369743,
  "umap2": 0.2986735609350697
}