{
  "umap1": 11.796046257019043,
  "umap2": 3.46356201171875
}