{
  "umap1": 11.513808250427246,
  "umap2": 1.6088449954986572
}