{
  "umap1": 0.5062620861872751,
  "umap2": 0.3412099941765466
}