{
  "No direct optim ancestor": "None",
  "umap1": 0.06552984829736141,
  "umap2": 0.7407513239437442
}