{
  "umap1": 10.717997550964355,
  "umap2": 2.7388434410095215
}