{
  "umap1": 0.5643038747033499,
  "umap2": 0.4665176238148918
}