{
  "umap1": 1.2311277389526367,
  "umap2": 9.633883476257324
}