{
  "umap1": 0.2342835541872822,
  "umap2": 0.8493667976921241
}