{
  "No direct optim ancestor": "None",
  "umap1": 0.13313894813068528,
  "umap2": 0.44927156737661544
}