{
  "umap1": 11.839242935180664,
  "umap2": 3.1122255325317383
}