{
  "No direct optim ancestor": "None",
  "umap1": 0.07639687129602613,
  "umap2": 0.217650419578025
}