{
  "umap1": 0.7994524337485289,
  "umap2": 0.7825479978293588
}