{
  "umap1": 9.68044662475586,
  "umap2": 3.1162993907928467
}