{
  "umap1": 14.068421363830566,
  "umap2": 2.0917532444000244
}