{
  "umap1": 0.12734206976280815,
  "umap2": 0.9720735083418971
}