{
  "No direct optim ancestor": "None",
  "umap1": 0.8594652614519429,
  "umap2": 0.9674742762173013
}