{
  "umap1": 8.959930419921875,
  "umap2": 4.806445598602295
}