{
  "umap1": 13.915064811706543,
  "umap2": 2.3466553688049316
}