{
  "umap1": 0.9473703820782183,
  "umap2": 0.1402727102950293
}