{
  "No direct optim ancestor": "None",
  "umap1": 0.9001070584046897,
  "umap2": 0.6239898455212737
}