{
  "umap1": 13.810541152954102,
  "umap2": 1.758496880531311
}