{
  "umap1": 0.8821959415641387,
  "umap2": 0.35934403540218196
}