{
  "No direct optim ancestor": "None",
  "umap1": 0.9088942650283801,
  "umap2": 0.09171677910657272
}