{
  "No direct optim ancestor": "None",
  "umap1": 0.11215508327040336,
  "umap2": 0.6867993988937897
}