{
  "umap1": 0.4682383777164515,
  "umap2": 0.524691760799234
}