{
  "umap1": 14.256808280944824,
  "umap2": 6.001772403717041
}