{
  "umap1": 9.767962455749512,
  "umap2": 5.315135478973389
}