{
  "No direct optim ancestor": "None",
  "umap1": 0.493426854692392,
  "umap2": 0.0908829100326759
}