{
  "umap1": 0.3607166188151155,
  "umap2": 0.34198103710368255
}