{
  "umap1": 3.700950860977173,
  "umap2": 9.966639518737793
}