{
  "umap1": 0.7748150979682324,
  "umap2": 0.7503762995336752
}