{
  "umap1": 0.35136212269402,
  "umap2": 0.8848825243649266
}