{
  "No direct optim ancestor": "None",
  "umap1": 0.31413258012215617,
  "umap2": 0.6867499418412089
}