{
  "No direct optim ancestor": "None",
  "umap1": 0.771756341903111,
  "umap2": 0.3557228596759371
}