{
  "umap1": 0.6745677540963011,
  "umap2": 0.9877269188210885
}