{
  "umap1": 0.23332974984406274,
  "umap2": 0.25870119442537765
}