{
  "umap1": 0.829533518847625,
  "umap2": 0.35095047851008776
}