{
  "umap1": 12.220542907714844,
  "umap2": 1.6398098468780518
}