{
  "umap1": 13.572206497192383,
  "umap2": 4.713005065917969
}