{
  "No direct optim ancestor": "None",
  "umap1": 0.7371693404374758,
  "umap2": 0.0033965185814535115
}