{
  "umap1": 0.20374228525941507,
  "umap2": 0.3610249032892262
}