{
  "umap1": 3.73846173286438,
  "umap2": 9.888968467712402
}