{
  "No direct optim ancestor": "None",
  "umap1": 0.06136261348386507,
  "umap2": 0.25315798058875594
}