{
  "umap1": 0.8960379706944883,
  "umap2": 0.1398860389811586
}