{
  "umap1": 12.457322120666504,
  "umap2": 3.0956530570983887
}