{
  "umap1": 2.891244649887085,
  "umap2": 10.61579704284668
}