{
  "umap1": 7.8802490234375,
  "umap2": 5.63513708114624
}