{
  "umap1": 0.3827809918259407,
  "umap2": 0.05082557179673708
}