{
  "umap1": 0.9715841485538094,
  "umap2": 0.6378413922661635,
  "Direct optim goal": "a red six-petaled flower with green spots and blue center"
}