{
  "No direct optim ancestor": "None",
  "umap1": 0.03097878978803803,
  "umap2": 0.8564960611768412
}