{
  "umap1": 12.2572660446167,
  "umap2": 4.838563442230225
}