{
  "umap1": 0.13052321049723747,
  "umap2": 0.8430800294627039
}