{
  "umap1": 0.3551565980095309,
  "umap2": 0.9734330797744123
}