{
  "No direct optim ancestor": "None",
  "umap1": 0.5009697144920205,
  "umap2": 0.958685275616473
}