{
  "umap1": 13.651740074157715,
  "umap2": 5.026246547698975
}