{
  "umap1": 13.262397766113281,
  "umap2": 4.323927402496338
}