{
  "umap1": 0.30042998524183473,
  "umap2": 0.964964044883569
}