{
  "No direct optim ancestor": "None",
  "umap1": 0.3693669333294972,
  "umap2": 0.4384541941955783
}