{
  "umap1": 0.4406351152419645,
  "umap2": 0.18276979426840834
}