{
  "No direct optim ancestor": "None",
  "umap1": 0.20178535109018347,
  "umap2": 0.630532390806996
}