{
  "umap1": 11.992172241210938,
  "umap2": 3.830936908721924
}