{
  "No direct optim ancestor": "None",
  "umap1": 0.4253996170388564,
  "umap2": 0.04091374362081812
}