{
  "umap1": 0.08370850015485731,
  "umap2": 0.3521344187619404
}