{
  "No direct optim ancestor": "None",
  "umap1": 0.4379780397864177,
  "umap2": 0.31650725077576713
}