{
  "umap1": 0.5565538633777635,
  "umap2": 0.0790932577207244
}