{
  "umap1": 11.273073196411133,
  "umap2": 2.4550938606262207
}