{
  "No direct optim ancestor": "None",
  "umap1": 0.44499438454143203,
  "umap2": 0.6678463209892169
}