{
  "umap1": 0.0523724290430283,
  "umap2": 0.12394851438301702
}