{
  "umap1": 10.99359130859375,
  "umap2": 1.3735895156860352
}