{
  "No direct optim ancestor": "None",
  "umap1": 0.8326758729628627,
  "umap2": 0.7901286575112426
}