{
  "umap1": 0.8218139979328837,
  "umap2": 0.5643631472508991
}