{
  "umap1": 9.371024131774902,
  "umap2": 4.749248504638672
}