{
  "umap1": 8.02193832397461,
  "umap2": 8.846153259277344
}