{
  "umap1": 0.5613026992462463,
  "umap2": 0.11584313959380532
}