{
  "umap1": 10.357044219970703,
  "umap2": 5.85339879989624
}