{
  "No direct optim ancestor": "None",
  "umap1": 0.009219144599600604,
  "umap2": 0.9932998774166059
}