{
  "umap1": 0.5108705516462199,
  "umap2": 0.32451879218082513
}