{
  "umap1": 12.324993133544922,
  "umap2": 3.521359920501709
}