{
  "No direct optim ancestor": "None",
  "umap1": 0.9645674421325294,
  "umap2": 0.28015991998698
}