{
  "umap1": 0.33539109405336487,
  "umap2": 0.28914198308108296
}