{
  "umap1": 7.3254218101501465,
  "umap2": 5.865024089813232
}