{
  "umap1": 10.918428421020508,
  "umap2": 2.2797787189483643
}