{
  "umap1": 0.49621890901335763,
  "umap2": 0.27237206993359153
}