{
  "No direct optim ancestor": "None",
  "umap1": 0.1879892271355592,
  "umap2": 0.016201600124945092
}