{
  "umap1": 13.81519603729248,
  "umap2": 3.051912307739258
}