{
  "umap1": 0.2297018432914213,
  "umap2": 0.4856876578491247
}