{
  "umap1": 13.253172874450684,
  "umap2": 4.348939418792725
}