{
  "umap1": 0.9186759503999353,
  "umap2": 0.8955742725400442
}