{
  "No direct optim ancestor": "None",
  "umap1": 0.10735624306485059,
  "umap2": 0.7394137642979524
}