{
  "umap1": 12.251846313476562,
  "umap2": 2.3120861053466797
}