{
  "No direct optim ancestor": "None",
  "umap1": 0.5227719468241023,
  "umap2": 0.15756586941342976
}