{
  "umap1": 0.5660044445395346,
  "umap2": 0.3068885020759997
}