{
  "No direct optim ancestor": "None",
  "umap1": 0.9327131884437778,
  "umap2": 0.6698480674674764
}