{
  "umap1": 0.1925081529975854,
  "umap2": 0.07405089934142117
}