{
  "No direct optim ancestor": "None",
  "umap1": 0.9833315431211965,
  "umap2": 0.17443294968263645
}