{
  "umap1": 0.28885176602073004,
  "umap2": 0.8197612483116098
}