{
  "umap1": 0.5066710630274726,
  "umap2": 0.7793079640838431
}