{
  "umap1": 0.521874338019196,
  "umap2": 0.4490323801779734
}