{
  "No direct optim ancestor": "None",
  "umap1": 0.18627561156421002,
  "umap2": 0.44098524899956726
}