{
  "umap1": 13.650582313537598,
  "umap2": 4.435000419616699
}