{
  "No direct optim ancestor": "None",
  "umap1": 0.12278794260983417,
  "umap2": 0.024794695911430575
}