{
  "umap1": 0.5218055390353723,
  "umap2": 0.980350252137789
}