{
  "umap1": 8.62981128692627,
  "umap2": 5.3104023933410645
}