{
  "umap1": 13.899824142456055,
  "umap2": 1.897666335105896
}