{
  "umap1": 0.36853588532738313,
  "umap2": 0.1777253000567598
}