{
  "No direct optim ancestor": "None",
  "umap1": 0.34690848108432615,
  "umap2": 0.18820061282908573
}