{
  "umap1": 13.934142112731934,
  "umap2": 5.966911792755127
}