{
  "umap1": 0.08575237202818176,
  "umap2": 0.699785859021406
}