{
  "No direct optim ancestor": "None",
  "umap1": 0.4253712846373545,
  "umap2": 0.9249089786901885
}