{
  "umap1": 8.82330322265625,
  "umap2": 3.214913845062256
}