{
  "umap1": 0.960392581111633,
  "umap2": 0.4587764427137717
}