{
  "umap1": 0.9405406005381383,
  "umap2": 0.9676288053221961
}