{
  "umap1": 3.4355554580688477,
  "umap2": 9.89968490600586
}