{
  "umap1": 0.5334666429234455,
  "umap2": 0.3171430172403318
}