{
  "umap1": 12.997553825378418,
  "umap2": 6.274421691894531
}