{
  "No direct optim ancestor": "None",
  "umap1": 0.8579592728130649,
  "umap2": 0.8421592610388492
}