{
  "No direct optim ancestor": "None",
  "umap1": 0.2542670824951553,
  "umap2": 0.1697396908566592
}