{
  "umap1": 0.9985684259282572,
  "umap2": 0.3795854636213577
}