{
  "umap1": 8.096229553222656,
  "umap2": 8.768413543701172
}