{
  "umap1": 0.10425199659454609,
  "umap2": 0.855160702459547
}