{
  "umap1": 0.8884066456711104,
  "umap2": 0.843940903270573
}