{
  "umap1": 0.8915636241268323,
  "umap2": 0.9354956786430492
}