{
  "No direct optim ancestor": "None",
  "umap1": 0.7012341829018801,
  "umap2": 0.551242260198874
}