{
  "No direct optim ancestor": "None",
  "umap1": 0.8466772973111144,
  "umap2": 0.011342110170732389
}