{
  "umap1": 14.138551712036133,
  "umap2": 5.231037616729736
}