{
  "umap1": 0.5500730941588992,
  "umap2": 0.5314197223059042
}