{
  "No direct optim ancestor": "None",
  "umap1": 0.023485584008984817,
  "umap2": 0.2605366737375525
}