{
  "umap1": 12.475662231445312,
  "umap2": 3.047323226928711
}