{
  "umap1": 0.8000970918361164,
  "umap2": 0.28467206534379197
}