{
  "umap1": 13.055638313293457,
  "umap2": 6.912912368774414
}