{
  "No direct optim ancestor": "None",
  "umap1": 0.7746367924664391,
  "umap2": 0.5736037245099824
}