{
  "umap1": 0.4804133368876373,
  "umap2": 0.5745961723222679
}