{
  "No direct optim ancestor": "None",
  "umap1": 0.027024044736892905,
  "umap2": 0.409057862051037
}