{
  "umap1": 0.7170583208003127,
  "umap2": 0.036896792756184627
}