{
  "umap1": 11.325867652893066,
  "umap2": 1.7736879587173462
}