{
  "No direct optim ancestor": "None",
  "umap1": 0.019424546773959106,
  "umap2": 0.12631651299518254
}