{
  "umap1": 0.7920783891972513,
  "umap2": 0.6341922618928946
}