{
  "No direct optim ancestor": "None",
  "umap1": 0.9443962007809904,
  "umap2": 0.3418880069881308
}