{
  "umap1": 0.4022787497407536,
  "umap2": 0.3999954197474156
}