{
  "umap1": 12.849127769470215,
  "umap2": 5.556692600250244
}