{
  "umap1": 0.6507268651060185,
  "umap2": 0.916312640475439
}