{
  "No direct optim ancestor": "None",
  "umap1": 0.4367995868474315,
  "umap2": 0.0646250766151708
}