{
  "umap1": 0.908865970455544,
  "umap2": 0.36228878807738363
}