{
  "umap1": 9.54782772064209,
  "umap2": 6.18305778503418
}