{
  "No direct optim ancestor": "None",
  "umap1": 0.3612102500781649,
  "umap2": 0.6998681617848371
}