{
  "No direct optim ancestor": "None",
  "umap1": 0.7256894576243261,
  "umap2": 0.7635114946486985
}