{
  "umap1": 0.14735286590788343,
  "umap2": 0.06657725662794767
}