{
  "umap1": 0.6369356976069445,
  "umap2": 0.26530950169839906
}