{
  "umap1": 2.7778773307800293,
  "umap2": 10.571233749389648
}