{
  "umap1": 2.773420810699463,
  "umap2": 10.581469535827637
}