{
  "umap1": 13.507477760314941,
  "umap2": 2.1065890789031982
}