{
  "umap1": 0.33407660781168214,
  "umap2": 0.0018110936876090111
}