{
  "No direct optim ancestor": "None",
  "umap1": 0.18106128497292473,
  "umap2": 0.4878938115364957
}