{
  "umap1": 10.460689544677734,
  "umap2": 1.409641981124878
}