{
  "No direct optim ancestor": "None",
  "umap1": 0.5124518806078027,
  "umap2": 0.09311233515136175
}