{
  "umap1": 11.457650184631348,
  "umap2": 1.8603116273880005
}