{
  "umap1": 0.4525959723285621,
  "umap2": 0.8906499716844927
}