{
  "No direct optim ancestor": "None",
  "umap1": 0.7219124722184183,
  "umap2": 0.30311037144645103
}