{
  "umap1": 13.68536376953125,
  "umap2": 2.1586599349975586
}