{
  "umap1": 0.2892813254006764,
  "umap2": 0.7412986981604918
}