{
  "umap1": 8.581761360168457,
  "umap2": 5.267228126525879
}