{
  "umap1": 12.124408721923828,
  "umap2": 3.3750219345092773
}