{
  "umap1": 0.9935914584005208,
  "umap2": 0.039511695700038985
}