{
  "umap1": 0.27572945266792004,
  "umap2": 0.2309013233218219
}