{
  "No direct optim ancestor": "None",
  "umap1": 0.7038596958894526,
  "umap2": 0.44661793700480934
}