{
  "umap1": 0.6404807626682492,
  "umap2": 0.5721780086805006
}