{
  "umap1": 3.6298415660858154,
  "umap2": 10.322405815124512
}