{
  "umap1": 11.28286075592041,
  "umap2": 1.596468448638916
}