{
  "umap1": 13.702054023742676,
  "umap2": 4.533473968505859
}