{
  "umap1": 0.8802656978598412,
  "umap2": 0.9060486483324823
}