{
  "No direct optim ancestor": "None",
  "umap1": 0.3672828508535554,
  "umap2": 0.8181657473693397
}