{
  "umap1": 0.9857654780852768,
  "umap2": 0.010590969399151828
}