{
  "umap1": 0.9987536939918638,
  "umap2": 0.5707231724847596
}