{
  "umap1": 13.237939834594727,
  "umap2": 1.9250999689102173
}