{
  "No direct optim ancestor": "None",
  "umap1": 0.4878616506539033,
  "umap2": 0.5429453842767313
}