{
  "umap1": 0.6568559281760952,
  "umap2": 0.4871958104460682
}