{
  "No direct optim ancestor": "None",
  "umap1": 0.5809766697729808,
  "umap2": 0.7825178347590342
}