{
  "umap1": 12.60168743133545,
  "umap2": 4.641504764556885
}