{
  "umap1": 0.2959623897572513,
  "umap2": 0.5770091285810837
}