{
  "umap1": 0.8500741537505462,
  "umap2": 0.5443026992251304
}