{
  "umap1": 0.20563847488393616,
  "umap2": 0.3204829508184016
}