{
  "umap1": 10.026581764221191,
  "umap2": 2.5679121017456055
}