{
  "No direct optim ancestor": "None",
  "umap1": 0.5092524779774136,
  "umap2": 0.5382319777183138
}