{
  "umap1": 10.935310363769531,
  "umap2": 1.8857123851776123
}