{
  "No direct optim ancestor": "None",
  "umap1": 0.06620656990592455,
  "umap2": 0.004223444033506718
}