{
  "umap1": 0.36904368746792626,
  "umap2": 0.5828483378910417
}