{
  "umap1": 13.380494117736816,
  "umap2": 4.289675235748291
}