{
  "No direct optim ancestor": "None",
  "umap1": 0.8627571592148676,
  "umap2": 0.021688259812975286
}