{
  "umap1": 14.223397254943848,
  "umap2": 6.034872531890869
}