{
  "umap1": 0.8672309805349413,
  "umap2": 0.43025661637783796
}