{
  "umap1": 12.457733154296875,
  "umap2": 6.794300556182861
}