{
  "umap1": 9.46582317352295,
  "umap2": 4.1806559562683105
}