{
  "umap1": 0.5688246672639806,
  "umap2": 0.1252403115421491
}