{
  "No direct optim ancestor": "None",
  "umap1": 0.9058088690363088,
  "umap2": 0.3481807077520629
}