{
  "umap1": 0.5860241911015158,
  "umap2": 0.16225100740636622
}