{
  "umap1": 0.014868124181314779,
  "umap2": 0.49788282635898706
}