{
  "umap1": 1.1260167360305786,
  "umap2": 9.75643253326416
}