{
  "umap1": 12.535518646240234,
  "umap2": 3.3927953243255615
}