{
  "No direct optim ancestor": "None",
  "umap1": 0.4935901340518052,
  "umap2": 0.5205165592664057
}