{
  "umap1": 0.24803004371353743,
  "umap2": 0.8979362128590457
}