{
  "umap1": 0.12869833086776572,
  "umap2": 0.6545308903759471
}