{
  "umap1": 0.20870802619715711,
  "umap2": 0.5096364904446093
}