{
  "umap1": 9.616848945617676,
  "umap2": 5.653309345245361
}