{
  "umap1": 0.9989970236471981,
  "umap2": 0.9181598359973363
}