{
  "No direct optim ancestor": "None",
  "umap1": 0.5310721138311563,
  "umap2": 0.8978234521121533
}