{
  "No direct optim ancestor": "None",
  "umap1": 0.9437516223643879,
  "umap2": 0.0880925955233346
}