{
  "umap1": 0.496727086282585,
  "umap2": 0.10719020374500654
}