{
  "No direct optim ancestor": "None",
  "umap1": 0.5738652838347797,
  "umap2": 0.9038101186600438
}