{
  "umap1": 0.9093906703166399,
  "umap2": 0.5728605297198514
}