{
  "umap1": 10.835187911987305,
  "umap2": 2.556528091430664
}