{
  "umap1": 3.4116010665893555,
  "umap2": 9.848868370056152
}