{
  "umap1": 5.019796848297119,
  "umap2": 10.732315063476562
}