{
  "umap1": 0.8624311342793614,
  "umap2": 0.6041027661010218
}