{
  "umap1": 13.888371467590332,
  "umap2": 5.0236382484436035
}