{
  "No direct optim ancestor": "None",
  "umap1": 0.11064892535992366,
  "umap2": 0.21881020657372785
}