{
  "umap1": 0.5225063420550176,
  "umap2": 0.27812204254161965
}