{
  "No direct optim ancestor": "None",
  "umap1": 0.24851085230473757,
  "umap2": 0.08315938831982961
}