{
  "umap1": 0.4702801606352164,
  "umap2": 0.7136517879439024
}