{
  "umap1": 9.559793472290039,
  "umap2": 5.700684070587158
}