{
  "umap1": 9.763962745666504,
  "umap2": 2.6969172954559326
}