{
  "umap1": 10.135334968566895,
  "umap2": 3.6491804122924805
}