{
  "No direct optim ancestor": "None",
  "umap1": 0.9202251259542674,
  "umap2": 0.6525561205726198
}