{
  "umap1": 0.5017724403548146,
  "umap2": 0.3317335662108898
}