{
  "umap1": 0.15302242047100922,
  "umap2": 0.17721754664976574
}