{
  "No direct optim ancestor": "None",
  "umap1": 0.5401338288613023,
  "umap2": 0.6011685225519483
}