{
  "umap1": 0.5745769659765648,
  "umap2": 0.2839234442836144
}