{
  "No direct optim ancestor": "None",
  "umap1": 0.03443786210335176,
  "umap2": 0.5472323880367214
}