{
  "umap1": 0.7262630006413174,
  "umap2": 0.13211049155583854
}