{
  "umap1": 12.972089767456055,
  "umap2": 3.627366781234741
}