{
  "umap1": 0.22663988783399092,
  "umap2": 0.6662613342236433
}