{
  "No direct optim ancestor": "None",
  "umap1": 0.49778059314657697,
  "umap2": 0.23527907746310028
}