{
  "umap1": 14.134862899780273,
  "umap2": 5.3311662673950195
}