{
  "umap1": 0.05295827016550125,
  "umap2": 0.33393182056359505
}