{
  "umap1": 12.919771194458008,
  "umap2": 2.989680290222168
}