{
  "No direct optim ancestor": "None",
  "umap1": 0.05056635217082939,
  "umap2": 0.8556919340881282
}