{
  "umap1": 0.6550180837768481,
  "umap2": 0.5873090600871228
}