{
  "No direct optim ancestor": "None",
  "umap1": 0.885954137375767,
  "umap2": 0.8892693017049915
}