{
  "umap1": 11.948103904724121,
  "umap2": 3.0839672088623047
}