{
  "umap1": 7.252049922943115,
  "umap2": 5.935468673706055
}