{
  "umap1": 9.468684196472168,
  "umap2": 1.6491494178771973
}