{
  "No direct optim ancestor": "None",
  "umap1": 0.8068315039028869,
  "umap2": 0.7643211026400605
}