{
  "umap1": 0.9903813821278058,
  "umap2": 0.8795821300598623
}