{
  "umap1": 13.745190620422363,
  "umap2": 2.012268304824829
}