{
  "umap1": 13.002911567687988,
  "umap2": 7.260390281677246
}