{
  "umap1": 0.5519279651524895,
  "umap2": 0.08109352107193313
}