{
  "No direct optim ancestor": "None",
  "umap1": 0.3982460792686404,
  "umap2": 0.5972493033679993
}