{
  "umap1": 0.2719213372888072,
  "umap2": 0.009306999789744697
}