{
  "No direct optim ancestor": "None",
  "umap1": 0.7645633503532129,
  "umap2": 0.09759329324926269
}