{
  "No direct optim ancestor": "None",
  "umap1": 0.9827189547283441,
  "umap2": 0.7801832685441145
}