{
  "umap1": 12.052934646606445,
  "umap2": 2.427248239517212
}