{
  "umap1": 0.07394914119523821,
  "umap2": 0.6197351204419194
}