{
  "umap1": 0.499868267790575,
  "umap2": 0.850056992618156
}