{
  "umap1": 13.343611717224121,
  "umap2": 3.68463134765625
}