{
  "No direct optim ancestor": "None",
  "umap1": 0.016486917276749224,
  "umap2": 0.046094230539690306
}