{
  "umap1": 13.22195053100586,
  "umap2": 3.825958490371704
}