{
  "umap1": 11.222479820251465,
  "umap2": 2.5918753147125244
}