{
  "umap1": 0.6013742473100707,
  "umap2": 0.4957851152269097
}