{
  "No direct optim ancestor": "None",
  "umap1": 0.9684672048627495,
  "umap2": 0.7455992457392765
}