{
  "umap1": 0.8824834880940996,
  "umap2": 0.6897906052239888
}