{
  "umap1": 0.6053561258340254,
  "umap2": 0.9584805721743255
}