{
  "No direct optim ancestor": "None",
  "umap1": 0.9917864157617359,
  "umap2": 0.5422935954062331
}