{
  "No direct optim ancestor": "None",
  "umap1": 0.28303348862895494,
  "umap2": 0.5323656971764279
}