{
  "umap1": 0.34603646329534055,
  "umap2": 0.8987099985835842
}