{
  "umap1": 0.8031407580984737,
  "umap2": 0.8032280122761538
}