{
  "umap1": 12.356350898742676,
  "umap2": 2.970400094985962
}