{
  "No direct optim ancestor": "None",
  "umap1": 0.894897283848123,
  "umap2": 0.5362841993219033
}