{
  "umap1": 7.951285362243652,
  "umap2": 8.95522403717041
}