{
  "No direct optim ancestor": "None",
  "umap1": 0.5748389749649871,
  "umap2": 0.5397094629287577
}