{
  "umap1": 0.8817744651549059,
  "umap2": 0.23808866059958933
}