{
  "No direct optim ancestor": "None",
  "umap1": 0.40231249588670925,
  "umap2": 0.3427730763377945
}