{
  "umap1": 0.9218663764357744,
  "umap2": 0.9586990591568636
}