{
  "umap1": 8.100386619567871,
  "umap2": 8.79089641571045
}