{
  "umap1": 0.8349178208253576,
  "umap2": 0.7284158372272808
}