{
  "umap1": 8.346961975097656,
  "umap2": 7.2528204917907715
}