{
  "umap1": 0.767026715886732,
  "umap2": 0.7743139597844502
}