{
  "No direct optim ancestor": "None",
  "umap1": 0.27941177525635674,
  "umap2": 0.5394125445257351
}