{
  "umap1": 12.584745407104492,
  "umap2": 2.4086875915527344
}