{
  "umap1": 0.14547240281794294,
  "umap2": 0.5670507875091348
}