{
  "No direct optim ancestor": "None",
  "umap1": 0.07213330967188358,
  "umap2": 0.7986643214558597
}