{
  "umap1": 11.239583969116211,
  "umap2": 1.504212498664856
}