{
  "umap1": 0.09032424010987605,
  "umap2": 0.5483453547533532
}