{
  "umap1": 11.759227752685547,
  "umap2": 2.847898244857788
}