{
  "No direct optim ancestor": "None",
  "umap1": 0.22308540025774193,
  "umap2": 0.2584661783043981
}