{
  "umap1": 0.5852926561445224,
  "umap2": 0.24434324662490392
}