{
  "umap1": 1.0224604606628418,
  "umap2": 9.684432983398438
}