{
  "umap1": 0.14072200950650837,
  "umap2": 0.8700332030480018
}