{
  "No direct optim ancestor": "None",
  "umap1": 0.964020646869284,
  "umap2": 0.7692425603563638
}