{
  "umap1": 14.099532127380371,
  "umap2": 5.041069507598877
}