{
  "umap1": 13.376526832580566,
  "umap2": 1.8365625143051147
}