{
  "umap1": 0.6673925614075624,
  "umap2": 0.06848128317236857
}