{
  "No direct optim ancestor": "None",
  "umap1": 0.39770572802347803,
  "umap2": 0.14110134987228007
}