{
  "No direct optim ancestor": "None",
  "umap1": 0.7110723613659908,
  "umap2": 0.04147380173733484
}