{
  "umap1": 0.2863883534210192,
  "umap2": 0.7233513500269194
}