{
  "umap1": 0.04351484068447142,
  "umap2": 0.9834774086790941
}