{
  "No direct optim ancestor": "None",
  "umap1": 0.7357548690310475,
  "umap2": 0.8092808499047774
}