{
  "umap1": 10.130409240722656,
  "umap2": 2.1233127117156982
}