{
  "umap1": 14.124089241027832,
  "umap2": 4.316442489624023
}