{
  "umap1": 0.5081732830010515,
  "umap2": 0.8324607012133369
}