{
  "umap1": 10.421756744384766,
  "umap2": 1.2861483097076416
}