{
  "umap1": 0.49666712561190585,
  "umap2": 0.03864923403915366
}