{
  "umap1": 11.691699981689453,
  "umap2": 1.5018178224563599
}