{
  "umap1": 10.02448558807373,
  "umap2": 2.654022455215454
}