{
  "umap1": 0.7589451309854555,
  "umap2": 0.8040352745289208
}