{
  "No direct optim ancestor": "None",
  "umap1": 0.8489673111688437,
  "umap2": 0.03277897150101616
}