{
  "umap1": 0.23292292944054327,
  "umap2": 0.3614683871595905
}