{
  "No direct optim ancestor": "None",
  "umap1": 0.14129629163854562,
  "umap2": 0.599983776192738
}