{
  "umap1": 10.149271965026855,
  "umap2": 5.853111267089844
}