{
  "umap1": 10.178305625915527,
  "umap2": 1.3548306226730347
}