{
  "umap1": 12.115459442138672,
  "umap2": 2.7665817737579346
}