{
  "umap1": 0.5988824161030463,
  "umap2": 0.2437629190687025
}