{
  "No direct optim ancestor": "None",
  "umap1": 0.036065491272263106,
  "umap2": 0.012513428375258706
}