{
  "No direct optim ancestor": "None",
  "umap1": 0.7012131686974268,
  "umap2": 0.434143927662059
}