{
  "umap1": 0.1370119132850507,
  "umap2": 0.9362731262582755
}