{
  "No direct optim ancestor": "None",
  "umap1": 0.47280790174460474,
  "umap2": 0.26442749849116154
}