{
  "umap1": 0.7786094465738643,
  "umap2": 0.24975072607652615
}