{
  "umap1": 13.72562026977539,
  "umap2": 1.7683271169662476
}