{
  "umap1": 0.08568710615679231,
  "umap2": 0.7579169855073666
}