{
  "umap1": 8.339812278747559,
  "umap2": 7.256165027618408
}