{
  "umap1": 0.020629490121724547,
  "umap2": 0.49160870663056333
}