{
  "No direct optim ancestor": "None",
  "umap1": 0.4844458217923441,
  "umap2": 0.3090141524638159
}