{
  "umap1": 0.5434885899821783,
  "umap2": 0.10018924496768777
}