{
  "umap1": 9.679141998291016,
  "umap2": 3.017545700073242
}