{
  "umap1": 13.681050300598145,
  "umap2": 5.02894401550293
}