{
  "umap1": 0.2953918743274113,
  "umap2": 0.02739669868944028
}