{
  "umap1": 13.397963523864746,
  "umap2": 5.006314754486084
}