{
  "No direct optim ancestor": "None",
  "umap1": 0.0745753683567294,
  "umap2": 0.17893886805207326
}