{
  "umap1": 0.16875944828558875,
  "umap2": 0.6014877206948797
}