{
  "No direct optim ancestor": "None",
  "umap1": 0.3846569412136732,
  "umap2": 0.7034044760732792
}