{
  "umap1": 13.618338584899902,
  "umap2": 4.316328048706055
}