{
  "No direct optim ancestor": "None",
  "umap1": 0.765135913816842,
  "umap2": 0.12913422879115
}