{
  "umap1": 0.7080624295939141,
  "umap2": 0.8687671473521847
}