{
  "umap1": 1.2789243459701538,
  "umap2": 9.956337928771973
}