{
  "umap1": 10.384440422058105,
  "umap2": 5.881869316101074
}