{
  "No direct optim ancestor": "None",
  "umap1": 0.9735136007905076,
  "umap2": 0.9823290102854452
}