{
  "umap1": 0.6917067088186555,
  "umap2": 0.9677971389518131
}