{
  "umap1": 0.11926835871574526,
  "umap2": 0.027264045874832665
}