{
  "umap1": 12.674168586730957,
  "umap2": 3.4297871589660645
}