{
  "No direct optim ancestor": "None",
  "umap1": 0.8724494551654054,
  "umap2": 0.3437400103674272
}