{
  "umap1": 10.761460304260254,
  "umap2": 1.4117116928100586
}