{
  "No direct optim ancestor": "None",
  "umap1": 0.22910930208999114,
  "umap2": 0.46086063449726833
}