{
  "umap1": 0.08633135679591997,
  "umap2": 0.11881108035471322
}