{
  "No direct optim ancestor": "None",
  "umap1": 0.018445949901910952,
  "umap2": 0.747369736470875
}