{
  "umap1": 0.9343997618909375,
  "umap2": 0.8249788818766454
}