{
  "umap1": 12.365351676940918,
  "umap2": 7.247208595275879
}