{
  "umap1": 0.31036366120557557,
  "umap2": 0.06296513864135977
}