{
  "umap1": 13.20083236694336,
  "umap2": 6.595946311950684
}