{
  "No direct optim ancestor": "None",
  "umap1": 0.38441752785922356,
  "umap2": 0.9894470347949359
}