{
  "No direct optim ancestor": "None",
  "umap1": 0.7497124327948042,
  "umap2": 0.9260676996623477
}