{
  "umap1": 0.9006684497592772,
  "umap2": 0.8504261907598805
}