{
  "umap1": 14.009037971496582,
  "umap2": 4.148320198059082
}