{
  "No direct optim ancestor": "None",
  "umap1": 0.9189989874783924,
  "umap2": 0.39138271304574446
}