{
  "umap1": 9.984333038330078,
  "umap2": 2.042377471923828
}