{
  "umap1": 0.33035504931691007,
  "umap2": 0.9074219734541779
}