{
  "No direct optim ancestor": "None",
  "umap1": 0.024563451239346556,
  "umap2": 0.5690525370721844
}