{
  "umap1": 0.37814407219855395,
  "umap2": 0.8812156320378242
}