{
  "umap1": 11.529833793640137,
  "umap2": 2.4801418781280518
}