{
  "No direct optim ancestor": "None",
  "umap1": 0.6193889369627751,
  "umap2": 0.4527395806232146
}