{
  "umap1": 0.8531904144276576,
  "umap2": 0.3281483039445231
}