{
  "umap1": 0.533034360614822,
  "umap2": 0.578107303991466
}