{
  "umap1": 10.401531219482422,
  "umap2": 2.716907262802124
}