{
  "umap1": 12.459848403930664,
  "umap2": 2.4540250301361084
}