{
  "umap1": 11.410225868225098,
  "umap2": 1.4967539310455322
}