{
  "No direct optim ancestor": "None",
  "umap1": 0.22498454744812557,
  "umap2": 0.7124908719894276
}