{
  "umap1": 0.6546167562479939,
  "umap2": 0.8597713121888713
}