{
  "umap1": 11.08906364440918,
  "umap2": 2.4131298065185547
}