{
  "No direct optim ancestor": "None",
  "umap1": 0.015892928314954258,
  "umap2": 0.8056871240826743
}