{
  "umap1": 0.4875649402542328,
  "umap2": 0.7320492686670547
}