{
  "umap1": 1.015446424484253,
  "umap2": 9.701841354370117
}