{
  "umap1": 2.4590346813201904,
  "umap2": 10.274015426635742
}