{
  "umap1": 0.1564358693522545,
  "umap2": 0.8650154344001748
}