{
  "umap1": 0.7018635370668465,
  "umap2": 0.6299470312714641
}