{
  "umap1": 7.93351411819458,
  "umap2": 8.958568572998047
}