{
  "umap1": 0.4270780369557641,
  "umap2": 0.3541138052774847
}