{
  "umap1": 2.7732317447662354,
  "umap2": 10.513920783996582
}