{
  "umap1": 0.5251089174947791,
  "umap2": 0.11245926723200639
}