{
  "umap1": 1.7595423460006714,
  "umap2": 10.124000549316406
}