{
  "umap1": 0.27138621916578065,
  "umap2": 0.26647041530624216
}