{
  "umap1": 11.939610481262207,
  "umap2": 3.5268280506134033
}