{
  "No direct optim ancestor": "None",
  "umap1": 0.5833915081416878,
  "umap2": 0.610737019681603
}