{
  "umap1": 0.15734674983596975,
  "umap2": 0.5367193591707691
}