{
  "umap1": 13.701499938964844,
  "umap2": 4.763064384460449
}