{
  "umap1": 9.656862258911133,
  "umap2": 6.122000217437744
}