{
  "No direct optim ancestor": "None",
  "umap1": 0.4460517942908686,
  "umap2": 0.5762351196952183
}