{
  "umap1": 0.6339467105359922,
  "umap2": 0.6537550464115024
}