{
  "umap1": 0.24900455415075906,
  "umap2": 0.31079243594969697
}