{
  "Ancestor's direct optim goal": "a pepperoni pizza",
  "umap1": 0.5686219645595919,
  "umap2": 0.9634153114466529
}