{
  "umap1": 0.28553413524654003,
  "umap2": 0.25555572811617266
}