{
  "No direct optim ancestor": "None",
  "umap1": 0.3695917690383985,
  "umap2": 0.5249167034839636
}