{
  "umap1": 13.309962272644043,
  "umap2": 3.029296398162842
}