{
  "umap1": 9.633768081665039,
  "umap2": 2.281252861022949
}