{
  "umap1": 0.562575839235547,
  "umap2": 0.5934320930926786
}