{
  "umap1": 1.7055559158325195,
  "umap2": 10.104392051696777
}