{
  "umap1": 12.132808685302734,
  "umap2": 2.7982330322265625
}