{
  "No direct optim ancestor": "None",
  "umap1": 0.19478965881684718,
  "umap2": 0.5791656718270489
}