{
  "umap1": 0.14197931057861013,
  "umap2": 0.4613846379529897
}