{
  "umap1": 11.057198524475098,
  "umap2": 2.204141139984131
}