{
  "umap1": 0.6714019050331098,
  "umap2": 0.21167653560668254
}