{
  "No direct optim ancestor": "None",
  "umap1": 0.5049963548289963,
  "umap2": 0.15933796422890045
}