{
  "umap1": 0.9642322963846992,
  "umap2": 0.7116019561078318
}