{
  "No direct optim ancestor": "None",
  "umap1": 0.6333197278475735,
  "umap2": 0.49161326050318044
}