{
  "No direct optim ancestor": "None",
  "umap1": 0.7866445635190001,
  "umap2": 0.06124013068482481
}