{
  "umap1": 0.7222274425264711,
  "umap2": 0.20123678291070957
}