{
  "umap1": 0.9527662946511617,
  "umap2": 0.12132464346506078
}