{
  "No direct optim ancestor": "None",
  "umap1": 0.8341309205718966,
  "umap2": 0.6009170000626407
}