{
  "umap1": 10.26054859161377,
  "umap2": 2.98235821723938
}