{
  "No direct optim ancestor": "None",
  "umap1": 0.9041622778503283,
  "umap2": 0.31980350225889265
}