{
  "umap1": 0.5019134574995412,
  "umap2": 0.4471048027550265
}