{
  "No direct optim ancestor": "None",
  "umap1": 0.15273239872747668,
  "umap2": 0.8632936936539413
}