{
  "umap1": 0.19667072972307809,
  "umap2": 0.8621230136543907
}