{
  "umap1": 9.63679027557373,
  "umap2": 5.673665523529053
}