{
  "umap1": 13.904242515563965,
  "umap2": 2.327868700027466
}