{
  "No direct optim ancestor": "None",
  "umap1": 0.6620874617172307,
  "umap2": 0.7230147014457469
}