{
  "umap1": 0.8853244718166187,
  "umap2": 0.6360739540059137
}