{
  "umap1": 11.804586410522461,
  "umap2": 1.569250226020813
}