{
  "umap1": 12.16118335723877,
  "umap2": 1.8728479146957397
}