{
  "umap1": 12.560259819030762,
  "umap2": 7.136430740356445
}