{
  "umap1": 10.698615074157715,
  "umap2": 2.3086750507354736
}