{
  "No direct optim ancestor": "None",
  "umap1": 0.5118723728791201,
  "umap2": 0.14864955617278675
}