{
  "umap1": 0.38458736374469593,
  "umap2": 0.7610298398395661
}