{
  "umap1": 12.564746856689453,
  "umap2": 6.895503520965576
}