{
  "umap1": 0.48793953878121066,
  "umap2": 0.9673266701775957
}