{
  "umap1": 0.49051139983169145,
  "umap2": 0.8249876210287604
}