{
  "umap1": 0.14324351343444663,
  "umap2": 0.07652399667559806
}