{
  "No direct optim ancestor": "None",
  "umap1": 0.6200718020007219,
  "umap2": 0.6717833502606334
}