{
  "umap1": 12.741976737976074,
  "umap2": 2.635115385055542
}