{
  "umap1": 14.230887413024902,
  "umap2": 6.250314712524414
}