{
  "umap1": 0.32783070605226716,
  "umap2": 0.4256202226499801
}