{
  "No direct optim ancestor": "None",
  "umap1": 0.3192539676706423,
  "umap2": 0.6292872690428419
}