{
  "No direct optim ancestor": "None",
  "umap1": 0.29564324647576923,
  "umap2": 0.6888284492078621
}