{
  "umap1": 11.132554054260254,
  "umap2": 2.720088243484497
}