{
  "umap1": 0.34597622703532493,
  "umap2": 0.283932600434333
}