{
  "No direct optim ancestor": "None",
  "umap1": 0.9758454010138857,
  "umap2": 0.3081387085197813
}