{
  "umap1": 13.60037612915039,
  "umap2": 3.3497889041900635
}