{
  "umap1": 0.594695875932555,
  "umap2": 0.5143076568273123
}