{
  "umap1": 12.7589750289917,
  "umap2": 6.144254207611084
}