{
  "umap1": 0.7624153213873625,
  "umap2": 0.0749469554045128
}