{
  "No direct optim ancestor": "None",
  "umap1": 0.9594713390151807,
  "umap2": 0.21811349124482216
}