{
  "umap1": 0.29808245745121076,
  "umap2": 0.6649541788878723
}