{
  "No direct optim ancestor": "None",
  "umap1": 0.25412212020434444,
  "umap2": 0.8257854659438202
}