{
  "umap1": 8.7620210647583,
  "umap2": 6.84872579574585
}