{
  "umap1": 9.714347839355469,
  "umap2": 5.701059341430664
}