{
  "umap1": 7.263037204742432,
  "umap2": 5.938561916351318
}