{
  "umap1": 0.8160429230720732,
  "umap2": 0.5658650276731199
}