{
  "umap1": 0.12994085745778217,
  "umap2": 0.3588245308609763
}