{
  "umap1": 7.6791157722473145,
  "umap2": 5.677196025848389
}