{
  "No direct optim ancestor": "None",
  "umap1": 0.4105411348573236,
  "umap2": 0.13380977949755046
}