{
  "umap1": 0.35746260694849175,
  "umap2": 0.18122355539517776
}