{
  "umap1": 10.372709274291992,
  "umap2": 3.5583620071411133
}