{
  "No direct optim ancestor": "None",
  "umap1": 0.43119553368540875,
  "umap2": 0.5372366853310795
}