{
  "umap1": 0.8564633283531777,
  "umap2": 0.0026182171579204327
}