{
  "umap1": 0.25181269158352426,
  "umap2": 0.4813088422307835
}