{
  "No direct optim ancestor": "None",
  "umap1": 0.6587617814093414,
  "umap2": 0.5333145484153954
}