{
  "umap1": 9.706381797790527,
  "umap2": 1.6943634748458862
}