{
  "umap1": 0.06020542978938648,
  "umap2": 0.4398511944268644
}