{
  "Ancestor's direct optim goal": "a photo of a starfish with five red arms and green spots",
  "umap1": 0.595329485809112,
  "umap2": 0.35243540189648537
}