{
  "umap1": 8.329998970031738,
  "umap2": 7.2857441902160645
}