{
  "umap1": 0.09651516401179006,
  "umap2": 0.9321840909293357
}