{
  "umap1": 0.3825793692042023,
  "umap2": 0.6442695112806266
}