{
  "umap1": 13.07081127166748,
  "umap2": 4.80803918838501
}