{
  "No direct optim ancestor": "None",
  "umap1": 0.017983297412388577,
  "umap2": 0.2880505896178759
}