{
  "umap1": 10.047161102294922,
  "umap2": 2.6735119819641113
}