{
  "No direct optim ancestor": "None",
  "umap1": 0.8868533409326769,
  "umap2": 0.7734978999307018
}