{
  "umap1": 0.8753839194021507,
  "umap2": 0.09875515733947415
}