{
  "umap1": 12.88808822631836,
  "umap2": 6.939759731292725
}