{
  "umap1": 0.6445397167415418,
  "umap2": 0.5711746334794219
}