{
  "No direct optim ancestor": "None",
  "umap1": 0.19628800197505736,
  "umap2": 0.9163280440360573
}