{
  "umap1": 0.5856582584779308,
  "umap2": 0.8612277240689261
}