{
  "umap1": 11.364716529846191,
  "umap2": 1.440043330192566
}