{
  "No direct optim ancestor": "None",
  "umap1": 0.7165979543093218,
  "umap2": 0.24329969024480624
}