{
  "No direct optim ancestor": "None",
  "umap1": 0.28615358743497965,
  "umap2": 0.24782566295397535
}