{
  "umap1": 0.40963501131832514,
  "umap2": 0.8185542699183458
}