{
  "umap1": 11.43177604675293,
  "umap2": 2.0331385135650635
}