{
  "umap1": 12.677811622619629,
  "umap2": 3.373839855194092
}