{
  "umap1": 0.9701183436169742,
  "umap2": 0.5876934287474107
}