{
  "umap1": 2.927100896835327,
  "umap2": 10.618147850036621
}