{
  "No direct optim ancestor": "None",
  "umap1": 0.14917854630173089,
  "umap2": 0.7538968156205409
}