{
  "umap1": 12.505400657653809,
  "umap2": 6.614740371704102
}