{
  "umap1": 0.7221933937367193,
  "umap2": 0.10613349818537232
}