{
  "No direct optim ancestor": "None",
  "umap1": 0.93384387753411,
  "umap2": 0.4478633114836369
}