{
  "umap1": 0.5503516043314212,
  "umap2": 0.21858032654242954
}