{
  "No direct optim ancestor": "None",
  "umap1": 0.08631565430736265,
  "umap2": 0.004934989267145196
}