{
  "umap1": 14.119515419006348,
  "umap2": 5.28326940536499
}