{
  "umap1": 0.9310106627702865,
  "umap2": 0.39193976655155116
}