{
  "umap1": 13.063213348388672,
  "umap2": 2.682521343231201
}