{
  "No direct optim ancestor": "None",
  "umap1": 0.16953568262116392,
  "umap2": 0.5132659595556763
}