{
  "umap1": 0.90040213754296,
  "umap2": 0.010591986792755859
}