{
  "No direct optim ancestor": "None",
  "umap1": 0.19222454254838817,
  "umap2": 0.345276368223682
}