{
  "umap1": 0.8796783004278241,
  "umap2": 0.1218296935765788
}