{
  "No direct optim ancestor": "None",
  "umap1": 0.9832910430383222,
  "umap2": 0.24873003209401434
}