{
  "umap1": 12.413925170898438,
  "umap2": 1.6706637144088745
}