{
  "umap1": 0.3662626676085353,
  "umap2": 0.1787399680507754
}