{
  "umap1": 2.695188045501709,
  "umap2": 10.693717002868652
}