{
  "umap1": 0.7319681138300901,
  "umap2": 0.05883946273771634
}