{
  "umap1": 0.6035689208476505,
  "umap2": 0.6399006658886082
}