{
  "No direct optim ancestor": "None",
  "umap1": 0.19637456570231515,
  "umap2": 0.2845391427024315
}