{
  "umap1": 0.5529591529748756,
  "umap2": 0.7509249481258856
}