{
  "umap1": 4.894726753234863,
  "umap2": 10.865470886230469
}