{
  "No direct optim ancestor": "None",
  "umap1": 0.7878877820965435,
  "umap2": 0.851678763953096
}