{
  "umap1": 0.6613425257474396,
  "umap2": 0.5301368612540611
}