{
  "umap1": 10.399502754211426,
  "umap2": 5.225327014923096
}