{
  "umap1": 0.38717910705291536,
  "umap2": 0.3773616080928571
}