{
  "umap1": 12.211112976074219,
  "umap2": 5.108727931976318
}