{
  "No direct optim ancestor": "None",
  "umap1": 0.9476658548966792,
  "umap2": 0.18740294296345394
}