{
  "umap1": 11.427878379821777,
  "umap2": 2.1560778617858887
}