{
  "umap1": 0.16659232362483134,
  "umap2": 0.6169542111304102
}