{
  "No direct optim ancestor": "None",
  "umap1": 0.6886645376555101,
  "umap2": 0.5128116833224585
}