{
  "No direct optim ancestor": "None",
  "umap1": 0.18620370019136478,
  "umap2": 0.6226511427537417
}