{
  "umap1": 0.9460225342828693,
  "umap2": 0.2473058893617146
}