{
  "umap1": 10.882625579833984,
  "umap2": 1.3511688709259033
}