{
  "No direct optim ancestor": "None",
  "umap1": 0.8685760157431499,
  "umap2": 0.6449316732878203
}