{
  "umap1": 0.8631884279587413,
  "umap2": 0.01884314106137308
}