{
  "umap1": 8.424369812011719,
  "umap2": 8.813026428222656
}