{
  "umap1": 0.9465555801825116,
  "umap2": 0.5670454085546912
}