{
  "No direct optim ancestor": "None",
  "umap1": 0.8252841191112058,
  "umap2": 0.2305159740307332
}