{
  "No direct optim ancestor": "None",
  "umap1": 0.9188116229741712,
  "umap2": 0.28785837576380513
}