{
  "umap1": 0.7056443697682147,
  "umap2": 0.43732225856499574
}