{
  "umap1": 4.929166793823242,
  "umap2": 10.831637382507324
}