{
  "umap1": 0.1497714794374272,
  "umap2": 0.6602651246811052
}