{
  "umap1": 3.418617010116577,
  "umap2": 9.905829429626465
}