{
  "umap1": 0.016127912280243573,
  "umap2": 0.7473825669451584
}