{
  "umap1": 2.664576768875122,
  "umap2": 10.685526847839355
}