{
  "umap1": 12.590030670166016,
  "umap2": 3.6606605052948
}