{
  "No direct optim ancestor": "None",
  "umap1": 0.15686501535829966,
  "umap2": 0.07373458221345675
}