{
  "umap1": 0.9743859096791389,
  "umap2": 0.8563489053243489
}