{
  "No direct optim ancestor": "None",
  "umap1": 0.589207131249824,
  "umap2": 0.12101755644887491
}