{
  "umap1": 0.30361339002862997,
  "umap2": 0.34873138455702
}