{
  "umap1": 9.620906829833984,
  "umap2": 5.969257831573486
}