{
  "umap1": 0.22429682701322573,
  "umap2": 0.2383258795447919
}