{
  "No direct optim ancestor": "None",
  "umap1": 0.39375679178223155,
  "umap2": 0.605066854747809
}