{
  "umap1": 8.650163650512695,
  "umap2": 3.1588597297668457
}