{
  "No direct optim ancestor": "None",
  "umap1": 0.16118416869626973,
  "umap2": 0.39547656504678863
}