{
  "umap1": 11.443994522094727,
  "umap2": 2.929182291030884
}