{
  "umap1": 0.09007284482240374,
  "umap2": 0.47361878017529246
}