{
  "umap1": 0.6922901570295318,
  "umap2": 0.5677994744496077
}