{
  "umap1": 0.992874801158905,
  "umap2": 9.610555648803711
}