{
  "umap1": 0.637671180171497,
  "umap2": 0.6101667304772459
}