{
  "umap1": 5.0099101066589355,
  "umap2": 10.75502872467041
}