{
  "umap1": 13.306108474731445,
  "umap2": 4.5903778076171875
}