{
  "No direct optim ancestor": "None",
  "umap1": 0.8578748108868202,
  "umap2": 0.970574455181402
}