{
  "umap1": 0.9841239289269562,
  "umap2": 0.3440027428595718
}