{
  "umap1": 3.537654399871826,
  "umap2": 10.061841011047363
}