{
  "umap1": 8.810619354248047,
  "umap2": 3.1843278408050537
}