{
  "umap1": 1.3161076307296753,
  "umap2": 9.9879150390625
}