{
  "umap1": 0.20583744282738603,
  "umap2": 0.3392097405865303
}