{
  "umap1": 3.2947230339050293,
  "umap2": 10.09961223602295
}