{
  "umap1": 0.9832480668882848,
  "umap2": 0.7593721403773795
}