{
  "umap1": 0.3617261423968805,
  "umap2": 0.2047921677412594
}