{
  "umap1": 10.46628189086914,
  "umap2": 3.412715196609497
}