{
  "No direct optim ancestor": "None",
  "umap1": 0.686650580144951,
  "umap2": 0.6581781390998593
}