{
  "umap1": 0.26076995150920546,
  "umap2": 0.7232882670478451
}