{
  "umap1": 0.8231837730068787,
  "umap2": 0.9628784148249822
}