{
  "No direct optim ancestor": "None",
  "umap1": 0.7406327774593496,
  "umap2": 0.953753507079031
}