{
  "umap1": 0.009919443098895364,
  "umap2": 0.16689946280414936
}