{
  "umap1": 0.11547306151672299,
  "umap2": 0.9868322729189318
}