{
  "umap1": 11.600374221801758,
  "umap2": 3.0067803859710693
}