{
  "No direct optim ancestor": "None",
  "umap1": 0.5518019188842107,
  "umap2": 0.8937663770250805
}