{
  "No direct optim ancestor": "None",
  "umap1": 0.4374508970118821,
  "umap2": 0.14589238973680452
}