{
  "umap1": 0.8755311149719659,
  "umap2": 0.8910808522694715
}