{
  "umap1": 11.964788436889648,
  "umap2": 2.7135839462280273
}