{
  "No direct optim ancestor": "None",
  "umap1": 0.511554051330027,
  "umap2": 0.2265680299853855
}