{
  "umap1": 0.7371660252570407,
  "umap2": 0.6617577893085366
}