{
  "umap1": 12.465033531188965,
  "umap2": 4.893793106079102
}