{
  "umap1": 12.524308204650879,
  "umap2": 3.280259132385254
}