{
  "umap1": 0.8506061786510761,
  "umap2": 0.314104277239894
}