{
  "umap1": 11.549036979675293,
  "umap2": 1.3542448282241821
}