{
  "No direct optim ancestor": "None",
  "umap1": 0.043875190049010526,
  "umap2": 0.7668350993064234
}