{
  "umap1": 4.995415687561035,
  "umap2": 10.75874137878418
}