{
  "umap1": 0.9480337171353316,
  "umap2": 0.3004119589074705
}