{
  "umap1": 0.250638378598139,
  "umap2": 0.9955031374944076
}