{
  "umap1": 10.439116477966309,
  "umap2": 2.3563809394836426
}