{
  "No direct optim ancestor": "None",
  "umap1": 0.24634252893105835,
  "umap2": 0.9327802021981835
}