{
  "umap1": 0.15678962386565054,
  "umap2": 0.23981209767210632
}