{
  "umap1": 0.1642658775715753,
  "umap2": 0.2681529379690083
}