{
  "umap1": 0.5270396111112761,
  "umap2": 0.3682263766286974
}