{
  "umap1": 13.185276985168457,
  "umap2": 3.1540799140930176
}