{
  "No direct optim ancestor": "None",
  "umap1": 0.07677045397809434,
  "umap2": 0.4873374251779222
}