{
  "umap1": 13.037814140319824,
  "umap2": 2.66624116897583
}