{
  "No direct optim ancestor": "None",
  "umap1": 0.9589967171093484,
  "umap2": 0.8515208899300931
}