{
  "umap1": 0.21894729296023707,
  "umap2": 0.8331408608579727
}