{
  "umap1": 13.82950496673584,
  "umap2": 6.053225517272949
}