{
  "umap1": 0.1276419350655701,
  "umap2": 0.7877963502690478
}