{
  "umap1": 0.6186409177545866,
  "umap2": 0.3878795717950242
}