{
  "umap1": 14.152057647705078,
  "umap2": 5.32596492767334
}