{
  "No direct optim ancestor": "None",
  "umap1": 0.025555291315990214,
  "umap2": 0.7866628125451044
}