{
  "No direct optim ancestor": "None",
  "umap1": 0.5007744257510445,
  "umap2": 0.6625325670251918
}