{
  "umap1": 0.9241284225338815,
  "umap2": 0.1347716973051425
}