{
  "umap1": 0.4267457540724162,
  "umap2": 0.9633175151871763
}