{
  "No direct optim ancestor": "None",
  "umap1": 0.8258047832537169,
  "umap2": 0.6849184117517851
}