{
  "umap1": 13.284536361694336,
  "umap2": 5.462265491485596
}