{
  "umap1": 13.13097858428955,
  "umap2": 4.7155609130859375
}