{
  "umap1": 0.17324266698787727,
  "umap2": 0.11856080260230117
}