{
  "No direct optim ancestor": "None",
  "umap1": 0.6072831067072642,
  "umap2": 0.5610285906764494
}