{
  "umap1": 0.04532872125369847,
  "umap2": 0.5806689796843579
}