{
  "No direct optim ancestor": "None",
  "umap1": 0.7425437667301481,
  "umap2": 0.929031044311116
}