{
  "umap1": 14.242389678955078,
  "umap2": 5.838859558105469
}