{
  "umap1": 0.571372206618805,
  "umap2": 0.1055733438872768
}