{
  "umap1": 11.579277992248535,
  "umap2": 2.496816873550415
}