{
  "No direct optim ancestor": "None",
  "umap1": 0.042858352296679225,
  "umap2": 0.6809577198478627
}