{
  "No direct optim ancestor": "None",
  "umap1": 0.5076413296424659,
  "umap2": 0.6630467054046028
}