{
  "umap1": 8.754420280456543,
  "umap2": 5.089188575744629
}