{
  "umap1": 0.011453743077977085,
  "umap2": 0.6545189481636767
}