{
  "umap1": 3.909111976623535,
  "umap2": 9.950236320495605
}