{
  "umap1": 13.94985580444336,
  "umap2": 4.177850723266602
}