{
  "umap1": 0.3178109403030893,
  "umap2": 0.4332030003696472
}