{
  "umap1": 11.31057357788086,
  "umap2": 3.76173734664917
}