{
  "No direct optim ancestor": "None",
  "umap1": 0.6237287590592371,
  "umap2": 0.49139427120023604
}