{
  "umap1": 0.938801433446928,
  "umap2": 0.8195408387279618
}