{
  "umap1": 13.181591987609863,
  "umap2": 4.195169925689697
}