{
  "No direct optim ancestor": "None",
  "umap1": 0.8414263405021712,
  "umap2": 0.4775380950203826
}