{
  "umap1": 9.708272933959961,
  "umap2": 2.357952356338501
}