{
  "umap1": 0.5603876967268954,
  "umap2": 0.9784638015607713
}