{
  "No direct optim ancestor": "None",
  "umap1": 0.9195621295689858,
  "umap2": 0.4468083267117894
}