{
  "umap1": 13.409913063049316,
  "umap2": 6.50080680847168
}