{
  "No direct optim ancestor": "None",
  "umap1": 0.5933003535860436,
  "umap2": 0.6682950916050752
}