{
  "umap1": 0.8851579398265361,
  "umap2": 0.5629280621221754
}