{
  "umap1": 7.313939094543457,
  "umap2": 5.875633239746094
}