{
  "umap1": 12.974822998046875,
  "umap2": 3.981396436691284
}