{
  "umap1": 3.8632025718688965,
  "umap2": 9.833844184875488
}