{
  "umap1": 10.85090160369873,
  "umap2": 1.5387728214263916
}