{
  "No direct optim ancestor": "None",
  "umap1": 0.11546277473611266,
  "umap2": 0.5541720483781911
}