{
  "umap1": 0.8915449171569019,
  "umap2": 0.6764578259577706
}