{
  "umap1": 11.401799201965332,
  "umap2": 5.454302787780762
}