{
  "No direct optim ancestor": "None",
  "umap1": 0.9416949700981883,
  "umap2": 0.8156010978376749
}