{
  "umap1": 0.7661772953535667,
  "umap2": 0.5651426741082749
}