{
  "umap1": 14.040658950805664,
  "umap2": 5.277315139770508
}