{
  "umap1": 3.7568819522857666,
  "umap2": 10.005709648132324
}