{
  "umap1": 0.8130615496720485,
  "umap2": 0.9435424988711261
}