{
  "umap1": 0.5309151555073559,
  "umap2": 0.30737740637589195
}