{
  "umap1": 9.752315521240234,
  "umap2": 3.410447835922241
}