{
  "No direct optim ancestor": "None",
  "umap1": 0.9294683871844593,
  "umap2": 0.0640608212431919
}