{
  "umap1": 0.9002729649361424,
  "umap2": 0.20848727724245275
}