{
  "No direct optim ancestor": "None",
  "umap1": 0.15968346705888603,
  "umap2": 0.5577679091080503
}