{
  "umap1": 0.9528154123344154,
  "umap2": 0.3889488124711329
}