{
  "umap1": 0.8634978731472073,
  "umap2": 0.09545478701254417
}