{
  "No direct optim ancestor": "None",
  "umap1": 0.7830793407830275,
  "umap2": 0.5758941361789989
}