{
  "umap1": 9.51622486114502,
  "umap2": 6.065399169921875
}