{
  "No direct optim ancestor": "None",
  "umap1": 0.769350897291919,
  "umap2": 0.8622395021615533
}