{
  "umap1": 0.8937558968302952,
  "umap2": 0.5819072475950623
}