{
  "umap1": 0.7064347904559192,
  "umap2": 0.8784236670433014
}