{
  "umap1": 0.19531433692269107,
  "umap2": 0.6492214440848124
}