{
  "No direct optim ancestor": "None",
  "umap1": 0.48328600031388513,
  "umap2": 0.5454735062245752
}