{
  "umap1": 0.8617865686037154,
  "umap2": 0.4796661345603833
}