{
  "umap1": 11.85796070098877,
  "umap2": 4.340754508972168
}