{
  "No direct optim ancestor": "None",
  "umap1": 0.4609266736112432,
  "umap2": 0.5259916712195706
}