{
  "umap1": 12.699369430541992,
  "umap2": 4.824037075042725
}