{
  "umap1": 0.5393662480841823,
  "umap2": 0.573871768065572
}