{
  "No direct optim ancestor": "None",
  "umap1": 0.5837358049812266,
  "umap2": 0.31458217788114107
}