{
  "No direct optim ancestor": "None",
  "umap1": 0.36525810120137325,
  "umap2": 0.48989770844586844
}