{
  "umap1": 13.549517631530762,
  "umap2": 6.653450965881348
}