{
  "umap1": 0.9824939593341032,
  "umap2": 0.44885203541425545
}