{
  "umap1": 10.379598617553711,
  "umap2": 3.4281506538391113
}