{
  "umap1": 14.149337768554688,
  "umap2": 5.491211891174316
}