{
  "umap1": 14.061610221862793,
  "umap2": 2.888084888458252
}