{
  "No direct optim ancestor": "None",
  "umap1": 0.5639047625862674,
  "umap2": 0.9904316925295849
}