{
  "umap1": 0.46552549700464896,
  "umap2": 0.5462031518821608
}