{
  "umap1": 0.26253165884033913,
  "umap2": 0.9165777067999026
}