{
  "umap1": 9.182148933410645,
  "umap2": 4.899537563323975
}