{
  "umap1": 0.3181233091121515,
  "umap2": 0.21504150246083964
}