{
  "umap1": 12.214940071105957,
  "umap2": 2.7800562381744385
}