{
  "No direct optim ancestor": "None",
  "umap1": 0.8734882329610366,
  "umap2": 0.7696154136638774
}