{
  "umap1": 0.20684541001854218,
  "umap2": 0.1606758237052056
}