{
  "No direct optim ancestor": "None",
  "umap1": 0.16580540143441547,
  "umap2": 0.9365526719437322
}