{
  "umap1": 10.234354972839355,
  "umap2": 2.9582901000976562
}