{
  "umap1": 8.012641906738281,
  "umap2": 8.887615203857422
}