{
  "umap1": 13.549626350402832,
  "umap2": 7.251067161560059
}