{
  "umap1": 9.347241401672363,
  "umap2": 5.75697135925293
}