{
  "umap1": 0.38353236891619835,
  "umap2": 0.17786786686874667
}