{
  "No direct optim ancestor": "None",
  "umap1": 0.6180109141682872,
  "umap2": 0.46256568675247667
}