{
  "umap1": 12.034071922302246,
  "umap2": 3.737959384918213
}