{
  "No direct optim ancestor": "None",
  "umap1": 0.4135492618259359,
  "umap2": 0.27139016750300293
}