{
  "umap1": 0.037077497708315255,
  "umap2": 0.2036617013024118
}