{
  "umap1": 0.5683500378509049,
  "umap2": 0.7827665745224905
}