{
  "No direct optim ancestor": "None",
  "umap1": 0.023407769175294413,
  "umap2": 0.5059546415479723
}