{
  "umap1": 11.092350006103516,
  "umap2": 2.6671884059906006
}