{
  "umap1": 0.693702174905402,
  "umap2": 0.8143718549786421
}