{
  "No direct optim ancestor": "None",
  "umap1": 0.9271399010540496,
  "umap2": 0.4711810220009769
}