{
  "umap1": 0.42216339858418683,
  "umap2": 0.7926632234540298
}