{
  "umap1": 12.606003761291504,
  "umap2": 5.005237102508545
}