{
  "No direct optim ancestor": "None",
  "umap1": 0.8624131276689517,
  "umap2": 0.049582305083731626
}