{
  "No direct optim ancestor": "None",
  "umap1": 0.27019983691879,
  "umap2": 0.6194247765710414
}