{
  "umap1": 0.8738590366333416,
  "umap2": 0.836952715733828
}