{
  "umap1": 10.521418571472168,
  "umap2": 2.814685583114624
}