{
  "No direct optim ancestor": "None",
  "umap1": 0.2866694555863617,
  "umap2": 0.5426122278897267
}