{
  "umap1": 0.4111883932336151,
  "umap2": 0.437756764747265
}