{
  "No direct optim ancestor": "None",
  "umap1": 0.16638214657175143,
  "umap2": 0.888052480580399
}