{
  "umap1": 0.6969468661666663,
  "umap2": 0.3838559655308377
}