{
  "umap1": 0.3529921705552581,
  "umap2": 0.7554398650570603
}