{
  "No direct optim ancestor": "None",
  "umap1": 0.7126237283491588,
  "umap2": 0.7982597033111917
}