{
  "umap1": 0.21498855557456142,
  "umap2": 0.5124450024973485
}