{
  "No direct optim ancestor": "None",
  "umap1": 0.9188062422867588,
  "umap2": 0.26904251755987685
}