{
  "umap1": 14.018275260925293,
  "umap2": 6.357160568237305
}