{
  "No direct optim ancestor": "None",
  "umap1": 0.4615395883175277,
  "umap2": 0.1968911403694027
}