{
  "umap1": 0.9020278674640339,
  "umap2": 0.6921397181557739
}