{
  "umap1": 0.4562841624182732,
  "umap2": 0.7315447362057114
}