{
  "No direct optim ancestor": "None",
  "umap1": 0.06163566925035846,
  "umap2": 0.05194586661663214
}