{
  "umap1": 0.5598414784906008,
  "umap2": 0.18260842310154912
}