{
  "umap1": 8.67223072052002,
  "umap2": 5.240078926086426
}