{
  "No direct optim ancestor": "None",
  "umap1": 0.33880658967507216,
  "umap2": 0.9138488193021483
}