{
  "umap1": 0.10423471438895271,
  "umap2": 0.6072841136937828
}