{
  "No direct optim ancestor": "None",
  "umap1": 0.622051675131595,
  "umap2": 0.8482254977664871
}