{
  "No direct optim ancestor": "None",
  "umap1": 0.5112983678395008,
  "umap2": 0.3768462935426512
}