{
  "umap1": 0.5219972766428977,
  "umap2": 0.1257459014971014
}