{
  "umap1": 0.9117026514316621,
  "umap2": 0.27553928794208216
}