{
  "No direct optim ancestor": "None",
  "umap1": 0.8219296287950367,
  "umap2": 0.5512586872075593
}