{
  "umap1": 9.909723281860352,
  "umap2": 5.483070373535156
}