{
  "umap1": 8.903116226196289,
  "umap2": 6.402991771697998
}