{
  "umap1": 0.08977794349061907,
  "umap2": 0.6480373756980268
}