{
  "umap1": 3.7301385402679443,
  "umap2": 9.782342910766602
}