{
  "umap1": 0.3389932422046277,
  "umap2": 0.40570310348038463
}