{
  "umap1": 8.284268379211426,
  "umap2": 8.902969360351562
}