{
  "umap1": 13.747002601623535,
  "umap2": 4.451775550842285
}