{
  "umap1": 0.5796379692916752,
  "umap2": 0.20330416306386068
}