{
  "No direct optim ancestor": "None",
  "umap1": 0.26041136427201705,
  "umap2": 0.13478129697373076
}