{
  "No direct optim ancestor": "None",
  "umap1": 0.15238024765722946,
  "umap2": 0.5270001251406267
}