{
  "umap1": 12.08985710144043,
  "umap2": 3.4124960899353027
}