{
  "umap1": 0.08825871661030904,
  "umap2": 0.37435932597567156
}