{
  "umap1": 11.227391242980957,
  "umap2": 3.724578380584717
}