{
  "umap1": 0.32211225106929153,
  "umap2": 0.726810835241867
}