{
  "No direct optim ancestor": "None",
  "umap1": 0.6175308669957473,
  "umap2": 0.5783452886827578
}