{
  "umap1": 9.539127349853516,
  "umap2": 5.664199352264404
}