{
  "umap1": 8.094768524169922,
  "umap2": 8.896045684814453
}