{
  "No direct optim ancestor": "None",
  "umap1": 0.9608911243588603,
  "umap2": 0.1989968233336581
}