{
  "umap1": 0.09161429881695182,
  "umap2": 0.6038995506200494
}