{
  "umap1": 14.414854049682617,
  "umap2": 5.038247108459473
}