{
  "umap1": 13.377950668334961,
  "umap2": 6.742809772491455
}