{
  "umap1": 0.7628417117930607,
  "umap2": 0.888180343219315
}