{
  "No direct optim ancestor": "None",
  "umap1": 0.21205117222098602,
  "umap2": 0.6467049277887406
}