{
  "umap1": 13.05383014678955,
  "umap2": 1.7333476543426514
}