{
  "umap1": 14.199522018432617,
  "umap2": 4.1270623207092285
}