{
  "umap1": 13.120936393737793,
  "umap2": 4.193070888519287
}