{
  "umap1": 12.8554048538208,
  "umap2": 2.107466459274292
}