{
  "No direct optim ancestor": "None",
  "umap1": 0.3316610562376576,
  "umap2": 0.336824260501398
}