{
  "umap1": 0.649062036222291,
  "umap2": 0.003460257639066322
}