{
  "umap1": 3.8658993244171143,
  "umap2": 9.909294128417969
}