{
  "umap1": 0.3578942709608627,
  "umap2": 0.3060365398667484
}