{
  "No direct optim ancestor": "None",
  "umap1": 0.21586064401159966,
  "umap2": 0.8705548915250124
}