{
  "umap1": 1.3199076652526855,
  "umap2": 10.004984855651855
}