{
  "umap1": 2.7197988033294678,
  "umap2": 10.709217071533203
}