{
  "umap1": 0.9644903912791049,
  "umap2": 0.795989791447963
}