{
  "No direct optim ancestor": "None",
  "umap1": 0.016747855484978924,
  "umap2": 0.9951952085819505
}