{
  "umap1": 13.082040786743164,
  "umap2": 3.847076177597046
}