{
  "umap1": 0.2884028059472269,
  "umap2": 0.7291657847525068
}