{
  "umap1": 0.3020371881583084,
  "umap2": 0.5644017255634821
}