{
  "umap1": 0.38139906693705383,
  "umap2": 0.6606264660019352
}