{
  "umap1": 13.165868759155273,
  "umap2": 6.537189960479736
}