{
  "No direct optim ancestor": "None",
  "umap1": 0.3153300154953085,
  "umap2": 0.5347585390174434
}