{
  "umap1": 10.912842750549316,
  "umap2": 2.7058093547821045
}