{
  "umap1": 0.08259980455407412,
  "umap2": 0.21465742602733207
}