{
  "No direct optim ancestor": "None",
  "umap1": 0.5492313946084159,
  "umap2": 0.20934818258090737
}