{
  "No direct optim ancestor": "None",
  "umap1": 0.9909712459467176,
  "umap2": 0.24029148747825602
}