{
  "umap1": 0.1965625045908851,
  "umap2": 0.5531127728659999
}