{
  "umap1": 12.171265602111816,
  "umap2": 2.4296069145202637
}