{
  "umap1": 8.589950561523438,
  "umap2": 7.912291049957275
}