{
  "umap1": 0.43699763912644596,
  "umap2": 0.6039270315688844
}