{
  "umap1": 2.656163215637207,
  "umap2": 10.4050931930542
}