{
  "umap1": 0.24217463153518004,
  "umap2": 0.33049970555377317
}