{
  "umap1": 10.780495643615723,
  "umap2": 1.673563838005066
}