{
  "No direct optim ancestor": "None",
  "umap1": 0.7365159879919424,
  "umap2": 0.2715035473195184
}