{
  "umap1": 0.502820389447336,
  "umap2": 0.8633020271429533
}