{
  "umap1": 11.807394027709961,
  "umap2": 2.7569751739501953
}