{
  "umap1": 11.506816864013672,
  "umap2": 1.621259331703186
}