{
  "umap1": 8.313257217407227,
  "umap2": 7.27421236038208
}