{
  "umap1": 0.4990291570227582,
  "umap2": 0.3997954877720973
}