{
  "umap1": 8.177578926086426,
  "umap2": 8.773179054260254
}