{
  "No direct optim ancestor": "None",
  "umap1": 0.45960469693165507,
  "umap2": 0.001992813424629314
}