{
  "umap1": 0.7983340136843117,
  "umap2": 0.4518109315558967
}