{
  "umap1": 0.372951742567611,
  "umap2": 0.11657603025939489
}