{
  "umap1": 13.119346618652344,
  "umap2": 3.2306690216064453
}