{
  "No direct optim ancestor": "None",
  "umap1": 0.4661982706283665,
  "umap2": 0.5650461670287624
}