{
  "No direct optim ancestor": "None",
  "umap1": 0.9976000680692514,
  "umap2": 0.04284732070654673
}