{
  "umap1": 0.1343918621104614,
  "umap2": 0.25893619867706585
}