{
  "umap1": 9.542783737182617,
  "umap2": 6.157883167266846
}