{
  "umap1": 0.32759602146696376,
  "umap2": 0.7566900207673982
}