{
  "umap1": 7.31142520904541,
  "umap2": 5.882319927215576
}