{
  "umap1": 12.740204811096191,
  "umap2": 2.3776261806488037
}