{
  "No direct optim ancestor": "None",
  "umap1": 0.7256171360131638,
  "umap2": 0.308084005220986
}