{
  "umap1": 0.6247530748499157,
  "umap2": 0.8176250941110907
}