{
  "umap1": 9.594466209411621,
  "umap2": 3.0434157848358154
}