{
  "umap1": 0.6079359803068574,
  "umap2": 0.27106133817508227
}