{
  "No direct optim ancestor": "None",
  "umap1": 0.7386553303276228,
  "umap2": 0.6796242845763171
}