{
  "umap1": 9.457635879516602,
  "umap2": 2.9530956745147705
}