{
  "umap1": 0.016441722518392488,
  "umap2": 0.7457827707532998
}