{
  "umap1": 11.42220401763916,
  "umap2": 3.7254388332366943
}