{
  "No direct optim ancestor": "None",
  "umap1": 0.8872471466053337,
  "umap2": 0.2595892699566601
}