{
  "No direct optim ancestor": "None",
  "umap1": 0.8978611389320458,
  "umap2": 0.511949894656017
}