{
  "umap1": 0.5602784548210997,
  "umap2": 0.6253517183802819
}