{
  "umap1": 0.6474378504966639,
  "umap2": 0.5963361845238926
}