{
  "umap1": 0.9753677055672516,
  "umap2": 0.8169373995775862
}