{
  "umap1": 10.939350128173828,
  "umap2": 1.9646360874176025
}