{
  "No direct optim ancestor": "None",
  "umap1": 0.5676746360399973,
  "umap2": 0.6065090829326999
}