{
  "No direct optim ancestor": "None",
  "umap1": 0.57352893933908,
  "umap2": 0.6580922070702188
}