{
  "umap1": 0.9590614539154,
  "umap2": 0.8101639838009859
}