{
  "umap1": 13.279462814331055,
  "umap2": 7.0816731452941895
}