{
  "umap1": 0.804040528424264,
  "umap2": 0.3138084563270038
}