{
  "umap1": 0.9533052082064197,
  "umap2": 0.7571815001137633
}