{
  "No direct optim ancestor": "None",
  "umap1": 0.4356457033782767,
  "umap2": 0.8540734245545427
}