{
  "umap1": 0.05843800778085684,
  "umap2": 0.5745341436337978
}