{
  "No direct optim ancestor": "None",
  "umap1": 0.6404941613443913,
  "umap2": 0.757081725794769
}