{
  "umap1": 11.486506462097168,
  "umap2": 3.6108219623565674
}