{
  "umap1": 8.416693687438965,
  "umap2": 8.896599769592285
}