{
  "umap1": 0.028387303070212533,
  "umap2": 0.21867315952875332
}