{
  "No direct optim ancestor": "None",
  "umap1": 0.8540182498682943,
  "umap2": 0.20853324957972097
}