{
  "umap1": 0.6673692846699728,
  "umap2": 0.46068131443114113
}