{
  "No direct optim ancestor": "None",
  "umap1": 0.2183113652452432,
  "umap2": 0.19198670339348634
}