{
  "umap1": 0.8273234896959508,
  "umap2": 0.714369543476938
}