{
  "umap1": 0.1930643487850573,
  "umap2": 0.9317874542872099
}