{
  "No direct optim ancestor": "None",
  "umap1": 0.12179240022264781,
  "umap2": 0.8366219599462329
}