{
  "umap1": 0.6336697564419831,
  "umap2": 0.8998882737711741
}