{
  "umap1": 0.6418494817765629,
  "umap2": 0.4484705247824208
}