{
  "No direct optim ancestor": "None",
  "umap1": 0.6352256127785444,
  "umap2": 0.3192618706256599
}