{
  "umap1": 0.47256853342846816,
  "umap2": 0.7757193774693535
}