{
  "umap1": 12.510185241699219,
  "umap2": 3.5754127502441406
}