{
  "No direct optim ancestor": "None",
  "umap1": 0.39826054866172456,
  "umap2": 0.6613567539344692
}