{
  "umap1": 0.0344515860335205,
  "umap2": 0.40919425450739044
}