{
  "No direct optim ancestor": "None",
  "umap1": 0.9589482493894338,
  "umap2": 0.6420447182052085
}