{
  "umap1": 9.017634391784668,
  "umap2": 4.522957801818848
}