{
  "umap1": 13.437970161437988,
  "umap2": 3.403142213821411
}