{
  "No direct optim ancestor": "None",
  "umap1": 0.3119179494913037,
  "umap2": 0.7974648719369805
}