{
  "umap1": 0.7539061083058597,
  "umap2": 0.9666623041810511
}