{
  "umap1": 12.274175643920898,
  "umap2": 2.949066400527954
}