{
  "umap1": 14.330678939819336,
  "umap2": 5.641756534576416
}