{
  "umap1": 0.6205100160448611,
  "umap2": 0.19133172309013036
}