{
  "No direct optim ancestor": "None",
  "umap1": 0.07650812983963329,
  "umap2": 0.4385158485162476
}