{
  "umap1": 0.40855896201330866,
  "umap2": 0.7512725989047795
}