{
  "umap1": 2.845738410949707,
  "umap2": 10.514392852783203
}