{
  "No direct optim ancestor": "None",
  "umap1": 0.7894162668304197,
  "umap2": 0.9550017641032135
}