{
  "umap1": 12.073615074157715,
  "umap2": 1.9568493366241455
}