{
  "umap1": 0.48629829600077745,
  "umap2": 0.7708569549590257
}