{
  "umap1": 2.812297821044922,
  "umap2": 10.77972412109375
}