{
  "umap1": 0.056354530153036264,
  "umap2": 0.9700345176844652
}