{
  "umap1": 0.4927287309225714,
  "umap2": 0.03084971050153651
}