{
  "No direct optim ancestor": "None",
  "umap1": 0.1452811097493949,
  "umap2": 0.2934879165640276
}