{
  "umap1": 8.3358793258667,
  "umap2": 7.271121978759766
}