{
  "umap1": 8.740456581115723,
  "umap2": 5.368804931640625
}