{
  "No direct optim ancestor": "None",
  "umap1": 0.4262272947123411,
  "umap2": 0.6273393287877778
}