{
  "umap1": 0.6187047856372063,
  "umap2": 0.10781520779542275
}