{
  "umap1": 11.294853210449219,
  "umap2": 1.4236847162246704
}