{
  "umap1": 12.750361442565918,
  "umap2": 7.197091579437256
}