{
  "umap1": 0.24835641228973426,
  "umap2": 0.5794250258554661
}