{
  "No direct optim ancestor": "None",
  "umap1": 0.1608356078841311,
  "umap2": 0.5518042926563966
}