{
  "umap1": 10.634706497192383,
  "umap2": 1.441309928894043
}