{
  "No direct optim ancestor": "None",
  "umap1": 0.5013839606457793,
  "umap2": 0.8659797562672367
}