{
  "umap1": 0.30136925141289816,
  "umap2": 0.4683878742057309
}