{
  "umap1": 10.961271286010742,
  "umap2": 1.441929578781128
}