{
  "umap1": 0.27499802207962654,
  "umap2": 0.08470813129918886
}