{
  "No direct optim ancestor": "None",
  "umap1": 0.977251361988139,
  "umap2": 0.8834536888616195
}