{
  "umap1": 0.33028743233429403,
  "umap2": 0.8471318668798313
}