{
  "umap1": 0.39553080405356544,
  "umap2": 0.636201160067394
}