{
  "umap1": 12.700977325439453,
  "umap2": 6.8313140869140625
}