{
  "umap1": 9.905930519104004,
  "umap2": 2.056964874267578
}