{
  "umap1": 0.9388976372333484,
  "umap2": 0.12623625191341903
}