{
  "No direct optim ancestor": "None",
  "umap1": 0.47158089444654316,
  "umap2": 0.43365502384654797
}