{
  "umap1": 13.664778709411621,
  "umap2": 7.160232067108154
}