{
  "umap1": 1.3705710172653198,
  "umap2": 10.044453620910645
}