{
  "umap1": 0.5632194533787508,
  "umap2": 0.3584732761834716
}