{
  "umap1": 13.659048080444336,
  "umap2": 5.59235143661499
}