{
  "umap1": 0.9345135010541924,
  "umap2": 0.20537524190973966
}