{
  "umap1": 0.5222127651806713,
  "umap2": 0.9988839131252377
}