{
  "No direct optim ancestor": "None",
  "umap1": 0.8023856373447418,
  "umap2": 0.06878938414525415
}