{
  "No direct optim ancestor": "None",
  "umap1": 0.7704781330838683,
  "umap2": 0.5182337028239096
}