{
  "umap1": 0.14669086434579626,
  "umap2": 0.8861540911193979
}