{
  "umap1": 0.383445906952563,
  "umap2": 0.6778839292853075
}