{
  "umap1": 13.743681907653809,
  "umap2": 2.050680637359619
}