{
  "No direct optim ancestor": "None",
  "umap1": 0.6287720878897469,
  "umap2": 0.20506049173411078
}