{
  "umap1": 3.6386916637420654,
  "umap2": 10.12913703918457
}