{
  "umap1": 0.7355330778045418,
  "umap2": 0.44772105474586443
}