{
  "umap1": 3.78831148147583,
  "umap2": 9.874046325683594
}