{
  "umap1": 9.550149917602539,
  "umap2": 2.568180561065674
}