{
  "umap1": 0.7466175177631877,
  "umap2": 0.7747311183554284
}