{
  "No direct optim ancestor": "None",
  "umap1": 0.7873177363293198,
  "umap2": 0.9866018769003007
}