{
  "umap1": 0.5605603612591739,
  "umap2": 0.21529391506495132
}