{
  "umap1": 11.474431037902832,
  "umap2": 3.5845229625701904
}