{
  "umap1": 0.011065870075550488,
  "umap2": 0.9849085757276987
}