{
  "umap1": 1.1574597358703613,
  "umap2": 9.62238883972168
}