{
  "umap1": 0.18085046322336995,
  "umap2": 0.6215845421347064
}