{
  "No direct optim ancestor": "None",
  "umap1": 0.20792340640757145,
  "umap2": 0.08008879910708744
}