{
  "umap1": 11.357854843139648,
  "umap2": 1.8113888502120972
}