{
  "No direct optim ancestor": "None",
  "umap1": 0.41084114838599695,
  "umap2": 0.7955805292901951
}