{
  "umap1": 0.8918169763542914,
  "umap2": 0.2837156022983732
}