{
  "umap1": 0.94811934399519,
  "umap2": 0.8017019246675495
}