{
  "umap1": 7.354494094848633,
  "umap2": 5.8394575119018555
}