{
  "umap1": 13.709254264831543,
  "umap2": 2.2965803146362305
}