{
  "No direct optim ancestor": "None",
  "umap1": 0.14641374143573616,
  "umap2": 0.7740680007401151
}