{
  "umap1": 0.9373438811063345,
  "umap2": 0.49695545470572755
}