{
  "umap1": 0.46657720672044534,
  "umap2": 0.5654468782972218
}