{
  "umap1": 0.08776792826828772,
  "umap2": 0.5497534289973155
}