{
  "No direct optim ancestor": "None",
  "umap1": 0.674649404654868,
  "umap2": 0.8751003168611764
}