{
  "umap1": 13.15475845336914,
  "umap2": 2.1952106952667236
}