{
  "umap1": 0.9732515886830566,
  "umap2": 0.05073985903604672
}