{
  "umap1": 10.6925687789917,
  "umap2": 4.515483379364014
}