{
  "umap1": 9.883525848388672,
  "umap2": 5.521665096282959
}