{
  "umap1": 8.016948699951172,
  "umap2": 8.877509117126465
}