{
  "umap1": 0.5978589088505073,
  "umap2": 0.5644870649382696
}