{
  "umap1": 0.04040381739798271,
  "umap2": 0.8950101257088822
}