{
  "umap1": 13.344992637634277,
  "umap2": 3.9867231845855713
}