{
  "umap1": 13.13201904296875,
  "umap2": 3.2578377723693848
}