{
  "No direct optim ancestor": "None",
  "umap1": 0.08103541773316747,
  "umap2": 0.8852040514579528
}