{
  "umap1": 0.45799370434259323,
  "umap2": 0.05251008041583727
}