{
  "No direct optim ancestor": "None",
  "umap1": 0.033332412486880014,
  "umap2": 0.016013743889471965
}