{
  "umap1": 0.9795875993092961,
  "umap2": 0.4324348647442977
}