{
  "No direct optim ancestor": "None",
  "umap1": 0.8818940330442524,
  "umap2": 0.010587682046048319
}