{
  "umap1": 0.0023123861566316517,
  "umap2": 0.6686005224749284
}