{
  "umap1": 8.025309562683105,
  "umap2": 8.905023574829102
}