{
  "umap1": 12.688905715942383,
  "umap2": 5.538790225982666
}