{
  "umap1": 3.197730779647827,
  "umap2": 10.522486686706543
}