{
  "umap1": 0.6614465051761637,
  "umap2": 0.20159916342369189
}