{
  "umap1": 0.8524451681037472,
  "umap2": 0.46630673498559005
}