{
  "No direct optim ancestor": "None",
  "umap1": 0.3279765413736636,
  "umap2": 0.6067921513265093
}