{
  "umap1": 0.9723660756177996,
  "umap2": 0.11987729312449724
}