{
  "No direct optim ancestor": "None",
  "umap1": 0.8736200147128742,
  "umap2": 0.9779462574368551
}