{
  "umap1": 0.1585902645367322,
  "umap2": 0.7420296215310708
}