{
  "umap1": 0.37279585477314203,
  "umap2": 0.49899291623751574
}