{
  "No direct optim ancestor": "None",
  "umap1": 0.9189031774796858,
  "umap2": 0.5277613695966482
}