{
  "umap1": 0.7393263153962768,
  "umap2": 0.5657070421231017
}