{
  "umap1": 10.67503547668457,
  "umap2": 3.2317333221435547
}