{
  "No direct optim ancestor": "None",
  "umap1": 0.2390010222683684,
  "umap2": 0.5065298284210485
}