{
  "umap1": 0.12372189843365455,
  "umap2": 0.9562899580586789
}