{
  "umap1": 12.705403327941895,
  "umap2": 3.142582416534424
}