{
  "No direct optim ancestor": "None",
  "umap1": 0.5202253117181118,
  "umap2": 0.3430774669199981
}