{
  "umap1": 12.43797492980957,
  "umap2": 1.7351651191711426
}