{
  "umap1": 0.4425168063262227,
  "umap2": 0.39406543673372607
}