{
  "umap1": 0.7649915450536398,
  "umap2": 0.8034988246682456
}