{
  "No direct optim ancestor": "None",
  "umap1": 0.3471033634993489,
  "umap2": 0.4619765200497131
}