{
  "umap1": 0.04344659126060024,
  "umap2": 0.09899625753212815
}