{
  "No direct optim ancestor": "None",
  "umap1": 0.7279040736056097,
  "umap2": 0.45646381519321244
}