{
  "umap1": 0.31776426804386204,
  "umap2": 0.668604224960184
}