{
  "No direct optim ancestor": "None",
  "umap1": 0.8425437634587905,
  "umap2": 0.11809125466772386
}