{
  "umap1": 3.162165403366089,
  "umap2": 10.586400032043457
}