{
  "umap1": 10.844335556030273,
  "umap2": 2.0835955142974854
}