{
  "umap1": 0.05521159343899562,
  "umap2": 0.32548725484479246
}