{
  "No direct optim ancestor": "None",
  "umap1": 0.5086128547405226,
  "umap2": 0.2604033094962951
}