{
  "umap1": 12.607027053833008,
  "umap2": 3.9203312397003174
}