{
  "umap1": 0.9524592662529816,
  "umap2": 0.9003151025233482
}