{
  "umap1": 11.574201583862305,
  "umap2": 1.4403046369552612
}