{
  "umap1": 3.3621156215667725,
  "umap2": 10.070733070373535
}