{
  "No direct optim ancestor": "None",
  "umap1": 0.5735570465910255,
  "umap2": 0.10803014171245606
}