{
  "umap1": 11.439422607421875,
  "umap2": 2.264827251434326
}