{
  "umap1": 0.5068981647241002,
  "umap2": 0.1660326817667902
}