{
  "umap1": 9.313455581665039,
  "umap2": 3.362367868423462
}