{
  "No direct optim ancestor": "None",
  "umap1": 0.9653005920759042,
  "umap2": 0.31186080162209184
}