{
  "umap1": 0.2987639785935984,
  "umap2": 0.6245224648227469
}