{
  "umap1": 0.6115943802275303,
  "umap2": 0.986985726300612
}