{
  "umap1": 12.451017379760742,
  "umap2": 4.248651504516602
}