{
  "umap1": 12.440756797790527,
  "umap2": 4.486225605010986
}