{
  "No direct optim ancestor": "None",
  "umap1": 0.2651016078339403,
  "umap2": 0.2157854370055038
}