{
  "umap1": 0.11821285822675409,
  "umap2": 0.9843066901071282
}