{
  "No direct optim ancestor": "None",
  "umap1": 0.4825506081750057,
  "umap2": 0.29955632837390656
}