{
  "umap1": 0.380070664062666,
  "umap2": 0.786458810457285
}