{
  "umap1": 11.196980476379395,
  "umap2": 1.9522029161453247
}