{
  "No direct optim ancestor": "None",
  "umap1": 0.020508849328270573,
  "umap2": 0.647731863559038
}