{
  "umap1": 0.438828031028624,
  "umap2": 0.6910822093197816
}