{
  "umap1": 12.442224502563477,
  "umap2": 2.5759317874908447
}