{
  "umap1": 3.1086204051971436,
  "umap2": 10.344274520874023
}