{
  "umap1": 10.255852699279785,
  "umap2": 2.607212781906128
}