{
  "umap1": 0.12009656720131134,
  "umap2": 0.7018317008174747
}