{
  "No direct optim ancestor": "None",
  "umap1": 0.7819809037244527,
  "umap2": 0.7545512602428621
}