{
  "No direct optim ancestor": "None",
  "umap1": 0.13302721339555823,
  "umap2": 0.4590822031121149
}