{
  "umap1": 0.7055673516740019,
  "umap2": 0.9250811720828181
}