{
  "No direct optim ancestor": "None",
  "umap1": 0.05290826909396984,
  "umap2": 0.10318647867985398
}