{
  "umap1": 0.2619273982429492,
  "umap2": 0.6289734435147405
}