{
  "No direct optim ancestor": "None",
  "umap1": 0.35372599048125775,
  "umap2": 0.40539654571387895
}