{
  "umap1": 0.029663005877208604,
  "umap2": 0.9071998935901548
}