{
  "umap1": 13.811681747436523,
  "umap2": 6.464788913726807
}