{
  "umap1": 0.9342037832039062,
  "umap2": 0.34626893933505143
}