{
  "umap1": 3.0512382984161377,
  "umap2": 10.45389461517334
}