{
  "umap1": 0.3941705828422859,
  "umap2": 0.3072017591597972
}