{
  "No direct optim ancestor": "None",
  "umap1": 0.5590474650560996,
  "umap2": 0.5537554861338406
}