{
  "umap1": 10.704133033752441,
  "umap2": 1.3904677629470825
}