{
  "umap1": 12.443114280700684,
  "umap2": 3.4145424365997314
}