{
  "umap1": 0.05691147658635043,
  "umap2": 0.534324285871177
}