{
  "umap1": 1.400633454322815,
  "umap2": 10.015925407409668
}