{
  "umap1": 7.997386932373047,
  "umap2": 8.88538932800293
}