{
  "umap1": 0.11636537975634598,
  "umap2": 0.8401416145657733
}