{
  "No direct optim ancestor": "None",
  "umap1": 0.9592191551089629,
  "umap2": 0.5183047260906635
}