{
  "umap1": 13.275614738464355,
  "umap2": 3.0490126609802246
}