{
  "umap1": 0.7629805668445816,
  "umap2": 0.1619037776421488
}