{
  "No direct optim ancestor": "None",
  "umap1": 0.9479202473209237,
  "umap2": 0.33334058729831895
}