{
  "umap1": 13.01672649383545,
  "umap2": 1.6898635625839233
}