{
  "umap1": 0.599059455349584,
  "umap2": 0.19800069958822974
}