{
  "umap1": 5.032841682434082,
  "umap2": 10.73265266418457
}