{
  "umap1": 0.428448189557326,
  "umap2": 0.9633738181048935
}