{
  "umap1": 0.15268138266504905,
  "umap2": 0.7294045558657174
}