{
  "umap1": 12.124519348144531,
  "umap2": 3.322113275527954
}