{
  "No direct optim ancestor": "None",
  "umap1": 0.4881544663126357,
  "umap2": 0.8440661390962281
}