{
  "umap1": 0.27247922687046866,
  "umap2": 0.8785872046696744
}