{
  "No direct optim ancestor": "None",
  "umap1": 0.4681779000100893,
  "umap2": 0.7802035477229631
}