{
  "umap1": 13.304888725280762,
  "umap2": 4.70778226852417
}