{
  "umap1": 13.967005729675293,
  "umap2": 5.458011150360107
}