{
  "umap1": 0.3685518317346851,
  "umap2": 0.9804343617707586
}