{
  "No direct optim ancestor": "None",
  "umap1": 0.7445496141663169,
  "umap2": 0.3410307820482126
}