{
  "umap1": 0.997407206906984,
  "umap2": 0.473408618721359
}