{
  "umap1": 3.79411244392395,
  "umap2": 10.009063720703125
}