{
  "umap1": 3.690340042114258,
  "umap2": 10.233570098876953
}