{
  "umap1": 0.8255741330466263,
  "umap2": 0.6156128700599325
}