{
  "umap1": 12.58621883392334,
  "umap2": 6.596246719360352
}