{
  "umap1": 9.878591537475586,
  "umap2": 1.688320279121399
}