{
  "umap1": 0.9150692485810032,
  "umap2": 0.17471837319001837
}