{
  "No direct optim ancestor": "None",
  "umap1": 0.30220358136444203,
  "umap2": 0.8068962296463037
}