{
  "No direct optim ancestor": "None",
  "umap1": 0.9550041115723348,
  "umap2": 0.2496107960790167
}