{
  "umap1": 0.11304235920761241,
  "umap2": 0.529703470867123
}