{
  "No direct optim ancestor": "None",
  "umap1": 0.16843071819461908,
  "umap2": 0.2549122704442357
}