{
  "umap1": 0.2684818653013593,
  "umap2": 0.44095239361514815
}