{
  "umap1": 11.249065399169922,
  "umap2": 3.6749367713928223
}