{
  "umap1": 12.855132102966309,
  "umap2": 4.66312313079834
}