{
  "umap1": 12.343852043151855,
  "umap2": 5.752295970916748
}