{
  "umap1": 12.54598331451416,
  "umap2": 2.775777816772461
}