{
  "umap1": 0.8272558333622523,
  "umap2": 0.1016524312386965
}