{
  "umap1": 2.8077287673950195,
  "umap2": 10.55523681640625
}