{
  "umap1": 7.963357925415039,
  "umap2": 8.875455856323242
}