{
  "umap1": 0.9689204767865995,
  "umap2": 0.00488611237168135
}