{
  "No direct optim ancestor": "None",
  "umap1": 0.9145852176187562,
  "umap2": 0.48747998547585825
}