{
  "umap1": 14.123659133911133,
  "umap2": 5.322685718536377
}