{
  "No direct optim ancestor": "None",
  "umap1": 0.38641076752766057,
  "umap2": 0.10641843557448694
}