{
  "umap1": 0.3710416229189848,
  "umap2": 0.8289611092495628
}