{
  "umap1": 3.6013333797454834,
  "umap2": 9.982396125793457
}