{
  "umap1": 0.28111841541388816,
  "umap2": 0.833896638599604
}