{
  "umap1": 4.948955059051514,
  "umap2": 10.75471019744873
}