{
  "No direct optim ancestor": "None",
  "umap1": 0.05391025730732735,
  "umap2": 0.009416848976299796
}