{
  "umap1": 0.6598883369901132,
  "umap2": 0.9843156375085035
}