{
  "umap1": 3.6820743083953857,
  "umap2": 9.900651931762695
}