{
  "umap1": 0.8689929365224468,
  "umap2": 0.4223638597683578
}