{
  "No direct optim ancestor": "None",
  "umap1": 0.8197843011023025,
  "umap2": 0.08235543047383431
}