{
  "umap1": 0.6351286429672632,
  "umap2": 0.25405050540619034
}