{
  "No direct optim ancestor": "None",
  "umap1": 0.5598187557167535,
  "umap2": 0.3294207707946446
}