{
  "umap1": 0.09076856635877795,
  "umap2": 0.17006690117667078
}