{
  "umap1": 0.24056131175152007,
  "umap2": 0.8409241880389655
}