{
  "No direct optim ancestor": "None",
  "umap1": 0.4215791213022251,
  "umap2": 0.03347316314142079
}