{
  "umap1": 10.557175636291504,
  "umap2": 1.2316867113113403
}