{
  "No direct optim ancestor": "None",
  "umap1": 0.562445889802225,
  "umap2": 0.6167937440483764
}