{
  "umap1": 0.8472747450036322,
  "umap2": 0.9464790919114653
}