{
  "umap1": 4.880061149597168,
  "umap2": 10.860727310180664
}