{
  "No direct optim ancestor": "None",
  "umap1": 0.4616402492006243,
  "umap2": 0.37226085908602025
}