{
  "umap1": 10.255455017089844,
  "umap2": 5.720280647277832
}