{
  "umap1": 0.2739993203346194,
  "umap2": 0.5630977683670455
}