{
  "umap1": 3.7032618522644043,
  "umap2": 10.31651782989502
}