{
  "umap1": 0.283388508261613,
  "umap2": 0.3529783988421793
}