{
  "umap1": 0.8762903043500855,
  "umap2": 0.7534468957279229
}