{
  "umap1": 11.612833976745605,
  "umap2": 1.7914773225784302
}