{
  "No direct optim ancestor": "None",
  "umap1": 0.2795189503514809,
  "umap2": 0.3932353794505432
}