{
  "umap1": 0.3453170120208805,
  "umap2": 0.4968998797131041
}