{
  "umap1": 3.0352931022644043,
  "umap2": 10.460040092468262
}