{
  "umap1": 0.562332554618593,
  "umap2": 0.6049368058455883
}