{
  "umap1": 7.675833225250244,
  "umap2": 5.66054105758667
}