{
  "No direct optim ancestor": "None",
  "umap1": 0.9019611097084165,
  "umap2": 0.2754198610231966
}