{
  "umap1": 0.7939738087842447,
  "umap2": 0.5012096011161695
}