{
  "umap1": 0.7833098866321552,
  "umap2": 0.6060578476682191
}