{
  "No direct optim ancestor": "None",
  "umap1": 0.11240092787963529,
  "umap2": 0.805618601847623
}