{
  "umap1": 9.569852828979492,
  "umap2": 5.863751411437988
}