{
  "umap1": 0.42769064391546585,
  "umap2": 0.45693964636573303
}