{
  "umap1": 2.758239269256592,
  "umap2": 10.681486129760742
}