{
  "umap1": 0.18136117088489578,
  "umap2": 0.14151064702811234
}