{
  "umap1": 14.377470016479492,
  "umap2": 5.443653583526611
}