{
  "No direct optim ancestor": "None",
  "umap1": 0.35348643346779307,
  "umap2": 0.5418825262379916
}