{
  "umap1": 0.20653215501459765,
  "umap2": 0.3033325197401908
}