{
  "umap1": 0.528883570528531,
  "umap2": 0.2944345863709492
}