{
  "umap1": 11.715201377868652,
  "umap2": 2.912184476852417
}