{
  "No direct optim ancestor": "None",
  "umap1": 0.41804968316880575,
  "umap2": 0.8088265689863842
}