{
  "umap1": 0.4117623137954234,
  "umap2": 0.7550425366600385
}