{
  "No direct optim ancestor": "None",
  "umap1": 0.2555733853190696,
  "umap2": 0.5753768781452647
}