{
  "umap1": 8.772553443908691,
  "umap2": 5.724356651306152
}