{
  "umap1": 0.3166406702333978,
  "umap2": 0.960626854106017
}