{
  "No direct optim ancestor": "None",
  "umap1": 0.5896661024765812,
  "umap2": 0.1079934423255634
}