{
  "umap1": 13.930167198181152,
  "umap2": 2.3492860794067383
}