{
  "No direct optim ancestor": "None",
  "umap1": 0.24747212123870543,
  "umap2": 0.8579639360880389
}