{
  "umap1": 0.24547500925568133,
  "umap2": 0.46844724978581576
}