{
  "No direct optim ancestor": "None",
  "umap1": 0.5093789745464877,
  "umap2": 0.3067452443778128
}