{
  "umap1": 0.6403357221183975,
  "umap2": 0.42747416233822366
}