{
  "umap1": 0.3097543987860879,
  "umap2": 0.5900138401907694
}