{
  "No direct optim ancestor": "None",
  "umap1": 0.25597360852356155,
  "umap2": 0.8322206109310959
}