{
  "umap1": 12.898159980773926,
  "umap2": 4.444728851318359
}