{
  "umap1": 0.5449596092045426,
  "umap2": 0.47558681241348477
}