{
  "No direct optim ancestor": "None",
  "umap1": 0.01945161233917536,
  "umap2": 0.4310651389622022
}