{
  "umap1": 9.799281120300293,
  "umap2": 3.0982658863067627
}