{
  "umap1": 9.98344898223877,
  "umap2": 2.6280930042266846
}