{
  "umap1": 3.4282021522521973,
  "umap2": 10.033174514770508
}