{
  "umap1": 9.134450912475586,
  "umap2": 5.847026824951172
}