{
  "umap1": 13.450753211975098,
  "umap2": 2.4018466472625732
}