{
  "No direct optim ancestor": "None",
  "umap1": 0.39772041863224084,
  "umap2": 0.4416451842305661
}