{
  "umap1": 13.079035758972168,
  "umap2": 2.672290086746216
}