{
  "umap1": 0.729692399197821,
  "umap2": 0.5718106432231295
}