{
  "umap1": 0.25337998968803155,
  "umap2": 0.5034951713539838
}