{
  "umap1": 10.595056533813477,
  "umap2": 5.0563273429870605
}