{
  "umap1": 0.5115477773813509,
  "umap2": 0.7074211830636864
}