{
  "No direct optim ancestor": "None",
  "umap1": 0.557230638959207,
  "umap2": 0.6146192230245894
}