{
  "umap1": 13.125042915344238,
  "umap2": 3.270350933074951
}