{
  "umap1": 13.487821578979492,
  "umap2": 5.9516801834106445
}