{
  "No direct optim ancestor": "None",
  "umap1": 0.31595951282048973,
  "umap2": 0.8575936950286543
}