{
  "umap1": 0.8768945970226163,
  "umap2": 0.0695414100917009
}