{
  "No direct optim ancestor": "None",
  "umap1": 0.22280248571606032,
  "umap2": 0.7661549796007712
}