{
  "umap1": 0.660648757055855,
  "umap2": 0.08470509166578166
}