{
  "umap1": 0.2997611869700414,
  "umap2": 0.10512958547567886
}