{
  "umap1": 0.07080038940957256,
  "umap2": 0.7425626276305117
}