{
  "No direct optim ancestor": "None",
  "umap1": 0.33665764476838356,
  "umap2": 0.674633162712652
}