{
  "umap1": 12.809077262878418,
  "umap2": 2.4197731018066406
}