{
  "No direct optim ancestor": "None",
  "umap1": 0.3901224601817431,
  "umap2": 0.22220765203851844
}