{
  "umap1": 0.4205415027851249,
  "umap2": 0.2833619786583371
}