{
  "umap1": 0.4220120807614084,
  "umap2": 0.1433983907128169
}