{
  "No direct optim ancestor": "None",
  "umap1": 0.12058628283627637,
  "umap2": 0.7700769888435275
}