{
  "umap1": 0.9205569118059485,
  "umap2": 0.2289235462111695
}