{
  "umap1": 12.916082382202148,
  "umap2": 6.7841386795043945
}