{
  "umap1": 11.444232940673828,
  "umap2": 3.65384840965271
}