{
  "umap1": 0.6426013209246503,
  "umap2": 0.5645922864169963
}