{
  "umap1": 13.749567031860352,
  "umap2": 5.306194305419922
}