{
  "No direct optim ancestor": "None",
  "umap1": 0.78089758916686,
  "umap2": 0.3345062764375418
}