{
  "No direct optim ancestor": "None",
  "umap1": 0.6580216291012958,
  "umap2": 0.31626878050204044
}