{
  "umap1": 0.13438642385433197,
  "umap2": 0.5215784891307698
}