{
  "umap1": 12.576679229736328,
  "umap2": 7.583341121673584
}