{
  "umap1": 12.948906898498535,
  "umap2": 7.436610221862793
}