{
  "umap1": 0.014678532472940486,
  "umap2": 0.7154485211217149
}