{
  "No direct optim ancestor": "None",
  "umap1": 0.4077047564437053,
  "umap2": 0.5809942557214954
}