{
  "umap1": 9.055395126342773,
  "umap2": 7.024972915649414
}