{
  "umap1": 0.006965003556257288,
  "umap2": 0.6566433693157173
}