{
  "umap1": 9.324904441833496,
  "umap2": 2.8500301837921143
}