{
  "No direct optim ancestor": "None",
  "umap1": 0.8246956104496662,
  "umap2": 0.20583617073031668
}