{
  "umap1": 0.17927219736810518,
  "umap2": 0.03860553104111719
}