{
  "umap1": 10.787166595458984,
  "umap2": 1.6207975149154663
}