{
  "No direct optim ancestor": "None",
  "umap1": 0.10927385708984183,
  "umap2": 0.4179468720032835
}