{
  "umap1": 3.524149179458618,
  "umap2": 10.327186584472656
}