{
  "umap1": 13.899896621704102,
  "umap2": 2.3442740440368652
}