{
  "umap1": 0.8964610436671043,
  "umap2": 0.4587253163897794
}