{
  "No direct optim ancestor": "None",
  "umap1": 0.8005489652964447,
  "umap2": 0.22539118256733515
}