{
  "umap1": 1.2572848796844482,
  "umap2": 9.920699119567871
}