{
  "No direct optim ancestor": "None",
  "umap1": 0.9159735893423054,
  "umap2": 0.2699270476166099
}