{
  "umap1": 0.020968426385637673,
  "umap2": 0.6091018990845871
}