{
  "umap1": 11.046183586120605,
  "umap2": 1.4810923337936401
}