{
  "umap1": 0.7490207445484443,
  "umap2": 0.10113144918048222
}