{
  "umap1": 1.0778919458389282,
  "umap2": 9.664400100708008
}