{
  "umap1": 0.6209529591221229,
  "umap2": 0.09808133768478533
}