{
  "umap1": 3.5044562816619873,
  "umap2": 10.263221740722656
}