{
  "umap1": 3.8887157440185547,
  "umap2": 9.891749382019043
}