{
  "umap1": 1.3551595211029053,
  "umap2": 10.039877891540527
}