{
  "umap1": 13.017324447631836,
  "umap2": 4.498700141906738
}