{
  "umap1": 0.9745015757800253,
  "umap2": 0.5103532155959872
}