{
  "No direct optim ancestor": "None",
  "umap1": 0.9964095560474473,
  "umap2": 0.7752036701922665
}