{
  "umap1": 0.6326180104639828,
  "umap2": 0.6380715115833887
}