{
  "No direct optim ancestor": "None",
  "umap1": 0.9798750022046494,
  "umap2": 0.652885715731719
}