{
  "No direct optim ancestor": "None",
  "umap1": 0.00467547243839217,
  "umap2": 0.8556199543007095
}