{
  "umap1": 11.8006010055542,
  "umap2": 2.7757623195648193
}