{
  "umap1": 0.09342211940084355,
  "umap2": 0.7752232070324763
}