{
  "umap1": 1.034090518951416,
  "umap2": 9.71772289276123
}