{
  "umap1": 0.49100719402518034,
  "umap2": 0.0783210294542438
}