{
  "umap1": 11.34664249420166,
  "umap2": 1.605281949043274
}