{
  "umap1": 0.4565698880414847,
  "umap2": 0.6056382339056775
}