{
  "umap1": 1.496062159538269,
  "umap2": 10.007314682006836
}