{
  "umap1": 8.112571716308594,
  "umap2": 8.924771308898926
}