{
  "No direct optim ancestor": "None",
  "umap1": 0.627400654311329,
  "umap2": 0.44093377581545146
}