{
  "umap1": 0.6491084626660494,
  "umap2": 0.4895281150974088
}