{
  "umap1": 13.314050674438477,
  "umap2": 5.266817092895508
}