{
  "umap1": 7.980506896972656,
  "umap2": 8.879273414611816
}