{
  "umap1": 1.4458458423614502,
  "umap2": 10.037337303161621
}