{
  "umap1": 3.7957987785339355,
  "umap2": 9.898262023925781
}