{
  "umap1": 0.5551855595550372,
  "umap2": 0.21414439279658393
}