{
  "umap1": 7.310492515563965,
  "umap2": 5.86978006362915
}