{
  "umap1": 0.7653723608545996,
  "umap2": 0.11724121493247752
}