{
  "No direct optim ancestor": "None",
  "umap1": 0.5930999728910348,
  "umap2": 0.7323825147685293
}