{
  "umap1": 10.48570728302002,
  "umap2": 7.386721134185791
}