{
  "No direct optim ancestor": "None",
  "umap1": 0.10836328983480259,
  "umap2": 0.9829750658934532
}