{
  "umap1": 12.450727462768555,
  "umap2": 2.5881264209747314
}