{
  "umap1": 0.9634964596625464,
  "umap2": 0.6032815968573066
}