{
  "No direct optim ancestor": "None",
  "umap1": 0.5148149205148875,
  "umap2": 0.697663908524281
}