{
  "umap1": 13.809322357177734,
  "umap2": 2.6760306358337402
}