{
  "umap1": 0.6091888612423866,
  "umap2": 0.3273775015509922
}