{
  "umap1": 10.0867919921875,
  "umap2": 2.6680705547332764
}