{
  "umap1": 13.153475761413574,
  "umap2": 1.814158320426941
}