{
  "umap1": 12.708192825317383,
  "umap2": 2.6977310180664062
}