{
  "umap1": 0.6504425717532327,
  "umap2": 0.2965009472893364
}