{
  "umap1": 9.468091011047363,
  "umap2": 5.295083045959473
}