{
  "No direct optim ancestor": "None",
  "umap1": 0.08598485802519285,
  "umap2": 0.7837104527129098
}