{
  "umap1": 0.3899872806605571,
  "umap2": 0.33798514327489726
}