{
  "No direct optim ancestor": "None",
  "umap1": 0.622549426720765,
  "umap2": 0.24021763027860565
}