{
  "No direct optim ancestor": "None",
  "umap1": 0.6207934242218822,
  "umap2": 0.23107364036699463
}