{
  "umap1": 0.21906372399672858,
  "umap2": 0.023448391078414343
}