{
  "umap1": 0.9744991107458159,
  "umap2": 0.3399452284773078
}