{
  "No direct optim ancestor": "None",
  "umap1": 0.8163513679229955,
  "umap2": 0.7966602084400366
}