{
  "umap1": 0.7638903952672566,
  "umap2": 0.5752411936803628
}