{
  "No direct optim ancestor": "None",
  "umap1": 0.6300713111563939,
  "umap2": 0.06149136253499987
}