{
  "umap1": 10.667939186096191,
  "umap2": 2.540680170059204
}