{
  "umap1": 0.16547895325430373,
  "umap2": 0.02616439076128152
}