{
  "No direct optim ancestor": "None",
  "umap1": 0.12543250859837562,
  "umap2": 0.06452902109522418
}