{
  "umap1": 11.006696701049805,
  "umap2": 1.4823495149612427
}