{
  "umap1": 0.7349644828808145,
  "umap2": 0.43179525693672705
}