{
  "umap1": 13.766538619995117,
  "umap2": 2.2830238342285156
}