{
  "umap1": 0.23514312218176514,
  "umap2": 0.10045254388793279
}