{
  "umap1": 10.363279342651367,
  "umap2": 4.265345573425293
}