{
  "umap1": 0.6408676635663861,
  "umap2": 0.7030387634870277
}