{
  "No direct optim ancestor": "None",
  "umap1": 0.8784039891619085,
  "umap2": 0.9698334120610146
}