{
  "No direct optim ancestor": "None",
  "umap1": 0.8084903907258915,
  "umap2": 0.6830680403479652
}