{
  "umap1": 0.0943307817527752,
  "umap2": 0.08976605347085698
}