{
  "umap1": 11.985549926757812,
  "umap2": 5.333504676818848
}