{
  "umap1": 9.056127548217773,
  "umap2": 7.038282871246338
}