{
  "No direct optim ancestor": "None",
  "umap1": 0.3937706942825443,
  "umap2": 0.2220201289910202
}