{
  "umap1": 9.551481246948242,
  "umap2": 1.711656093597412
}