{
  "umap1": 0.2937700379945103,
  "umap2": 0.7740816618073961
}