{
  "umap1": 0.8736019480544638,
  "umap2": 0.9252815239507894
}