{
  "umap1": 12.564085006713867,
  "umap2": 3.3044581413269043
}