{
  "No direct optim ancestor": "None",
  "umap1": 0.03036166992995948,
  "umap2": 0.9844175282399172
}