{
  "No direct optim ancestor": "None",
  "umap1": 0.7582623237198947,
  "umap2": 0.23719570563196157
}