{
  "umap1": 0.6837851314965522,
  "umap2": 0.28882459559232
}