{
  "umap1": 9.737757682800293,
  "umap2": 3.462042808532715
}