{
  "No direct optim ancestor": "None",
  "umap1": 0.381358497660772,
  "umap2": 0.014692307504292179
}