{
  "umap1": 0.9757190002898813,
  "umap2": 0.3508555345358173
}