{
  "umap1": 0.4083562218576957,
  "umap2": 0.21891125919216514
}