{
  "umap1": 2.7550106048583984,
  "umap2": 10.627601623535156
}