{
  "umap1": 13.747346878051758,
  "umap2": 5.540496349334717
}