{
  "umap1": 0.18325716428854855,
  "umap2": 0.9780438844191284
}