{
  "No direct optim ancestor": "None",
  "umap1": 0.7509139359966345,
  "umap2": 0.09072417276758993
}