{
  "umap1": 13.207995414733887,
  "umap2": 2.8087594509124756
}