{
  "umap1": 0.8639736411051949,
  "umap2": 0.9061411894037256
}