{
  "No direct optim ancestor": "None",
  "umap1": 0.8529472967558249,
  "umap2": 0.19013507132179197
}