{
  "umap1": 0.2205460014108762,
  "umap2": 0.9763177432853675
}