{
  "No direct optim ancestor": "None",
  "umap1": 0.9401055719345849,
  "umap2": 0.00443501117439038
}