{
  "umap1": 0.27670053540453166,
  "umap2": 0.8266206177789385
}