{
  "umap1": 13.41073989868164,
  "umap2": 2.5673282146453857
}