{
  "umap1": 0.9648017321454749,
  "umap2": 0.8315583028593145
}