{
  "umap1": 0.689369125029453,
  "umap2": 0.21870212537883682
}