{
  "No direct optim ancestor": "None",
  "umap1": 0.5826185959013717,
  "umap2": 0.5290854208191113
}