{
  "umap1": 11.781618118286133,
  "umap2": 3.9323575496673584
}