{
  "umap1": 0.6637000901943708,
  "umap2": 0.4264223009788908
}