{
  "No direct optim ancestor": "None",
  "umap1": 0.20461090808394866,
  "umap2": 0.33450938134385055
}