{
  "umap1": 0.3254151966022357,
  "umap2": 0.07148366740607548
}