{
  "umap1": 13.258956909179688,
  "umap2": 3.508498430252075
}