{
  "umap1": 11.73948860168457,
  "umap2": 2.482985258102417
}