{
  "umap1": 0.9624150811163312,
  "umap2": 0.1681461374518507
}