{
  "No direct optim ancestor": "None",
  "umap1": 0.7566074415069555,
  "umap2": 0.8725485731940236
}