{
  "umap1": 0.7067057372180683,
  "umap2": 0.16572235328337626
}