{
  "umap1": 10.144676208496094,
  "umap2": 1.602288007736206
}