{
  "No direct optim ancestor": "None",
  "umap1": 0.1968857598411201,
  "umap2": 0.8492833815250415
}