{
  "umap1": 10.579522132873535,
  "umap2": 3.0110745429992676
}