{
  "umap1": 0.5899460142911729,
  "umap2": 0.45039289788337145
}