{
  "No direct optim ancestor": "None",
  "umap1": 0.35781672094954176,
  "umap2": 0.7743885334625468
}