{
  "umap1": 12.316274642944336,
  "umap2": 1.9276014566421509
}