{
  "umap1": 13.900498390197754,
  "umap2": 6.04582405090332
}