{
  "umap1": 0.9504131553533869,
  "umap2": 0.10010292741569826
}