{
  "No direct optim ancestor": "None",
  "umap1": 0.9724598581863688,
  "umap2": 0.9844004526920341
}