{
  "umap1": 14.076364517211914,
  "umap2": 2.149188995361328
}