{
  "umap1": 0.9530533660882377,
  "umap2": 0.7048759132309028
}