{
  "No direct optim ancestor": "None",
  "umap1": 0.8206841686298534,
  "umap2": 0.05111245979487078
}