{
  "umap1": 14.145387649536133,
  "umap2": 2.2276968955993652
}