{
  "umap1": 0.2401864132156799,
  "umap2": 0.8456286514996633
}