{
  "No direct optim ancestor": "None",
  "umap1": 0.005125791373285837,
  "umap2": 0.9075716754548685
}