{
  "umap1": 10.253515243530273,
  "umap2": 3.069502592086792
}