{
  "No direct optim ancestor": "None",
  "umap1": 0.22045734764724234,
  "umap2": 0.30866169186085346
}