{
  "umap1": 0.5315465675486584,
  "umap2": 0.2806436561725908
}