{
  "umap1": 12.886284828186035,
  "umap2": 2.240888833999634
}