{
  "umap1": 8.708009719848633,
  "umap2": 5.190187931060791
}