{
  "umap1": 0.6324594218832975,
  "umap2": 0.9420064161639247
}