{
  "umap1": 0.2022466961242746,
  "umap2": 0.6982118063240075
}