{
  "No direct optim ancestor": "None",
  "umap1": 0.7417497699964622,
  "umap2": 0.5739522880940229
}