{
  "umap1": 11.412115097045898,
  "umap2": 1.4534744024276733
}