{
  "umap1": 0.3921456015418102,
  "umap2": 0.21200650238068863
}