{
  "umap1": 8.007749557495117,
  "umap2": 8.887621879577637
}