{
  "umap1": 4.8790998458862305,
  "umap2": 10.888608932495117
}