{
  "umap1": 13.20348834991455,
  "umap2": 2.2029190063476562
}