{
  "umap1": 13.612251281738281,
  "umap2": 1.819740653038025
}