{
  "umap1": 0.0008846203955853449,
  "umap2": 0.18828626690656947
}