{
  "umap1": 11.568076133728027,
  "umap2": 2.816265106201172
}