{
  "umap1": 12.322461128234863,
  "umap2": 1.9841909408569336
}