{
  "No direct optim ancestor": "None",
  "umap1": 0.000995203628257002,
  "umap2": 0.647914168381343
}