{
  "umap1": 0.29592669255475845,
  "umap2": 0.9134382065209767
}