{
  "No direct optim ancestor": "None",
  "umap1": 0.12450367404928597,
  "umap2": 0.9341376407724631
}