{
  "umap1": 0.6232563371595077,
  "umap2": 0.4632653769113897
}