{
  "umap1": 0.8693211902912632,
  "umap2": 0.22450088718150374
}