{
  "No direct optim ancestor": "None",
  "umap1": 0.3995639073250663,
  "umap2": 0.23857754021062905
}