{
  "umap1": 11.34089183807373,
  "umap2": 3.449033498764038
}