{
  "umap1": 0.26226367526664696,
  "umap2": 0.6109976116229915
}