{
  "umap1": 13.758727073669434,
  "umap2": 4.5653533935546875
}