{
  "No direct optim ancestor": "None",
  "umap1": 0.9878579561651823,
  "umap2": 0.28649434990991174
}