{
  "umap1": 0.14012961963545412,
  "umap2": 0.19162420889588572
}