{
  "umap1": 14.084897994995117,
  "umap2": 2.107410430908203
}