{
  "No direct optim ancestor": "None",
  "umap1": 0.8982867934865706,
  "umap2": 0.7921370027469027
}