{
  "umap1": 11.616250038146973,
  "umap2": 1.9947534799575806
}