{
  "umap1": 0.2517095230269384,
  "umap2": 0.014096146886438565
}