{
  "No direct optim ancestor": "None",
  "umap1": 0.4577330082468347,
  "umap2": 0.5168761034753597
}