{
  "umap1": 0.9533015135173305,
  "umap2": 0.4088971078268574
}