{
  "No direct optim ancestor": "None",
  "umap1": 0.7439827120941872,
  "umap2": 0.35356698822096655
}