{
  "umap1": 14.16507339477539,
  "umap2": 5.024668216705322
}