{
  "umap1": 11.425687789916992,
  "umap2": 3.3508400917053223
}