{
  "umap1": 13.641937255859375,
  "umap2": 4.870729923248291
}