{
  "umap1": 0.9249686833057412,
  "umap2": 0.5221726440485744
}