{
  "umap1": 3.7171430587768555,
  "umap2": 9.88306713104248
}