{
  "umap1": 9.715285301208496,
  "umap2": 3.6022276878356934
}