{
  "umap1": 0.06755102096757926,
  "umap2": 0.10538805759606917
}