{
  "umap1": 9.03084659576416,
  "umap2": 4.666250705718994
}