{
  "No direct optim ancestor": "None",
  "umap1": 0.9240184545084729,
  "umap2": 0.8823730551940995
}