{
  "umap1": 4.894860744476318,
  "umap2": 10.868733406066895
}