{
  "umap1": 0.8714096813139202,
  "umap2": 0.21320684308070903
}