{
  "No direct optim ancestor": "None",
  "umap1": 0.7683890015053554,
  "umap2": 0.6844447872522574
}