{
  "umap1": 0.2279497848581581,
  "umap2": 0.26721781905202047
}