{
  "umap1": 11.145464897155762,
  "umap2": 4.594151020050049
}