{
  "umap1": 0.033069375838100434,
  "umap2": 0.978319647790176
}