{
  "No direct optim ancestor": "None",
  "umap1": 0.6546332041811197,
  "umap2": 0.3034696945045591
}