{
  "umap1": 9.959784507751465,
  "umap2": 1.2122681140899658
}