{
  "umap1": 0.9121527888502947,
  "umap2": 0.8671350725218603
}