{
  "umap1": 3.8320579528808594,
  "umap2": 9.843525886535645
}