{
  "No direct optim ancestor": "None",
  "umap1": 0.9045607987280596,
  "umap2": 0.4439309296344526
}