{
  "umap1": 0.14583640338065107,
  "umap2": 0.13159755565536357
}