{
  "umap1": 3.542318820953369,
  "umap2": 10.286214828491211
}