{
  "umap1": 12.284200668334961,
  "umap2": 1.8821660280227661
}