{
  "No direct optim ancestor": "None",
  "umap1": 0.32076818042320165,
  "umap2": 0.35032964930806143
}