{
  "umap1": 0.4527083593320398,
  "umap2": 0.15011884395564412
}