{
  "umap1": 10.744285583496094,
  "umap2": 2.5123298168182373
}