{
  "umap1": 0.03228470328983446,
  "umap2": 0.4173857446448196
}