{
  "No direct optim ancestor": "None",
  "umap1": 0.8308595607788709,
  "umap2": 0.3490421954167382
}