{
  "umap1": 0.6963719378827877,
  "umap2": 0.8044483821263401
}