{
  "No direct optim ancestor": "None",
  "umap1": 0.650217582249269,
  "umap2": 0.2006869291805542
}