{
  "No direct optim ancestor": "None",
  "umap1": 0.36075670232574697,
  "umap2": 0.06156980066921458
}