{
  "umap1": 0.344757339420816,
  "umap2": 0.5949326041059799
}