{
  "umap1": 13.06979751586914,
  "umap2": 7.406540393829346
}