{
  "umap1": 0.21079070625171747,
  "umap2": 0.9815444724332267
}