{
  "umap1": 11.665314674377441,
  "umap2": 2.338634490966797
}