{
  "No direct optim ancestor": "None",
  "umap1": 0.9475272793131184,
  "umap2": 0.12534148878226992
}