{
  "No direct optim ancestor": "None",
  "umap1": 0.009489310617029068,
  "umap2": 0.5842186222588861
}