{
  "umap1": 0.6314320103311143,
  "umap2": 0.660633266098759
}