{
  "umap1": 13.042737007141113,
  "umap2": 3.7794041633605957
}