{
  "umap1": 13.00408935546875,
  "umap2": 7.034557819366455
}