{
  "No direct optim ancestor": "None",
  "umap1": 0.5276933167310143,
  "umap2": 0.33761142024316704
}