{
  "umap1": 14.330026626586914,
  "umap2": 5.148370742797852
}