{
  "umap1": 0.18172355638363635,
  "umap2": 0.03209512370210954
}