{
  "umap1": 14.152509689331055,
  "umap2": 6.482868194580078
}