{
  "No direct optim ancestor": "None",
  "umap1": 0.6056990022376784,
  "umap2": 0.7550847779391768
}