{
  "umap1": 11.61235523223877,
  "umap2": 1.8561718463897705
}