{
  "umap1": 0.19082868041419254,
  "umap2": 0.7046257490702869
}