{
  "umap1": 0.37337571736459096,
  "umap2": 0.25827980980742193
}