{
  "No direct optim ancestor": "None",
  "umap1": 0.5956089145710742,
  "umap2": 0.1557973367565726
}