{
  "umap1": 0.9614617494330544,
  "umap2": 0.15236179125698435
}