{
  "umap1": 8.343024253845215,
  "umap2": 7.260136604309082
}