{
  "umap1": 0.9486382797981041,
  "umap2": 0.44641979624319494
}