{
  "No direct optim ancestor": "None",
  "umap1": 0.474986907538153,
  "umap2": 0.5738991689483766
}