{
  "umap1": 0.8524004246195964,
  "umap2": 0.9875393873724705
}