{
  "umap1": 0.318183647279376,
  "umap2": 0.13283724567229271
}