{
  "umap1": 0.6500118404962757,
  "umap2": 0.4627541277648466
}