{
  "umap1": 3.6214780807495117,
  "umap2": 10.023175239562988
}