{
  "umap1": 0.5091841956088822,
  "umap2": 0.9948482034212428
}