{
  "umap1": 0.7068693044435285,
  "umap2": 0.2138552437515272
}