{
  "umap1": 13.313775062561035,
  "umap2": 3.6165518760681152
}