{
  "umap1": 0.2586143350784882,
  "umap2": 0.391699313787217
}