{
  "No direct optim ancestor": "None",
  "umap1": 0.3164939266721519,
  "umap2": 0.9170930967600618
}