{
  "umap1": 2.860538959503174,
  "umap2": 10.521469116210938
}