{
  "umap1": 0.33959689895139633,
  "umap2": 0.4697920453743708
}