{
  "umap1": 0.4186514993153029,
  "umap2": 0.4372204273793183
}