{
  "No direct optim ancestor": "None",
  "umap1": 0.8433665834167486,
  "umap2": 0.5786870474161939
}