{
  "umap1": 0.8002715224476992,
  "umap2": 0.03724970064824373
}