{
  "umap1": 0.3372810123685577,
  "umap2": 0.24990132778270036
}