{
  "umap1": 4.998652935028076,
  "umap2": 10.760815620422363
}