{
  "umap1": 10.465530395507812,
  "umap2": 1.426403284072876
}