{
  "umap1": 8.694499969482422,
  "umap2": 3.0395865440368652
}