{
  "No direct optim ancestor": "None",
  "umap1": 0.9164718476857029,
  "umap2": 0.3436867219299641
}