{
  "umap1": 0.1192305176957601,
  "umap2": 0.4292895938337141
}