{
  "umap1": 10.348976135253906,
  "umap2": 2.519465446472168
}