{
  "umap1": 3.8014848232269287,
  "umap2": 9.815746307373047
}