{
  "No direct optim ancestor": "None",
  "umap1": 0.1942892130218291,
  "umap2": 0.502021193090211
}