{
  "umap1": 11.275776863098145,
  "umap2": 2.6429038047790527
}