{
  "umap1": 0.7065219719251083,
  "umap2": 0.5902709670991892
}