{
  "umap1": 3.858426332473755,
  "umap2": 9.841936111450195
}