{
  "umap1": 0.6947665047971089,
  "umap2": 0.2010613751982664
}