{
  "umap1": 0.6549732079364191,
  "umap2": 0.264454642875677
}