{
  "umap1": 12.032861709594727,
  "umap2": 6.023545265197754
}