{
  "umap1": 2.999211549758911,
  "umap2": 10.339847564697266
}