{
  "umap1": 0.31733244152898055,
  "umap2": 0.8587895200781079
}