{
  "umap1": 13.917800903320312,
  "umap2": 1.9075709581375122
}