{
  "umap1": 11.5927152633667,
  "umap2": 2.902462959289551
}