{
  "umap1": 12.129107475280762,
  "umap2": 2.6693267822265625
}