{
  "umap1": 0.30762668927587844,
  "umap2": 0.8804545965160827
}