{
  "No direct optim ancestor": "None",
  "umap1": 0.041027901196643124,
  "umap2": 0.5317976606458802
}