{
  "umap1": 11.931360244750977,
  "umap2": 3.3070871829986572
}