{
  "umap1": 0.3921238273139964,
  "umap2": 0.9218729122923467
}