{
  "No direct optim ancestor": "None",
  "umap1": 0.8094878449480764,
  "umap2": 0.5231964654501453
}