{
  "umap1": 11.619845390319824,
  "umap2": 3.572669267654419
}