{
  "umap1": 0.48117762543945375,
  "umap2": 0.9322052489617207
}