{
  "No direct optim ancestor": "None",
  "umap1": 0.0773437595017592,
  "umap2": 0.20718961397201163
}