{
  "umap1": 0.1881911545614452,
  "umap2": 0.7010915131212859
}