{
  "umap1": 10.590179443359375,
  "umap2": 3.288400650024414
}