{
  "No direct optim ancestor": "None",
  "umap1": 0.45168145447436425,
  "umap2": 0.6823330668112714
}