{
  "umap1": 14.12429428100586,
  "umap2": 5.066505432128906
}