{
  "umap1": 0.32472639910865797,
  "umap2": 0.9339307515605286
}