{
  "umap1": 1.0198785066604614,
  "umap2": 9.626036643981934
}