{
  "umap1": 13.914417266845703,
  "umap2": 2.3612592220306396
}