{
  "No direct optim ancestor": "None",
  "umap1": 0.9995806286057208,
  "umap2": 0.7094774743542778
}