{
  "umap1": 0.7099486274911939,
  "umap2": 0.06517023045022508
}