{
  "umap1": 0.6710191914635223,
  "umap2": 0.41117503888006857
}