{
  "No direct optim ancestor": "None",
  "umap1": 0.7627832168637326,
  "umap2": 0.649724393520843
}