{
  "umap1": 10.212244033813477,
  "umap2": 4.016049861907959
}