{
  "umap1": 0.4428931355302145,
  "umap2": 0.06353288131131907
}