{
  "No direct optim ancestor": "None",
  "umap1": 0.7913050523360253,
  "umap2": 0.799642852320048
}