{
  "No direct optim ancestor": "None",
  "umap1": 0.9920194537661154,
  "umap2": 0.9697044541647815
}