{
  "umap1": 12.901735305786133,
  "umap2": 2.6269378662109375
}