{
  "umap1": 0.1059231551024189,
  "umap2": 0.45396127381618123
}