{
  "umap1": 12.143203735351562,
  "umap2": 2.1105165481567383
}