{
  "No direct optim ancestor": "None",
  "umap1": 0.05890980980069349,
  "umap2": 0.2809406071382954
}