{
  "umap1": 0.9919147982987504,
  "umap2": 0.5386917103992002
}