{
  "umap1": 14.152978897094727,
  "umap2": 6.282101154327393
}