{
  "umap1": 14.094289779663086,
  "umap2": 2.1639389991760254
}