{
  "No direct optim ancestor": "None",
  "umap1": 0.7291792570915105,
  "umap2": 0.1186351060180676
}