{
  "umap1": 0.27522698950298186,
  "umap2": 0.8463764228175311
}