{
  "umap1": 13.092839241027832,
  "umap2": 6.740756988525391
}