{
  "umap1": 0.8449020468742677,
  "umap2": 0.021252632130953963
}