{
  "umap1": 12.219809532165527,
  "umap2": 2.5996625423431396
}