{
  "No direct optim ancestor": "None",
  "umap1": 0.7013003475976021,
  "umap2": 0.6277823982803962
}