{
  "umap1": 0.1797608434586091,
  "umap2": 0.7572883861759887
}