{
  "No direct optim ancestor": "None",
  "umap1": 0.9896865309531493,
  "umap2": 0.4016301682072648
}