{
  "umap1": 9.921886444091797,
  "umap2": 1.226693868637085
}