{
  "No direct optim ancestor": "None",
  "umap1": 0.9747144342616898,
  "umap2": 0.8430262415594973
}