{
  "umap1": 0.267836129065671,
  "umap2": 0.9835085360294653
}