{
  "umap1": 11.64775562286377,
  "umap2": 1.3809212446212769
}