{
  "umap1": 10.657015800476074,
  "umap2": 1.4258358478546143
}