{
  "umap1": 0.25996256186401645,
  "umap2": 0.2247888057692139
}