{
  "No direct optim ancestor": "None",
  "umap1": 0.05245704500423132,
  "umap2": 0.057574914774829566
}