{
  "No direct optim ancestor": "None",
  "umap1": 0.7044726239077906,
  "umap2": 0.30989039566358356
}