{
  "umap1": 12.904293060302734,
  "umap2": 2.932347536087036
}