{
  "umap1": 0.5625000497914323,
  "umap2": 0.4082655904648703
}