{
  "umap1": 9.15073013305664,
  "umap2": 6.375518321990967
}