{
  "umap1": 0.25046796767413315,
  "umap2": 0.46029193744331987
}