{
  "umap1": 14.411808967590332,
  "umap2": 5.726222038269043
}