{
  "umap1": 0.5066604181880153,
  "umap2": 0.7632481198865844
}