{
  "umap1": 0.3209488068717301,
  "umap2": 0.441193647546394
}