{
  "umap1": 13.934475898742676,
  "umap2": 5.806044578552246
}