{
  "umap1": 10.892411231994629,
  "umap2": 1.487359881401062
}