{
  "No direct optim ancestor": "None",
  "umap1": 0.36089464874812294,
  "umap2": 0.46642980151242186
}