{
  "umap1": 0.09808201156300678,
  "umap2": 0.2011029883452704
}