{
  "umap1": 13.238572120666504,
  "umap2": 4.279271602630615
}