{
  "umap1": 11.827055931091309,
  "umap2": 3.072492837905884
}