{
  "umap1": 1.3737554550170898,
  "umap2": 10.035662651062012
}