{
  "umap1": 12.549288749694824,
  "umap2": 7.099529266357422
}