{
  "umap1": 7.31781530380249,
  "umap2": 5.884036540985107
}