{
  "umap1": 0.5740366782181064,
  "umap2": 0.5516988825509136
}