{
  "umap1": 7.344864368438721,
  "umap2": 5.849584579467773
}