{
  "umap1": 0.8440293847647913,
  "umap2": 0.374295800560387
}