{
  "No direct optim ancestor": "None",
  "umap1": 0.6697301999139198,
  "umap2": 0.7833618693124954
}