{
  "umap1": 10.264298439025879,
  "umap2": 5.265653610229492
}