{
  "umap1": 11.874815940856934,
  "umap2": 2.851170778274536
}