{
  "umap1": 0.2551081060128493,
  "umap2": 0.10935891865674174
}