{
  "umap1": 3.855428695678711,
  "umap2": 9.774312973022461
}