{
  "umap1": 13.984362602233887,
  "umap2": 6.446898937225342
}