{
  "umap1": 0.5486947617289554,
  "umap2": 0.991364873078338,
  "Direct optim goal": "a photo of a hexagonal honeycomb with red cells and green borders"
}