{
  "No direct optim ancestor": "None",
  "umap1": 0.8482305467548154,
  "umap2": 0.9566994669097801
}