{
  "umap1": 0.12689716773059034,
  "umap2": 0.9527772674086817
}