{
  "umap1": 0.15179915537630662,
  "umap2": 0.2532003065494317
}