{
  "No direct optim ancestor": "None",
  "umap1": 0.15297407703062083,
  "umap2": 0.7348219447596567
}