{
  "umap1": 0.673446117953772,
  "umap2": 0.08856508922193573
}