{
  "umap1": 4.866796016693115,
  "umap2": 10.905525207519531
}