{
  "No direct optim ancestor": "None",
  "umap1": 0.09126802148270141,
  "umap2": 0.8187814141032986
}