{
  "umap1": 10.80695629119873,
  "umap2": 2.6392786502838135
}