{
  "umap1": 0.48994938632956886,
  "umap2": 0.4675779602895105
}