{
  "umap1": 0.865585240339983,
  "umap2": 0.8921793336370808
}