{
  "umap1": 13.49437141418457,
  "umap2": 6.799062252044678
}