{
  "No direct optim ancestor": "None",
  "umap1": 0.808880007715177,
  "umap2": 0.5814206435231163
}