{
  "No direct optim ancestor": "None",
  "umap1": 0.5967261602529634,
  "umap2": 0.1290551894202554
}