{
  "umap1": 0.9603825005826913,
  "umap2": 0.33266214867972665
}