{
  "umap1": 12.001334190368652,
  "umap2": 2.475696086883545
}