{
  "No direct optim ancestor": "None",
  "umap1": 0.10994782781910273,
  "umap2": 0.96531094021359
}