{
  "umap1": 0.8693626539345909,
  "umap2": 0.07650977760335542
}