{
  "umap1": 10.307048797607422,
  "umap2": 4.455108165740967
}