{
  "umap1": 12.635554313659668,
  "umap2": 2.382746696472168
}