{
  "umap1": 0.6732738325708866,
  "umap2": 0.11273480024436566
}