{
  "umap1": 8.908585548400879,
  "umap2": 4.9732537269592285
}