{
  "No direct optim ancestor": "None",
  "umap1": 0.29036803270936473,
  "umap2": 0.7015138535614868
}