{
  "No direct optim ancestor": "None",
  "umap1": 0.474591915947534,
  "umap2": 0.8933819743082179
}