{
  "umap1": 0.6537759221857041,
  "umap2": 0.2459387945215089
}