{
  "No direct optim ancestor": "None",
  "umap1": 0.03762523386291228,
  "umap2": 0.4708560684335624
}