{
  "umap1": 0.6880186708602016,
  "umap2": 0.06973785418775125
}