{
  "No direct optim ancestor": "None",
  "umap1": 0.8694426340847531,
  "umap2": 0.8268696752154387
}