{
  "umap1": 12.886005401611328,
  "umap2": 2.868713140487671
}