{
  "umap1": 0.7660269666312497,
  "umap2": 0.7343024947541967
}