{
  "No direct optim ancestor": "None",
  "umap1": 0.31219250766951523,
  "umap2": 0.7356243680857031
}