{
  "umap1": 0.5162128464145064,
  "umap2": 0.5757277929515618
}