{
  "umap1": 12.527382850646973,
  "umap2": 4.765298366546631
}