{
  "umap1": 0.6392967355634704,
  "umap2": 0.5552970117721624
}