{
  "No direct optim ancestor": "None",
  "umap1": 0.6796700903161471,
  "umap2": 0.5567743089081694
}