{
  "umap1": 10.32544231414795,
  "umap2": 3.2715048789978027
}