{
  "umap1": 0.34337347206814595,
  "umap2": 0.28323365237871845
}