{
  "umap1": 0.7658794507582182,
  "umap2": 0.6499813398561943
}