{
  "umap1": 13.108529090881348,
  "umap2": 6.643405914306641
}