{
  "umap1": 0.43510588707961295,
  "umap2": 0.11020602813597913
}