{
  "umap1": 11.75485610961914,
  "umap2": 4.381538391113281
}