{
  "umap1": 12.403532028198242,
  "umap2": 1.5679727792739868
}