{
  "umap1": 8.859076499938965,
  "umap2": 5.019644260406494
}