{
  "umap1": 9.896939277648926,
  "umap2": 2.6464180946350098
}