{
  "umap1": 0.8869684444805578,
  "umap2": 0.326014796370627
}