{
  "No direct optim ancestor": "None",
  "umap1": 0.16934428266543022,
  "umap2": 0.6066546458385377
}