{
  "umap1": 13.441119194030762,
  "umap2": 4.357110977172852
}