{
  "umap1": 0.9950000178587087,
  "umap2": 0.9541080693825135
}