{
  "umap1": 1.006446361541748,
  "umap2": 9.722249984741211
}