{
  "umap1": 10.323681831359863,
  "umap2": 4.884974002838135
}