{
  "umap1": 13.090967178344727,
  "umap2": 1.8091075420379639
}