{
  "umap1": 0.4323855484878898,
  "umap2": 0.18538400168938207
}