{
  "No direct optim ancestor": "None",
  "umap1": 0.1235909646593325,
  "umap2": 0.2559421196973921
}