{
  "umap1": 0.09442800685401109,
  "umap2": 0.3454547043358409
}