{
  "No direct optim ancestor": "None",
  "umap1": 0.034913563974872,
  "umap2": 0.9973829452483409
}