{
  "umap1": 0.6754568749943579,
  "umap2": 0.9177321543664947
}