{
  "umap1": 3.303295135498047,
  "umap2": 10.029623985290527
}