{
  "umap1": 12.14503288269043,
  "umap2": 3.604060173034668
}