{
  "umap1": 0.5463347107695022,
  "umap2": 0.8093382487267825
}