{
  "umap1": 3.644751787185669,
  "umap2": 10.226242065429688
}