{
  "umap1": 0.059937484694777554,
  "umap2": 0.28974199027703706
}