{
  "No direct optim ancestor": "None",
  "umap1": 0.8045984182837882,
  "umap2": 0.9594174491911085
}