{
  "umap1": 13.929832458496094,
  "umap2": 6.321278095245361
}