{
  "umap1": 13.814244270324707,
  "umap2": 7.111197471618652
}