{
  "No direct optim ancestor": "None",
  "umap1": 0.13592762899252786,
  "umap2": 0.5028461201251523
}