{
  "umap1": 0.3133397958826919,
  "umap2": 0.7777315780783889
}