{
  "umap1": 12.071569442749023,
  "umap2": 3.630486249923706
}