{
  "umap1": 1.435420036315918,
  "umap2": 9.979704856872559
}