{
  "umap1": 0.2838097450015803,
  "umap2": 0.19368557677568443
}