{
  "umap1": 14.206914901733398,
  "umap2": 6.203583240509033
}