{
  "umap1": 0.15227717474451874,
  "umap2": 0.2836378203345966
}