{
  "No direct optim ancestor": "None",
  "umap1": 0.5093899637640067,
  "umap2": 0.7232684074142591
}