{
  "umap1": 0.1813886387312338,
  "umap2": 0.7994138990034548
}