{
  "No direct optim ancestor": "None",
  "umap1": 0.04488008003074273,
  "umap2": 0.5291757717060055
}