{
  "umap1": 11.024110794067383,
  "umap2": 1.6221802234649658
}