{
  "umap1": 0.28675345939110475,
  "umap2": 0.7489309302840226
}