{
  "umap1": 3.4503345489501953,
  "umap2": 10.403265953063965
}