{
  "umap1": 0.4826068699501136,
  "umap2": 0.9188044557037326
}