{
  "umap1": 0.3565270352703742,
  "umap2": 0.7618927423694898
}