{
  "No direct optim ancestor": "None",
  "umap1": 0.8399892166717533,
  "umap2": 0.3603005878123976
}