{
  "umap1": 0.6057032149127587,
  "umap2": 0.16512606591218904
}