{
  "No direct optim ancestor": "None",
  "umap1": 0.7459471091734539,
  "umap2": 0.9459001367456167
}