{
  "umap1": 13.864481925964355,
  "umap2": 5.10076904296875
}