{
  "umap1": 0.3859293788751944,
  "umap2": 0.6857197835717994
}