{
  "No direct optim ancestor": "None",
  "umap1": 0.8823156499493002,
  "umap2": 0.2612724840362187
}