{
  "umap1": 0.24840242367399135,
  "umap2": 0.6362424668639279
}