{
  "No direct optim ancestor": "None",
  "umap1": 0.8309000793884614,
  "umap2": 0.8240535955111865
}