{
  "umap1": 14.162342071533203,
  "umap2": 4.835934638977051
}