{
  "umap1": 0.32906923894323636,
  "umap2": 0.2458529304694248
}