{
  "umap1": 12.43693733215332,
  "umap2": 1.70039701461792
}