{
  "No direct optim ancestor": "None",
  "umap1": 0.2052136095874969,
  "umap2": 0.863358654633286
}