{
  "umap1": 10.115374565124512,
  "umap2": 3.841488838195801
}