{
  "umap1": 2.9400951862335205,
  "umap2": 10.56116771697998
}