{
  "No direct optim ancestor": "None",
  "umap1": 0.4567484003344997,
  "umap2": 0.3558926945730434
}