{
  "umap1": 0.2796026115063117,
  "umap2": 0.966746332905668
}