{
  "umap1": 12.714844703674316,
  "umap2": 2.2140045166015625
}