{
  "umap1": 2.706650733947754,
  "umap2": 10.661210060119629
}