{
  "umap1": 0.011942603379705208,
  "umap2": 0.49319297566727116
}