{
  "umap1": 11.441642761230469,
  "umap2": 1.250545620918274
}