{
  "umap1": 12.963201522827148,
  "umap2": 3.6677398681640625
}