{
  "No direct optim ancestor": "None",
  "umap1": 0.9775902729583437,
  "umap2": 0.3985704539454873
}