{
  "umap1": 0.39847487607757326,
  "umap2": 0.1664274401817365
}