{
  "umap1": 0.2639846116242558,
  "umap2": 0.6786823397662382
}