{
  "umap1": 12.131118774414062,
  "umap2": 2.6503162384033203
}