{
  "No direct optim ancestor": "None",
  "umap1": 0.5764189048711259,
  "umap2": 0.6701282242864401
}