{
  "No direct optim ancestor": "None",
  "umap1": 0.21598566558539511,
  "umap2": 0.20785741905466915
}