{
  "umap1": 0.15191517347224615,
  "umap2": 0.17661444243766644
}