{
  "umap1": 0.005051885571447978,
  "umap2": 0.081627653293041
}