{
  "umap1": 10.273042678833008,
  "umap2": 1.452157974243164
}