{
  "umap1": 0.5359541076066933,
  "umap2": 0.17044714676848827
}