{
  "No direct optim ancestor": "None",
  "umap1": 0.8572251698494681,
  "umap2": 0.7716980015349628
}