{
  "umap1": 9.606327056884766,
  "umap2": 1.7420581579208374
}