{
  "No direct optim ancestor": "None",
  "umap1": 0.9718430812029469,
  "umap2": 0.4459705713317135
}