{
  "umap1": 0.7042971501145382,
  "umap2": 0.5873413614134969
}