{
  "No direct optim ancestor": "None",
  "umap1": 0.7210916682065167,
  "umap2": 0.37623757233408295
}