{
  "umap1": 12.422865867614746,
  "umap2": 3.7328083515167236
}