{
  "umap1": 0.3642827729313145,
  "umap2": 0.9248564324579848
}