{
  "umap1": 11.999914169311523,
  "umap2": 3.0548207759857178
}