{
  "No direct optim ancestor": "None",
  "umap1": 0.6425512411859579,
  "umap2": 0.5450302264520323
}