{
  "umap1": 0.631885510938777,
  "umap2": 0.729568016861877
}