{
  "umap1": 8.868598937988281,
  "umap2": 3.170018196105957
}