{
  "umap1": 10.710677146911621,
  "umap2": 5.670738220214844
}