{
  "umap1": 0.7029101435089569,
  "umap2": 0.25326148587778696
}