{
  "No direct optim ancestor": "None",
  "umap1": 0.4612567487177881,
  "umap2": 0.9533421933928441
}