{
  "umap1": 0.9109950402496162,
  "umap2": 0.9752223698190239
}