{
  "umap1": 13.041471481323242,
  "umap2": 3.3384945392608643
}