{
  "No direct optim ancestor": "None",
  "umap1": 0.08956869126883493,
  "umap2": 0.49763048841238045
}