{
  "umap1": 0.13007036173731812,
  "umap2": 0.012269036833251756
}