{
  "No direct optim ancestor": "None",
  "umap1": 0.5160367728832983,
  "umap2": 0.8137443953491288
}