{
  "umap1": 0.4625758088002909,
  "umap2": 0.48651161713482705
}