{
  "umap1": 13.248146057128906,
  "umap2": 2.887446165084839
}