{
  "umap1": 11.228728294372559,
  "umap2": 1.9594523906707764
}