{
  "umap1": 3.2171385288238525,
  "umap2": 10.048417091369629
}