{
  "umap1": 13.993224143981934,
  "umap2": 4.447277069091797
}