{
  "umap1": 12.539692878723145,
  "umap2": 7.53687047958374
}