{
  "No direct optim ancestor": "None",
  "umap1": 0.3862847934234074,
  "umap2": 0.16466840212607903
}