{
  "umap1": 12.146162033081055,
  "umap2": 3.46258807182312
}