{
  "umap1": 0.63497337039868,
  "umap2": 0.1667194054981881
}