{
  "umap1": 10.083876609802246,
  "umap2": 1.5615882873535156
}