{
  "umap1": 0.6126809620656163,
  "umap2": 0.38857711058843103
}