{
  "No direct optim ancestor": "None",
  "umap1": 0.4444545952928155,
  "umap2": 0.5635958918022252
}