{
  "umap1": 0.7476848951671791,
  "umap2": 0.08496550987222362
}