{
  "No direct optim ancestor": "None",
  "umap1": 0.2947617724737511,
  "umap2": 0.40856426859585937
}