{
  "umap1": 0.3469993489019494,
  "umap2": 0.711136698507772
}