{
  "No direct optim ancestor": "None",
  "umap1": 0.7351225546624437,
  "umap2": 0.13946866944905012
}