{
  "umap1": 0.9971739053103471,
  "umap2": 0.7902309641078998
}