{
  "No direct optim ancestor": "None",
  "umap1": 0.15194957220618488,
  "umap2": 0.014966329978491899
}