{
  "umap1": 0.45565359144296536,
  "umap2": 0.9784192278573292
}