{
  "umap1": 13.288583755493164,
  "umap2": 6.947898864746094
}