{
  "umap1": 0.4644983137823562,
  "umap2": 0.543332364992559
}