{
  "No direct optim ancestor": "None",
  "umap1": 0.4184647981953419,
  "umap2": 0.47347245465295285
}