{
  "No direct optim ancestor": "None",
  "umap1": 0.6730966690933083,
  "umap2": 0.744035730424284
}