{
  "umap1": 0.7011382220569208,
  "umap2": 0.6603020077625507
}