{
  "umap1": 11.008273124694824,
  "umap2": 2.3521249294281006
}