{
  "No direct optim ancestor": "None",
  "umap1": 0.6732054279336657,
  "umap2": 0.7760153664358616
}