{
  "umap1": 0.0014786258701169341,
  "umap2": 0.04891773078414274
}