{
  "umap1": 11.037906646728516,
  "umap2": 2.6326639652252197
}