{
  "umap1": 0.8542359210136762,
  "umap2": 0.5991104117072023
}