{
  "No direct optim ancestor": "None",
  "umap1": 0.004971101653597043,
  "umap2": 0.06975073507219587
}