{
  "umap1": 11.115744590759277,
  "umap2": 2.2278034687042236
}