{
  "umap1": 0.9883584380149841,
  "umap2": 9.739113807678223
}