{
  "umap1": 0.42467565098525406,
  "umap2": 0.8617072105539951
}