{
  "No direct optim ancestor": "None",
  "umap1": 0.41845058377723454,
  "umap2": 0.06099712213409203
}