{
  "umap1": 3.0934832096099854,
  "umap2": 10.530389785766602
}