{
  "No direct optim ancestor": "None",
  "umap1": 0.958523126355035,
  "umap2": 0.10350355207904494
}