{
  "umap1": 0.3507918401182015,
  "umap2": 0.9098965114106233
}