{
  "umap1": 12.669597625732422,
  "umap2": 1.8156688213348389
}