{
  "umap1": 1.0901782512664795,
  "umap2": 9.78785514831543
}