{
  "umap1": 0.8962395832186796,
  "umap2": 0.927487231720971
}