{
  "umap1": 10.615274429321289,
  "umap2": 2.873013973236084
}