{
  "umap1": 3.5851151943206787,
  "umap2": 9.875821113586426
}