{
  "umap1": 13.87104606628418,
  "umap2": 6.113369464874268
}