{
  "umap1": 13.118947982788086,
  "umap2": 6.474217891693115
}