{
  "No direct optim ancestor": "None",
  "umap1": 0.9647724336209287,
  "umap2": 0.12460159936842852
}