{
  "umap1": 0.5419247788012544,
  "umap2": 0.3449243480492894
}