{
  "No direct optim ancestor": "None",
  "umap1": 0.3459789934883558,
  "umap2": 0.2773971998949416
}