{
  "umap1": 0.25306688970096436,
  "umap2": 0.8927468740525503
}