{
  "umap1": 0.5494427484821226,
  "umap2": 0.6438498153376355
}