{
  "No direct optim ancestor": "None",
  "umap1": 0.45714324790066496,
  "umap2": 0.6995070796669158
}