{
  "umap1": 12.624805450439453,
  "umap2": 2.4167864322662354
}