{
  "umap1": 8.915321350097656,
  "umap2": 5.799094200134277
}