{
  "umap1": 0.3114275511755158,
  "umap2": 0.12545639852585844
}