{
  "umap1": 10.347765922546387,
  "umap2": 3.370379686355591
}