{
  "umap1": 0.21375316151202084,
  "umap2": 0.08074794450339517
}