{
  "umap1": 13.414976119995117,
  "umap2": 5.332623481750488
}