{
  "umap1": 1.4080415964126587,
  "umap2": 10.01095199584961
}