{
  "umap1": 12.286639213562012,
  "umap2": 7.557504653930664
}