{
  "umap1": 0.20559232026047447,
  "umap2": 0.6315387542347104
}