{
  "umap1": 0.543456912747328,
  "umap2": 0.5875712165851843
}