{
  "umap1": 3.392340660095215,
  "umap2": 10.319477081298828
}