{
  "umap1": 14.031487464904785,
  "umap2": 2.2736589908599854
}