{
  "No direct optim ancestor": "None",
  "umap1": 0.40719313629671483,
  "umap2": 0.4108661201684577
}