{
  "umap1": 0.05277073530549503,
  "umap2": 0.7545887299908003
}