{
  "umap1": 0.3449029497559212,
  "umap2": 0.07879162597771716
}