{
  "umap1": 0.9694191948963312,
  "umap2": 0.7826103425818994
}