{
  "umap1": 8.34331226348877,
  "umap2": 7.25823974609375
}