{
  "umap1": 0.04614685228138515,
  "umap2": 0.30397200502569677
}