{
  "No direct optim ancestor": "None",
  "umap1": 0.08320680087632004,
  "umap2": 0.7136713661873705
}