{
  "umap1": 13.160947799682617,
  "umap2": 2.7341465950012207
}