{
  "umap1": 0.5594632156797618,
  "umap2": 0.9077341911743305
}