{
  "umap1": 8.830945014953613,
  "umap2": 3.1895339488983154
}