{
  "umap1": 0.7946562990066625,
  "umap2": 0.5358628063813339
}