{
  "umap1": 0.6836340053833413,
  "umap2": 0.7343378133384528
}