{
  "umap1": 3.604732036590576,
  "umap2": 10.252325057983398
}