{
  "No direct optim ancestor": "None",
  "umap1": 0.6179600057472587,
  "umap2": 0.19952341540191654
}