{
  "umap1": 0.6962043527643359,
  "umap2": 0.5103934757400779
}