{
  "umap1": 12.33565616607666,
  "umap2": 7.111861705780029
}