{
  "umap1": 13.468942642211914,
  "umap2": 5.400335311889648
}