{
  "No direct optim ancestor": "None",
  "umap1": 0.7852850538887798,
  "umap2": 0.9113813256628179
}