{
  "umap1": 12.074491500854492,
  "umap2": 2.3557965755462646
}