{
  "umap1": 0.7244784542096502,
  "umap2": 0.28670942131515986
}