{
  "umap1": 0.8744089163233171,
  "umap2": 0.013220013246676543
}