{
  "umap1": 0.35841749895878794,
  "umap2": 0.6058957957994409
}