{
  "No direct optim ancestor": "None",
  "umap1": 0.18385536799152025,
  "umap2": 0.07512078639536135
}