{
  "umap1": 3.394179344177246,
  "umap2": 9.904717445373535
}