{
  "umap1": 0.755151488620375,
  "umap2": 0.48839901713655076
}