{
  "umap1": 0.0005563441206376529,
  "umap2": 0.9131630190849209
}