{
  "No direct optim ancestor": "None",
  "umap1": 0.3708216301261156,
  "umap2": 0.1443043887054195
}