{
  "umap1": 0.07452436379315297,
  "umap2": 0.7110804823082777
}