{
  "umap1": 10.503758430480957,
  "umap2": 1.3323051929473877
}