{
  "No direct optim ancestor": "None",
  "umap1": 0.4677307467466073,
  "umap2": 0.4892128039828042
}