{
  "umap1": 0.9163293225314442,
  "umap2": 0.26795018781087376
}