{
  "No direct optim ancestor": "None",
  "umap1": 0.8006977814362559,
  "umap2": 0.263983219426455
}