{
  "umap1": 0.17363893580707757,
  "umap2": 0.22405243382689333
}