{
  "umap1": 0.6148168573816075,
  "umap2": 0.5002699419498344
}