{
  "umap1": 9.070242881774902,
  "umap2": 6.983862400054932
}