{
  "umap1": 13.25361442565918,
  "umap2": 6.937880992889404
}