{
  "No direct optim ancestor": "None",
  "umap1": 0.4502307346897958,
  "umap2": 0.5579199954767338
}