{
  "umap1": 0.6871337548980062,
  "umap2": 0.23083257193987006
}