{
  "umap1": 14.19052505493164,
  "umap2": 3.9888362884521484
}