{
  "umap1": 12.171385765075684,
  "umap2": 2.47477126121521
}