{
  "umap1": 11.647966384887695,
  "umap2": 3.597839832305908
}