{
  "umap1": 13.834566116333008,
  "umap2": 1.779288411140442
}