{
  "umap1": 0.275204095820466,
  "umap2": 0.45776866215613
}