{
  "No direct optim ancestor": "None",
  "umap1": 0.11636949449163725,
  "umap2": 0.24184132264284353
}