{
  "umap1": 0.05947000313514761,
  "umap2": 0.8482261910999299
}