{
  "umap1": 1.0914164781570435,
  "umap2": 9.71024227142334
}