{
  "umap1": 0.038494279371315665,
  "umap2": 0.4782033912599072
}