{
  "No direct optim ancestor": "None",
  "umap1": 0.5254811732596263,
  "umap2": 0.13211579577692
}