{
  "umap1": 0.8944447145109029,
  "umap2": 0.20337103577793958
}