{
  "umap1": 0.22383917669226072,
  "umap2": 0.8808034429716253
}