{
  "umap1": 3.6066339015960693,
  "umap2": 10.317395210266113
}