{
  "umap1": 0.4198884366437944,
  "umap2": 0.31108623456947526,
  "Direct optim goal": "a photo of a red scallop shell with green ridges and blue spots"
}