{
  "Ancestor's direct optim goal": "a photo of a red sea urchin shell with green spines and blue pores",
  "umap1": 0.3171738196249896,
  "umap2": 0.7379732559937991
}