{
  "umap1": 11.534460067749023,
  "umap2": 1.5783835649490356
}