{
  "No direct optim ancestor": "None",
  "umap1": 0.5491259644886854,
  "umap2": 0.7595946746443767
}