{
  "umap1": 0.2293615260627837,
  "umap2": 0.36792039620231876
}