{
  "umap1": 0.1750212329370121,
  "umap2": 0.22068185585369005
}