{
  "No direct optim ancestor": "None",
  "umap1": 0.40641877877483135,
  "umap2": 0.8351648818639007
}