{
  "umap1": 13.010204315185547,
  "umap2": 3.208531618118286
}