{
  "No direct optim ancestor": "None",
  "umap1": 0.2628577821288921,
  "umap2": 0.030935590290445347
}