{
  "umap1": 0.6005858627285016,
  "umap2": 0.8674961794839187
}