{
  "umap1": 0.8690810673281444,
  "umap2": 0.9564767614652705
}