{
  "No direct optim ancestor": "None",
  "umap1": 0.09239847717492278,
  "umap2": 0.6986680801029365
}