{
  "umap1": 0.4738887033499902,
  "umap2": 0.33883935989938263
}