{
  "umap1": 2.997638702392578,
  "umap2": 10.560678482055664
}