{
  "umap1": 9.828570365905762,
  "umap2": 2.549544095993042
}