{
  "umap1": 0.13188081480165392,
  "umap2": 0.29958438800975973
}