{
  "No direct optim ancestor": "None",
  "umap1": 0.9767435566971318,
  "umap2": 0.3894889066538074
}