{
  "umap1": 0.8095831678318377,
  "umap2": 0.8014152692021357
}