{
  "umap1": 10.683101654052734,
  "umap2": 1.303204894065857
}