{
  "No direct optim ancestor": "None",
  "umap1": 0.891683838725575,
  "umap2": 0.8377781287182766
}