{
  "umap1": 0.7757006795708524,
  "umap2": 0.6914646512014403
}