{
  "No direct optim ancestor": "None",
  "umap1": 0.10660794630108761,
  "umap2": 0.1316539470319803
}