{
  "umap1": 13.64246654510498,
  "umap2": 1.7947505712509155
}