{
  "umap1": 0.4652841418657053,
  "umap2": 0.9195032740238264
}