{
  "umap1": 1.0257318019866943,
  "umap2": 9.762571334838867
}