{
  "umap1": 12.857418060302734,
  "umap2": 6.587518692016602
}