{
  "No direct optim ancestor": "None",
  "umap1": 0.24984593418248924,
  "umap2": 0.2935819531482926
}