{
  "umap1": 0.0523356122045785,
  "umap2": 0.8614947054174368
}