{
  "umap1": 0.1250370954145522,
  "umap2": 0.0366040451132168
}