{
  "No direct optim ancestor": "None",
  "umap1": 0.270710318342955,
  "umap2": 0.44422514327009277
}