{
  "umap1": 11.097171783447266,
  "umap2": 1.7772762775421143
}