{
  "umap1": 0.4957679909051822,
  "umap2": 0.9229023760384105
}