{
  "umap1": 2.723623037338257,
  "umap2": 10.452268600463867
}