{
  "No direct optim ancestor": "None",
  "umap1": 0.4223868762492867,
  "umap2": 0.6684962833350391
}