{
  "umap1": 0.7967182548499537,
  "umap2": 0.701348276719171
}