{
  "umap1": 9.18191146850586,
  "umap2": 5.003321170806885
}