{
  "umap1": 12.75578784942627,
  "umap2": 4.613400459289551
}