{
  "umap1": 9.72087287902832,
  "umap2": 3.7268717288970947
}