{
  "No direct optim ancestor": "None",
  "umap1": 0.6046668960798425,
  "umap2": 0.6874170280258949
}