{
  "umap1": 0.015534958101901197,
  "umap2": 0.3312971726980106
}