{
  "umap1": 10.360024452209473,
  "umap2": 4.384167194366455
}