{
  "umap1": 13.925236701965332,
  "umap2": 4.810301303863525
}