{
  "umap1": 10.707521438598633,
  "umap2": 2.3544557094573975
}