{
  "umap1": 0.7878934530569626,
  "umap2": 0.3908446040907585
}