{
  "umap1": 1.2136147022247314,
  "umap2": 9.62757396697998
}