{
  "umap1": 0.5644860669173426,
  "umap2": 0.9851303296682826
}