{
  "umap1": 10.106240272521973,
  "umap2": 3.6274561882019043
}