{
  "No direct optim ancestor": "None",
  "umap1": 0.011472028853287575,
  "umap2": 0.8811237586029461
}