{
  "umap1": 12.820143699645996,
  "umap2": 7.004079818725586
}