{
  "No direct optim ancestor": "None",
  "umap1": 0.7562991126114671,
  "umap2": 0.5695681678683331
}