{
  "umap1": 0.07483257684416245,
  "umap2": 0.5128565797048728
}