{
  "umap1": 8.902884483337402,
  "umap2": 5.849019527435303
}