{
  "umap1": 0.4724631895828859,
  "umap2": 0.4558890650371492
}