{
  "No direct optim ancestor": "None",
  "umap1": 0.22077195081800038,
  "umap2": 0.6883712424972429
}