{
  "umap1": 0.6297141440723575,
  "umap2": 0.41689407586939065
}