{
  "umap1": 0.5072879738805784,
  "umap2": 0.8197735923008997
}