{
  "umap1": 13.961267471313477,
  "umap2": 1.7762032747268677
}