{
  "No direct optim ancestor": "None",
  "umap1": 0.29689092262902306,
  "umap2": 0.9349593363470852
}