{
  "umap1": 11.40939712524414,
  "umap2": 2.4135284423828125
}