{
  "umap1": 0.019482462248932908,
  "umap2": 0.6369174072686848
}