{
  "umap1": 0.9359770318870975,
  "umap2": 0.67828985736364
}