{
  "No direct optim ancestor": "None",
  "umap1": 0.33801222986706403,
  "umap2": 0.619978818130435
}