{
  "umap1": 10.849485397338867,
  "umap2": 2.3580174446105957
}