{
  "umap1": 11.279163360595703,
  "umap2": 3.6876308917999268
}