{
  "No direct optim ancestor": "None",
  "umap1": 0.7683821936762222,
  "umap2": 0.34078578354323585
}