{
  "umap1": 0.4605614954745483,
  "umap2": 0.2885759076702479
}