{
  "umap1": 0.340740687091463,
  "umap2": 0.8727797339444895
}