{
  "umap1": 9.545589447021484,
  "umap2": 4.377983570098877
}