{
  "umap1": 13.440057754516602,
  "umap2": 3.3983945846557617
}