{
  "umap1": 13.200359344482422,
  "umap2": 6.773355960845947
}