{
  "umap1": 0.7103681178287684,
  "umap2": 0.6508156774303847
}