{
  "No direct optim ancestor": "None",
  "umap1": 0.23283569347347777,
  "umap2": 0.23696125490649422
}