{
  "umap1": 0.6750805276773354,
  "umap2": 0.004201121677471997
}