{
  "umap1": 3.5424728393554688,
  "umap2": 10.29819393157959
}