{
  "umap1": 9.54927921295166,
  "umap2": 3.0192294120788574
}