{
  "umap1": 0.40072181477265467,
  "umap2": 0.2123859304199438
}