{
  "No direct optim ancestor": "None",
  "umap1": 0.22369573541880716,
  "umap2": 0.06363153551612111
}