{
  "No direct optim ancestor": "None",
  "umap1": 0.9515379517207709,
  "umap2": 0.8540027731042942
}