{
  "umap1": 0.34218598850120274,
  "umap2": 0.16796994387353648
}