{
  "No direct optim ancestor": "None",
  "umap1": 0.045311417336501014,
  "umap2": 0.7129269758522359
}