{
  "umap1": 0.7954127474756172,
  "umap2": 0.3107644110509816
}