{
  "umap1": 14.116888046264648,
  "umap2": 6.166489601135254
}