{
  "umap1": 0.2150192739937966,
  "umap2": 0.0849774974010391
}