{
  "No direct optim ancestor": "None",
  "umap1": 0.010217717624523392,
  "umap2": 0.12429321062881082
}