{
  "umap1": 0.27038890664697735,
  "umap2": 0.47643420076545107
}