{
  "umap1": 11.133891105651855,
  "umap2": 1.6641287803649902
}