{
  "No direct optim ancestor": "None",
  "umap1": 0.8014128004427172,
  "umap2": 0.08434100428771651
}