{
  "No direct optim ancestor": "None",
  "umap1": 0.7146959135897454,
  "umap2": 0.7527298534936143
}