{
  "umap1": 0.9028032278573298,
  "umap2": 0.7426291607037653
}