{
  "umap1": 13.673432350158691,
  "umap2": 6.084517002105713
}