{
  "umap1": 0.4767040016920885,
  "umap2": 0.9844767865934384
}