{
  "No direct optim ancestor": "None",
  "umap1": 0.34562461029792224,
  "umap2": 0.12862370233298082
}