{
  "umap1": 10.83769702911377,
  "umap2": 2.0183207988739014
}