{
  "umap1": 0.8246723708772479,
  "umap2": 0.0004415818678111805
}