{
  "No direct optim ancestor": "None",
  "umap1": 0.2864038449698717,
  "umap2": 0.4628712730714609
}