{
  "No direct optim ancestor": "None",
  "umap1": 0.31896382270429546,
  "umap2": 0.3155463054143174
}