{
  "umap1": 0.9577546178920507,
  "umap2": 0.7263801045853518
}