{
  "umap1": 0.17374125553713782,
  "umap2": 0.5346762620659997
}