{
  "No direct optim ancestor": "None",
  "umap1": 0.48648100876221223,
  "umap2": 0.14159821978989262
}