{
  "No direct optim ancestor": "None",
  "umap1": 0.5062122693844732,
  "umap2": 0.035265355149114774
}