{
  "umap1": 11.575879096984863,
  "umap2": 3.2766637802124023
}