{
  "umap1": 0.04931036227949426,
  "umap2": 0.16245598856428012
}