{
  "umap1": 0.9156725463401516,
  "umap2": 0.7023380054490187
}