{
  "umap1": 14.093770980834961,
  "umap2": 6.537906646728516
}