{
  "No direct optim ancestor": "None",
  "umap1": 0.7814026945318789,
  "umap2": 0.5986381388841389
}