{
  "No direct optim ancestor": "None",
  "umap1": 0.458934422483977,
  "umap2": 0.9159863211107719
}