{
  "umap1": 0.3389001788850621,
  "umap2": 0.7212468108468457
}