{
  "umap1": 3.693096160888672,
  "umap2": 9.824129104614258
}