{
  "umap1": 0.08708077488826094,
  "umap2": 0.26811227681726546
}