{
  "umap1": 13.848158836364746,
  "umap2": 3.2788515090942383
}