{
  "No direct optim ancestor": "None",
  "umap1": 0.5163628482842942,
  "umap2": 0.37267888225743473
}