{
  "umap1": 0.16188323107163138,
  "umap2": 0.46954983835797826
}