{
  "umap1": 13.59778118133545,
  "umap2": 3.7561230659484863
}