{
  "umap1": 9.067424774169922,
  "umap2": 2.7196085453033447
}