{
  "No direct optim ancestor": "None",
  "umap1": 0.9681179989508132,
  "umap2": 0.450466799506808
}