{
  "umap1": 0.604731507115733,
  "umap2": 0.8814685614101052
}