{
  "umap1": 11.14736270904541,
  "umap2": 1.7680500745773315
}