{
  "umap1": 12.715503692626953,
  "umap2": 1.879709243774414
}