{
  "umap1": 0.8126164316449498,
  "umap2": 0.7977485277429157
}