{
  "No direct optim ancestor": "None",
  "umap1": 0.7787252826502704,
  "umap2": 0.8751776427215111
}