{
  "umap1": 0.6288339297849881,
  "umap2": 0.16429825418564126
}