{
  "umap1": 1.0468518733978271,
  "umap2": 9.653501510620117
}