{
  "umap1": 0.26396853304619194,
  "umap2": 0.544207984306792
}