{
  "No direct optim ancestor": "None",
  "umap1": 0.5910513530161348,
  "umap2": 0.664859488660014
}