{
  "umap1": 0.19349510422775962,
  "umap2": 0.7255249073744644
}