{
  "umap1": 13.696891784667969,
  "umap2": 1.7292081117630005
}