{
  "No direct optim ancestor": "None",
  "umap1": 0.24410952644058437,
  "umap2": 0.005055853263640886
}