{
  "umap1": 11.978302955627441,
  "umap2": 2.5896594524383545
}