{
  "umap1": 12.92239761352539,
  "umap2": 6.924927711486816
}