{
  "umap1": 0.947088240217609,
  "umap2": 0.9995252676263601
}