{
  "umap1": 0.7891707793310427,
  "umap2": 0.34248342840237345
}