{
  "No direct optim ancestor": "None",
  "umap1": 0.47668806513376194,
  "umap2": 0.7134892955032887
}