{
  "umap1": 11.407379150390625,
  "umap2": 1.9559073448181152
}