{
  "umap1": 0.36020723602842086,
  "umap2": 0.16437112659358166
}