{
  "No direct optim ancestor": "None",
  "umap1": 0.20812114071919185,
  "umap2": 0.9424071782510383
}