{
  "umap1": 0.6304602406814642,
  "umap2": 0.8062768196544072
}