{
  "No direct optim ancestor": "None",
  "umap1": 0.15002543536745971,
  "umap2": 0.5262542373377502
}