{
  "umap1": 9.073221206665039,
  "umap2": 5.813107967376709
}