{
  "umap1": 0.41637429227673806,
  "umap2": 0.9806346113559932
}