{
  "umap1": 11.578099250793457,
  "umap2": 6.698302745819092
}