{
  "No direct optim ancestor": "None",
  "umap1": 0.11879196779922085,
  "umap2": 0.08093068262287206
}