{
  "umap1": 0.7581952524634237,
  "umap2": 0.44052293707917256
}