{
  "No direct optim ancestor": "None",
  "umap1": 0.4688381625854684,
  "umap2": 0.6280828384269923
}