{
  "umap1": 13.547530174255371,
  "umap2": 5.12468957901001
}