{
  "umap1": 11.411258697509766,
  "umap2": 1.390870213508606
}