{
  "umap1": 1.3346723318099976,
  "umap2": 10.006878852844238
}