{
  "No direct optim ancestor": "None",
  "umap1": 0.0032018276004589508,
  "umap2": 0.4172687690138882
}