{
  "umap1": 0.0002487373601456344,
  "umap2": 0.9327064234909668
}