{
  "No direct optim ancestor": "None",
  "umap1": 0.9968017110352716,
  "umap2": 0.567428045539463
}