{
  "umap1": 0.17579937186672112,
  "umap2": 0.9491067869319912
}