{
  "umap1": 13.779511451721191,
  "umap2": 2.8125646114349365
}