{
  "No direct optim ancestor": "None",
  "umap1": 0.7992179838047636,
  "umap2": 0.06883559287005192
}