{
  "umap1": 0.15797287280951722,
  "umap2": 0.6739588619670064
}