{
  "umap1": 0.5222280208282303,
  "umap2": 0.2737272703368969
}