{
  "umap1": 0.6697961041770474,
  "umap2": 0.7062092490407311
}