{
  "umap1": 8.774296760559082,
  "umap2": 2.939077138900757
}