{
  "umap1": 13.456222534179688,
  "umap2": 7.254091739654541
}