{
  "umap1": 12.530608177185059,
  "umap2": 2.67051362991333
}