{
  "umap1": 3.372537851333618,
  "umap2": 10.067211151123047
}