{
  "No direct optim ancestor": "None",
  "umap1": 0.5534274732144648,
  "umap2": 0.6754957629362305
}