{
  "umap1": 0.052408074201807375,
  "umap2": 0.3245973938541846
}