{
  "umap1": 14.183358192443848,
  "umap2": 5.402405738830566
}