{
  "umap1": 3.111049175262451,
  "umap2": 10.45726490020752
}