{
  "umap1": 0.46350825984297317,
  "umap2": 0.6875338432368598
}