{
  "No direct optim ancestor": "None",
  "umap1": 0.24337490028168662,
  "umap2": 0.2588854317422442
}