{
  "umap1": 10.96672534942627,
  "umap2": 2.3466832637786865
}