{
  "umap1": 11.32083511352539,
  "umap2": 2.715548515319824
}