{
  "umap1": 13.501562118530273,
  "umap2": 6.52851676940918
}