{
  "umap1": 13.723776817321777,
  "umap2": 4.834266185760498
}