{
  "umap1": 13.529706954956055,
  "umap2": 6.025318622589111
}