{
  "umap1": 0.6918426536008694,
  "umap2": 0.3725159562434841
}