{
  "No direct optim ancestor": "None",
  "umap1": 0.31468903885867616,
  "umap2": 0.2996051500175584
}