{
  "umap1": 11.805526733398438,
  "umap2": 3.9911515712738037
}