{
  "umap1": 0.3236593402946757,
  "umap2": 0.9633501995445588
}