{
  "umap1": 2.975520133972168,
  "umap2": 10.586142539978027
}