{
  "umap1": 0.2700235408959809,
  "umap2": 0.27991650616653774
}