{
  "No direct optim ancestor": "None",
  "umap1": 0.701686250776033,
  "umap2": 0.5599031146825408
}