{
  "umap1": 3.558323860168457,
  "umap2": 10.399791717529297
}