{
  "umap1": 11.295660018920898,
  "umap2": 2.7853424549102783
}