{
  "umap1": 0.9667256307707339,
  "umap2": 0.3537445890425456
}