{
  "No direct optim ancestor": "None",
  "umap1": 0.08207130690176023,
  "umap2": 0.08259557831139364
}