{
  "umap1": 12.062227249145508,
  "umap2": 4.51104211807251
}