{
  "umap1": 0.5286241003767429,
  "umap2": 0.1504192580881123
}