{
  "umap1": 2.788823127746582,
  "umap2": 10.662806510925293
}