{
  "umap1": 10.918903350830078,
  "umap2": 1.9817537069320679
}