{
  "umap1": 1.0496629476547241,
  "umap2": 9.573832511901855
}