{
  "umap1": 0.5863871061406144,
  "umap2": 0.7299631934436234,
  "Direct optim goal": "an orange triangle"
}