{
  "umap1": 8.087560653686523,
  "umap2": 8.882020950317383
}