{
  "umap1": 8.331270217895508,
  "umap2": 7.277628421783447
}