{
  "umap1": 0.12844688567371743,
  "umap2": 0.5792414444100056
}