{
  "umap1": 7.270326137542725,
  "umap2": 5.924291610717773
}