{
  "umap1": 0.2947879151807826,
  "umap2": 0.4903626831919483
}