{
  "No direct optim ancestor": "None",
  "umap1": 0.874127922586647,
  "umap2": 0.1488742255399098
}