{
  "umap1": 10.919646263122559,
  "umap2": 1.4718225002288818
}