{
  "umap1": 0.35824562410510563,
  "umap2": 0.3704418172687233
}