{
  "umap1": 10.288926124572754,
  "umap2": 4.525145053863525
}