{
  "No direct optim ancestor": "None",
  "umap1": 0.7304607435936106,
  "umap2": 0.9046293863516985
}