{
  "No direct optim ancestor": "None",
  "umap1": 0.7785202638304791,
  "umap2": 0.46563058442804806
}