{
  "umap1": 0.4259977794671903,
  "umap2": 0.47401966679469976
}