{
  "umap1": 13.74696159362793,
  "umap2": 6.378965377807617
}