{
  "umap1": 8.744784355163574,
  "umap2": 5.6632866859436035
}