{
  "umap1": 3.213254451751709,
  "umap2": 10.48926067352295
}