{
  "umap1": 0.3747171146750382,
  "umap2": 0.2887770438527676
}