{
  "umap1": 11.399931907653809,
  "umap2": 5.776494026184082
}