{
  "umap1": 0.463436191716594,
  "umap2": 0.10750702621541308
}