{
  "No direct optim ancestor": "None",
  "umap1": 0.4782803698457747,
  "umap2": 0.5466617388201427
}