{
  "umap1": 1.0225321054458618,
  "umap2": 9.608006477355957
}