{
  "umap1": 0.32257150746300467,
  "umap2": 0.731982683863687
}