{
  "No direct optim ancestor": "None",
  "umap1": 0.8578328898649153,
  "umap2": 0.2369916734387605
}