{
  "umap1": 9.983658790588379,
  "umap2": 2.276146411895752
}