{
  "umap1": 0.24226732437469156,
  "umap2": 0.8864537948851464
}