{
  "umap1": 0.5035443111242254,
  "umap2": 0.5837272148276135
}