{
  "umap1": 2.8036601543426514,
  "umap2": 10.547927856445312
}