{
  "No direct optim ancestor": "None",
  "umap1": 0.8729672814225661,
  "umap2": 0.16156599535755378
}