{
  "umap1": 0.12062059721848739,
  "umap2": 0.30327091938435513
}