{
  "umap1": 0.9058373572330892,
  "umap2": 0.23197403863525856
}