{
  "No direct optim ancestor": "None",
  "umap1": 0.9130330247883435,
  "umap2": 0.5143956396237612
}