{
  "umap1": 14.32398509979248,
  "umap2": 3.438027858734131
}