{
  "umap1": 0.3731985337621134,
  "umap2": 0.09032224488226703
}