{
  "No direct optim ancestor": "None",
  "umap1": 0.6406189824564902,
  "umap2": 0.4807742319404391
}