{
  "No direct optim ancestor": "None",
  "umap1": 0.9353936474575894,
  "umap2": 0.4206743805157608
}