{
  "umap1": 0.9167363161365133,
  "umap2": 0.8192953373901617
}