{
  "No direct optim ancestor": "None",
  "umap1": 0.07239787780972484,
  "umap2": 0.2787733125535161
}