{
  "umap1": 0.38783236898699835,
  "umap2": 0.07192863612319478
}