{
  "umap1": 0.8228404064992941,
  "umap2": 0.18339061500401355
}