{
  "No direct optim ancestor": "None",
  "umap1": 0.2369235347851435,
  "umap2": 0.6823419201830336
}