{
  "umap1": 8.549402236938477,
  "umap2": 4.549840450286865
}