{
  "umap1": 9.543648719787598,
  "umap2": 5.793642997741699
}