{
  "umap1": 9.762847900390625,
  "umap2": 2.691422939300537
}