{
  "umap1": 0.32341478303659543,
  "umap2": 0.8817828340728888
}