{
  "umap1": 0.4396740811093135,
  "umap2": 0.3036328950625118
}