{
  "No direct optim ancestor": "None",
  "umap1": 0.05216502656749411,
  "umap2": 0.3852329699274263
}