{
  "umap1": 12.559043884277344,
  "umap2": 6.649964332580566
}