{
  "umap1": 0.4625750278052846,
  "umap2": 0.39531052560770363
}