{
  "umap1": 10.97904109954834,
  "umap2": 1.5675276517868042
}