{
  "No direct optim ancestor": "None",
  "umap1": 0.9651603963473303,
  "umap2": 0.5313487298766241
}