{
  "umap1": 9.296377182006836,
  "umap2": 5.7784013748168945
}