{
  "umap1": 0.18357782577376236,
  "umap2": 0.1870272043539497
}