{
  "No direct optim ancestor": "None",
  "umap1": 0.4602860811197912,
  "umap2": 0.7023702479620983
}