{
  "No direct optim ancestor": "None",
  "umap1": 0.47094721907496806,
  "umap2": 0.944144771694339
}