{
  "umap1": 0.23608258075252853,
  "umap2": 0.023488501084024227
}