{
  "umap1": 14.260698318481445,
  "umap2": 5.105411052703857
}