{
  "umap1": 0.12248993194741076,
  "umap2": 0.6765811985999226
}