{
  "No direct optim ancestor": "None",
  "umap1": 0.3039116168911631,
  "umap2": 0.9157907188664722
}