{
  "umap1": 12.557700157165527,
  "umap2": 3.722712278366089
}