{
  "umap1": 10.026874542236328,
  "umap2": 6.0514984130859375
}