{
  "umap1": 13.22164535522461,
  "umap2": 3.1763226985931396
}