{
  "umap1": 0.5250747112956143,
  "umap2": 0.02067740847945032
}