{
  "No direct optim ancestor": "None",
  "umap1": 0.5423318481760626,
  "umap2": 0.8755583060161142
}