{
  "umap1": 7.315606594085693,
  "umap2": 5.875838756561279
}