{
  "umap1": 0.3545060652626224,
  "umap2": 0.7071087123709779
}