{
  "No direct optim ancestor": "None",
  "umap1": 0.7877138734951341,
  "umap2": 0.4179782964520491
}