{
  "umap1": 11.494656562805176,
  "umap2": 1.9010629653930664
}