{
  "umap1": 9.041008949279785,
  "umap2": 6.61797571182251
}