{
  "umap1": 0.38342204785077494,
  "umap2": 0.5903906436992384
}