{
  "umap1": 0.36479379734039474,
  "umap2": 0.9390397302592393
}