{
  "No direct optim ancestor": "None",
  "umap1": 0.21863275998477683,
  "umap2": 0.4587805690955389
}