{
  "umap1": 13.011953353881836,
  "umap2": 6.4815673828125
}