{
  "umap1": 12.860459327697754,
  "umap2": 2.5028645992279053
}