{
  "No direct optim ancestor": "None",
  "umap1": 0.18699183986236445,
  "umap2": 0.053944638008972756
}