{
  "umap1": 0.7640756928443403,
  "umap2": 0.9603694744247193
}