{
  "umap1": 13.317188262939453,
  "umap2": 5.836570739746094
}