{
  "umap1": 13.803593635559082,
  "umap2": 1.7636933326721191
}