{
  "umap1": 0.71169972331937,
  "umap2": 0.701337788359632
}