{
  "No direct optim ancestor": "None",
  "umap1": 0.019193922330061564,
  "umap2": 0.14944037764337748
}