{
  "umap1": 0.93468613571916,
  "umap2": 0.4462147752260984
}