{
  "No direct optim ancestor": "None",
  "umap1": 0.885995251513407,
  "umap2": 0.7921662384201918
}