{
  "umap1": 13.555564880371094,
  "umap2": 5.379267692565918
}