{
  "umap1": 1.697260856628418,
  "umap2": 10.100661277770996
}