{
  "umap1": 0.11881541721498001,
  "umap2": 0.5217319465431876
}