{
  "No direct optim ancestor": "None",
  "umap1": 0.3872984758155139,
  "umap2": 0.8622692869890388
}