{
  "umap1": 10.62044906616211,
  "umap2": 4.728562355041504
}