{
  "umap1": 0.7160427227060393,
  "umap2": 0.49981454081335475
}