{
  "umap1": 0.6234314167178445,
  "umap2": 0.32716674899580234
}