{
  "umap1": 3.898848533630371,
  "umap2": 10.013648986816406
}