{
  "umap1": 14.167167663574219,
  "umap2": 6.189030170440674
}