{
  "umap1": 8.803363800048828,
  "umap2": 3.255110263824463
}