{
  "No direct optim ancestor": "None",
  "umap1": 0.9360705083133761,
  "umap2": 0.27954589747640546
}