{
  "umap1": 13.309419631958008,
  "umap2": 6.99133825302124
}