{
  "umap1": 0.8877783170455938,
  "umap2": 0.48529500258946934
}