{
  "No direct optim ancestor": "None",
  "umap1": 0.5414865817981175,
  "umap2": 0.17879672141017888
}