{
  "umap1": 0.45128095013708636,
  "umap2": 0.28662301263892187
}