{
  "umap1": 13.510926246643066,
  "umap2": 4.275723457336426
}