{
  "umap1": 11.605775833129883,
  "umap2": 2.186150550842285
}