{
  "No direct optim ancestor": "None",
  "umap1": 0.6543330731240715,
  "umap2": 0.8788463516826003
}