{
  "umap1": 13.464863777160645,
  "umap2": 7.062170028686523
}