{
  "umap1": 0.246911385642129,
  "umap2": 0.7951807591335542
}