{
  "No direct optim ancestor": "None",
  "umap1": 0.004421492604279376,
  "umap2": 0.9184640942050527
}