{
  "umap1": 0.7681455962170586,
  "umap2": 0.460781918490073
}