{
  "No direct optim ancestor": "None",
  "umap1": 0.48464138274966884,
  "umap2": 0.8428421624069647
}