{
  "umap1": 9.673799514770508,
  "umap2": 5.975509166717529
}