{
  "umap1": 0.6910265440923725,
  "umap2": 0.30594767317659755
}