{
  "No direct optim ancestor": "None",
  "umap1": 0.4689770757189563,
  "umap2": 0.18107896765255893
}