{
  "umap1": 12.52877140045166,
  "umap2": 3.534740447998047
}