{
  "umap1": 0.992885010515764,
  "umap2": 0.8025200965599621
}