{
  "No direct optim ancestor": "None",
  "umap1": 0.6700663165397247,
  "umap2": 0.14062383768102682
}