{
  "umap1": 0.6553801167693042,
  "umap2": 0.10865506012498094
}