{
  "umap1": 0.8612594558412987,
  "umap2": 0.5783332724612714
}