{
  "No direct optim ancestor": "None",
  "umap1": 0.8270504731424453,
  "umap2": 0.3574376108438465
}