{
  "umap1": 0.6367844187624295,
  "umap2": 0.6448415516927424
}