{
  "No direct optim ancestor": "None",
  "umap1": 0.6449873874789025,
  "umap2": 0.7946742617487088
}