{
  "umap1": 12.275980949401855,
  "umap2": 3.4215269088745117
}