{
  "umap1": 8.091434478759766,
  "umap2": 8.81712818145752
}