{
  "No direct optim ancestor": "None",
  "umap1": 0.7491453201554239,
  "umap2": 0.7672533177730582
}