{
  "umap1": 0.7438183265168713,
  "umap2": 0.5819950377401647
}