{
  "No direct optim ancestor": "None",
  "umap1": 0.22173238658649164,
  "umap2": 0.20669051376719338
}