{
  "umap1": 0.9218728924771353,
  "umap2": 0.06986330711423328
}