{
  "umap1": 10.992773056030273,
  "umap2": 2.43839168548584
}