{
  "umap1": 12.93135929107666,
  "umap2": 6.772526264190674
}