{
  "umap1": 10.773303985595703,
  "umap2": 1.7058144807815552
}