{
  "umap1": 0.7329621258801325,
  "umap2": 0.7230786640453365
}