{
  "No direct optim ancestor": "None",
  "umap1": 0.47336840084794274,
  "umap2": 0.7808127359900943
}