{
  "umap1": 0.4353491693893541,
  "umap2": 0.06707782486862968
}