{
  "No direct optim ancestor": "None",
  "umap1": 0.09755340648170285,
  "umap2": 0.9478012038737348
}