{
  "umap1": 0.7260523451878202,
  "umap2": 0.979318203696121
}