{
  "umap1": 7.297118663787842,
  "umap2": 5.804306983947754
}