{
  "umap1": 3.5722098350524902,
  "umap2": 10.185612678527832
}