{
  "umap1": 0.5246346537410813,
  "umap2": 0.8657821342553563
}