{
  "umap1": 10.146320343017578,
  "umap2": 5.667170524597168
}