{
  "umap1": 3.5382938385009766,
  "umap2": 10.334836959838867
}