{
  "umap1": 0.892678206951965,
  "umap2": 0.9537737750626153
}