{
  "umap1": 12.760507583618164,
  "umap2": 5.418237209320068
}