{
  "No direct optim ancestor": "None",
  "umap1": 0.6083740730907177,
  "umap2": 0.4448201747046424
}