{
  "umap1": 0.12718778615814996,
  "umap2": 0.7420022073286674
}