{
  "umap1": 14.133584976196289,
  "umap2": 4.21361780166626
}