{
  "No direct optim ancestor": "None",
  "umap1": 0.27981460187546325,
  "umap2": 0.933694709124788
}