{
  "umap1": 0.5843624963216346,
  "umap2": 0.9971230899799468
}