{
  "umap1": 0.5651052287831,
  "umap2": 0.3924722768360345
}