{
  "umap1": 1.1275242567062378,
  "umap2": 9.591769218444824
}