{
  "umap1": 0.602218392555181,
  "umap2": 0.41914432439149674
}