{
  "No direct optim ancestor": "None",
  "umap1": 0.7675650911766992,
  "umap2": 0.1654726367873237
}