{
  "umap1": 13.179372787475586,
  "umap2": 7.535274028778076
}