{
  "umap1": 0.9847859965784236,
  "umap2": 0.2306550747427799
}