{
  "umap1": 8.667902946472168,
  "umap2": 3.1907501220703125
}