{
  "umap1": 0.11826598769880381,
  "umap2": 0.14551962409062025
}