{
  "umap1": 10.075813293457031,
  "umap2": 1.4948571920394897
}