{
  "umap1": 0.3480035413066749,
  "umap2": 0.15730403225630096
}