{
  "No direct optim ancestor": "None",
  "umap1": 0.732048056542226,
  "umap2": 0.23267474565905832
}