{
  "No direct optim ancestor": "None",
  "umap1": 0.14729398821416095,
  "umap2": 0.1730622545563958
}