{
  "umap1": 0.5825561415984842,
  "umap2": 0.5013550398684496
}