{
  "umap1": 0.2587916183410258,
  "umap2": 0.457101323061907
}