{
  "umap1": 8.712821960449219,
  "umap2": 3.1592299938201904
}