{
  "No direct optim ancestor": "None",
  "umap1": 0.682517235570839,
  "umap2": 0.828811329934951
}