{
  "umap1": 0.9417047299852566,
  "umap2": 0.4968622002250115
}