{
  "umap1": 0.04582864371085915,
  "umap2": 0.37532410322807686
}