{
  "No direct optim ancestor": "None",
  "umap1": 0.34475607486231774,
  "umap2": 0.7285711513133747
}