{
  "umap1": 13.027953147888184,
  "umap2": 5.402429580688477
}