{
  "No direct optim ancestor": "None",
  "umap1": 0.9467620229277206,
  "umap2": 0.010987572827210412
}