{
  "umap1": 0.14499183738100552,
  "umap2": 0.10472290143428542
}