{
  "umap1": 10.576584815979004,
  "umap2": 2.9988322257995605
}