{
  "umap1": 3.8115122318267822,
  "umap2": 10.113212585449219
}