{
  "umap1": 9.573166847229004,
  "umap2": 1.4529873132705688
}