{
  "umap1": 12.463332176208496,
  "umap2": 4.828665256500244
}