{
  "No direct optim ancestor": "None",
  "umap1": 0.22346997176291783,
  "umap2": 0.7965636963208996
}