{
  "umap1": 0.6275388528807185,
  "umap2": 0.6473145561544283
}