{
  "umap1": 0.9946222474946027,
  "umap2": 0.11677008327458194
}