{
  "umap1": 8.349784851074219,
  "umap2": 7.270718574523926
}