{
  "umap1": 0.964883128002042,
  "umap2": 0.24100071854272165
}