{
  "umap1": 8.622496604919434,
  "umap2": 5.332979202270508
}