{
  "No direct optim ancestor": "None",
  "umap1": 0.9697426362096341,
  "umap2": 0.12014547544300658
}