{
  "umap1": 0.44506281178500784,
  "umap2": 0.9583206390117742
}