{
  "umap1": 0.9711164437400622,
  "umap2": 0.8222872018858495
}