{
  "umap1": 10.23386001586914,
  "umap2": 4.402618885040283
}