{
  "No direct optim ancestor": "None",
  "umap1": 0.527372596241207,
  "umap2": 0.2383346954747244
}