{
  "umap1": 0.6190193722936316,
  "umap2": 0.7236892143059687
}