{
  "No direct optim ancestor": "None",
  "umap1": 0.24718178828337567,
  "umap2": 0.31081107342922354
}