{
  "No direct optim ancestor": "None",
  "umap1": 0.3101464789855449,
  "umap2": 0.6556720526695995
}