{
  "umap1": 0.1929172878631059,
  "umap2": 0.2557967190082282
}