{
  "umap1": 10.005047798156738,
  "umap2": 4.404003620147705
}