{
  "umap1": 3.9463794231414795,
  "umap2": 9.842475891113281
}