{
  "umap1": 3.8571617603302,
  "umap2": 9.845510482788086
}