{
  "No direct optim ancestor": "None",
  "umap1": 0.8831705253973173,
  "umap2": 0.7849993576020629
}