{
  "umap1": 0.43692034424197446,
  "umap2": 0.8734179992431479
}