{
  "umap1": 11.244592666625977,
  "umap2": 2.3755829334259033
}