{
  "umap1": 0.237339984592568,
  "umap2": 0.3514014515697612
}