{
  "umap1": 1.1346880197525024,
  "umap2": 9.593337059020996
}