{
  "umap1": 10.217257499694824,
  "umap2": 5.993239402770996
}