{
  "No direct optim ancestor": "None",
  "umap1": 0.6080124078156351,
  "umap2": 0.21518596607027285
}