{
  "umap1": 0.2992278578209271,
  "umap2": 0.3984101484937602
}