{
  "umap1": 12.199090003967285,
  "umap2": 1.6885188817977905
}