{
  "umap1": 0.395207635633006,
  "umap2": 0.2656671170624828
}