{
  "No direct optim ancestor": "None",
  "umap1": 0.24192489185835686,
  "umap2": 0.6402284050021063
}