{
  "umap1": 11.079577445983887,
  "umap2": 1.8417648077011108
}