{
  "umap1": 3.0224266052246094,
  "umap2": 10.682696342468262
}