{
  "umap1": 0.6241313210278021,
  "umap2": 0.8592339720967742
}