{
  "No direct optim ancestor": "None",
  "umap1": 0.0010835094686250102,
  "umap2": 0.5261869036136861
}