{
  "umap1": 12.566434860229492,
  "umap2": 3.3591766357421875
}