{
  "umap1": 0.34033397397885035,
  "umap2": 0.3714989685183171
}