{
  "No direct optim ancestor": "None",
  "umap1": 0.8048517022822447,
  "umap2": 0.9382391131021394
}