{
  "umap1": 0.013902021311747448,
  "umap2": 0.1255332267082243
}