{
  "No direct optim ancestor": "None",
  "umap1": 0.27789154682574746,
  "umap2": 0.5681565546161077
}