{
  "No direct optim ancestor": "None",
  "umap1": 0.8590949365032138,
  "umap2": 0.18508098324904954
}