{
  "umap1": 0.3401876298385814,
  "umap2": 0.4775752774415124
}