{
  "umap1": 13.165018081665039,
  "umap2": 3.8515453338623047
}