{
  "umap1": 0.9814393314656574,
  "umap2": 0.7574939073549265
}