{
  "umap1": 12.18820858001709,
  "umap2": 4.932519435882568
}