{
  "No direct optim ancestor": "None",
  "umap1": 0.9019347736136256,
  "umap2": 0.20537068220145893
}