{
  "umap1": 9.477252960205078,
  "umap2": 1.4914168119430542
}