{
  "umap1": 0.742468340747388,
  "umap2": 0.24065408702713653
}