{
  "No direct optim ancestor": "None",
  "umap1": 0.22406509045462752,
  "umap2": 0.28462774649825007
}