{
  "umap1": 11.439318656921387,
  "umap2": 1.565298318862915
}