{
  "umap1": 11.094260215759277,
  "umap2": 3.721067428588867
}