{
  "umap1": 1.0797349214553833,
  "umap2": 9.641573905944824
}