{
  "umap1": 0.9266383347988224,
  "umap2": 0.25594705967824305
}