{
  "umap1": 13.55295181274414,
  "umap2": 6.181440353393555
}