{
  "No direct optim ancestor": "None",
  "umap1": 0.8269798559439684,
  "umap2": 0.39125990709112823
}