{
  "umap1": 0.5602672503095262,
  "umap2": 0.14307141780906407
}