{
  "umap1": 0.9648887289880625,
  "umap2": 0.9968321486650931
}