{
  "No direct optim ancestor": "None",
  "umap1": 0.11792412857523882,
  "umap2": 0.4003462702670353
}