{
  "umap1": 14.167529106140137,
  "umap2": 4.584109783172607
}