{
  "umap1": 0.9036240701426713,
  "umap2": 0.32289501017348354
}