{
  "No direct optim ancestor": "None",
  "umap1": 0.9704448749797877,
  "umap2": 0.04254493865238196
}