{
  "umap1": 11.927658081054688,
  "umap2": 3.0507888793945312
}