{
  "No direct optim ancestor": "None",
  "umap1": 0.820518150517876,
  "umap2": 0.5026586563306487
}