{
  "umap1": 9.82642650604248,
  "umap2": 4.051435470581055
}