{
  "umap1": 0.8868501508493182,
  "umap2": 0.06092521773643378
}