{
  "umap1": 0.5944119369344919,
  "umap2": 0.23175024083491425
}