{
  "No direct optim ancestor": "None",
  "umap1": 0.8287981239178559,
  "umap2": 0.9336042115624387
}