{
  "umap1": 13.796822547912598,
  "umap2": 5.0459699630737305
}