{
  "umap1": 13.051299095153809,
  "umap2": 3.244859218597412
}