{
  "No direct optim ancestor": "None",
  "umap1": 0.6811929343825176,
  "umap2": 0.7132612282611596
}