{
  "umap1": 13.868328094482422,
  "umap2": 6.380737781524658
}