{
  "umap1": 0.9312863940874098,
  "umap2": 0.48782586262533945
}