{
  "No direct optim ancestor": "None",
  "umap1": 0.16616639624642837,
  "umap2": 0.2391123678692081
}