{
  "umap1": 0.9416319113839919,
  "umap2": 0.8782420779946813
}