{
  "No direct optim ancestor": "None",
  "umap1": 0.8840383301105869,
  "umap2": 0.27443835492084745
}