{
  "umap1": 13.195096969604492,
  "umap2": 3.350797176361084
}