{
  "umap1": 0.45005934531127634,
  "umap2": 0.3766760547429987
}