{
  "umap1": 0.7657194070423173,
  "umap2": 0.6241103597937029
}