{
  "No direct optim ancestor": "None",
  "umap1": 0.6896047390062376,
  "umap2": 0.6090370547377382
}