{
  "umap1": 11.248113632202148,
  "umap2": 1.8804500102996826
}