{
  "No direct optim ancestor": "None",
  "umap1": 0.3362874856083752,
  "umap2": 0.8453680667176122
}