{
  "umap1": 0.7124014238425502,
  "umap2": 0.6766504183497446
}