{
  "umap1": 0.20182555951511083,
  "umap2": 0.7692605252372392
}