{
  "umap1": 10.052780151367188,
  "umap2": 2.64231276512146
}