{
  "No direct optim ancestor": "None",
  "umap1": 0.4483208726584246,
  "umap2": 0.002278283789116098
}