{
  "umap1": 0.08827284534056112,
  "umap2": 0.10783096510475987
}