{
  "umap1": 7.300843715667725,
  "umap2": 5.900628089904785
}