{
  "umap1": 0.13423315172499517,
  "umap2": 0.12962957802593378
}