{
  "umap1": 13.827092170715332,
  "umap2": 2.6051254272460938
}