{
  "umap1": 13.135625839233398,
  "umap2": 3.261234760284424
}