{
  "umap1": 13.53076457977295,
  "umap2": 1.6099412441253662
}