{
  "No direct optim ancestor": "None",
  "umap1": 0.28415913051588315,
  "umap2": 0.466943890704949
}