{
  "umap1": 0.6920930583599525,
  "umap2": 0.03474464310648828
}