{
  "umap1": 0.5414540358472157,
  "umap2": 0.640926925149714
}