{
  "umap1": 13.773238182067871,
  "umap2": 2.1414875984191895
}