{
  "No direct optim ancestor": "None",
  "umap1": 0.9851650663967227,
  "umap2": 0.46801528472203713
}