{
  "umap1": 10.785593032836914,
  "umap2": 1.1944336891174316
}