{
  "umap1": 0.7011104401541173,
  "umap2": 0.9985585079958005
}