{
  "No direct optim ancestor": "None",
  "umap1": 0.6834605738687816,
  "umap2": 0.9122738448510024
}