{
  "No direct optim ancestor": "None",
  "umap1": 0.8668092502735,
  "umap2": 0.5864826133944105
}