{
  "umap1": 12.832173347473145,
  "umap2": 7.609624862670898
}