{
  "umap1": 0.9979703377101612,
  "umap2": 0.2538073659192386
}