{
  "umap1": 12.477168083190918,
  "umap2": 3.2371985912323
}