{
  "No direct optim ancestor": "None",
  "umap1": 0.8137693797177821,
  "umap2": 0.4026928705459133
}