{
  "umap1": 0.2836117441654983,
  "umap2": 0.5432996248656721
}