{
  "umap1": 0.6794259199864634,
  "umap2": 0.5699782013315705
}