{
  "No direct optim ancestor": "None",
  "umap1": 0.42907417042165896,
  "umap2": 0.62063105961814
}