{
  "umap1": 12.645817756652832,
  "umap2": 3.669086217880249
}