{
  "umap1": 0.22042542102143803,
  "umap2": 0.09603199479933133
}