{
  "umap1": 8.660892486572266,
  "umap2": 3.121021270751953
}