{
  "umap1": 0.972278401492944,
  "umap2": 0.34294581640435273
}