{
  "umap1": 0.24977695580251946,
  "umap2": 0.16160169728711415
}