{
  "No direct optim ancestor": "None",
  "umap1": 0.0036708946544632415,
  "umap2": 0.2579406335169957
}