{
  "umap1": 8.84702205657959,
  "umap2": 5.303592681884766
}