{
  "umap1": 14.102998733520508,
  "umap2": 5.17765998840332
}