{
  "No direct optim ancestor": "None",
  "umap1": 0.08685163499861992,
  "umap2": 0.30874223858920635
}