{
  "umap1": 12.420731544494629,
  "umap2": 6.561373710632324
}