{
  "umap1": 0.20394719175360954,
  "umap2": 0.07116358780683707
}