{
  "umap1": 14.041886329650879,
  "umap2": 5.601509094238281
}