{
  "umap1": 0.4383817565225099,
  "umap2": 0.29871020534798365
}