{
  "No direct optim ancestor": "None",
  "umap1": 0.8448684750927676,
  "umap2": 0.6296736999724666
}