{
  "umap1": 0.6729071005642543,
  "umap2": 0.057168176751564936
}