{
  "No direct optim ancestor": "None",
  "umap1": 0.8007096452207937,
  "umap2": 0.6276644531241127
}