{
  "umap1": 0.4856393388714031,
  "umap2": 0.07387867429190609
}