{
  "No direct optim ancestor": "None",
  "umap1": 0.35823125875685613,
  "umap2": 0.8517422934377616
}