{
  "umap1": 11.00106143951416,
  "umap2": 2.389418601989746
}