{
  "No direct optim ancestor": "None",
  "umap1": 0.3660843967511742,
  "umap2": 0.0477669945666771
}