{
  "umap1": 11.479068756103516,
  "umap2": 3.6550564765930176
}