{
  "umap1": 0.8218685752468101,
  "umap2": 0.21781852663274293
}