{
  "umap1": 11.861677169799805,
  "umap2": 2.363624334335327
}