{
  "umap1": 0.2955510727699312,
  "umap2": 0.9999136648286051
}