{
  "umap1": 10.123282432556152,
  "umap2": 6.897545337677002
}