{
  "No direct optim ancestor": "None",
  "umap1": 0.17311031372818475,
  "umap2": 0.5556516032238864
}