{
  "umap1": 10.68248176574707,
  "umap2": 2.546895980834961
}