{
  "No direct optim ancestor": "None",
  "umap1": 0.8553093840376295,
  "umap2": 0.03375222870523931
}