{
  "umap1": 0.5240033794227542,
  "umap2": 0.9325079224042174
}