{
  "No direct optim ancestor": "None",
  "umap1": 0.5738105622683459,
  "umap2": 0.9611329501961797
}