{
  "umap1": 0.8073734464531074,
  "umap2": 0.4879309125495046
}