{
  "umap1": 0.6842173561519376,
  "umap2": 0.08929974622345216
}