{
  "No direct optim ancestor": "None",
  "umap1": 0.23385283725556127,
  "umap2": 0.7549974265953214
}