{
  "umap1": 12.235275268554688,
  "umap2": 7.246026515960693
}