{
  "umap1": 14.189009666442871,
  "umap2": 4.124011039733887
}