{
  "umap1": 9.302955627441406,
  "umap2": 2.8894665241241455
}