{
  "umap1": 0.7685441981165871,
  "umap2": 0.6637092729457875
}