{
  "No direct optim ancestor": "None",
  "umap1": 0.11894586629784387,
  "umap2": 0.25562043324707473
}