{
  "No direct optim ancestor": "None",
  "umap1": 0.2827223720768145,
  "umap2": 0.09363123715235233
}