{
  "umap1": 0.2413484310749433,
  "umap2": 0.8538123553455597
}