{
  "umap1": 0.17435617093409805,
  "umap2": 0.4043332634707907
}