{
  "No direct optim ancestor": "None",
  "umap1": 0.5405083602284042,
  "umap2": 0.9673075022177682
}