{
  "No direct optim ancestor": "None",
  "umap1": 0.10425205288989714,
  "umap2": 0.05507522681825494
}