{
  "umap1": 0.6394589518764021,
  "umap2": 0.0586734843446538
}