{
  "umap1": 10.151037216186523,
  "umap2": 4.0168280601501465
}