{
  "No direct optim ancestor": "None",
  "umap1": 0.09133140727629074,
  "umap2": 0.4782724393427229
}