{
  "umap1": 0.362323511184799,
  "umap2": 0.3673238445158239
}