{
  "umap1": 0.12357641878671477,
  "umap2": 0.11900857557468725
}