{
  "umap1": 0.9057076143427014,
  "umap2": 0.34465877567588155
}