{
  "No direct optim ancestor": "None",
  "umap1": 0.5432190931981917,
  "umap2": 0.06061395466924102
}