{
  "umap1": 12.89340591430664,
  "umap2": 3.7672905921936035
}