{
  "umap1": 12.271811485290527,
  "umap2": 2.8101725578308105
}