{
  "umap1": 0.8974601866264292,
  "umap2": 0.7629293321833885
}