{
  "umap1": 12.963061332702637,
  "umap2": 6.917797088623047
}