{
  "No direct optim ancestor": "None",
  "umap1": 0.26461885513296934,
  "umap2": 0.5245178681370632
}