{
  "umap1": 10.648749351501465,
  "umap2": 1.8492292165756226
}