{
  "No direct optim ancestor": "None",
  "umap1": 0.7509789994685899,
  "umap2": 0.428423665686513
}