{
  "umap1": 0.6925031681673122,
  "umap2": 0.3685334044605597
}