{
  "umap1": 0.49751614701199,
  "umap2": 0.04937453038103401
}