{
  "No direct optim ancestor": "None",
  "umap1": 0.7973417332391565,
  "umap2": 0.3951307563222779
}