{
  "umap1": 0.13015513348228647,
  "umap2": 0.8000050209323619
}