{
  "No direct optim ancestor": "None",
  "umap1": 0.4903873036800134,
  "umap2": 0.7787966777984539
}