{
  "umap1": 10.106034278869629,
  "umap2": 5.55673885345459
}