{
  "umap1": 0.4701892340964867,
  "umap2": 0.021336745538768298
}