{
  "umap1": 9.414032936096191,
  "umap2": 2.6386523246765137
}