{
  "No direct optim ancestor": "None",
  "umap1": 0.3587592785092071,
  "umap2": 0.7878383833230297
}