{
  "umap1": 0.3642934993087311,
  "umap2": 0.7414685728767041
}