{
  "umap1": 0.21943643909550192,
  "umap2": 0.4043059067732604
}