{
  "No direct optim ancestor": "None",
  "umap1": 0.7035372451633085,
  "umap2": 0.3303981653819058
}