{
  "umap1": 11.967596054077148,
  "umap2": 2.5932199954986572
}