{
  "No direct optim ancestor": "None",
  "umap1": 0.19992692143152613,
  "umap2": 0.9567001062513188
}