{
  "umap1": 0.5558818914351332,
  "umap2": 0.8852297290850952
}