{
  "umap1": 0.9488026299083981,
  "umap2": 0.5596387810194012
}