{
  "No direct optim ancestor": "None",
  "umap1": 0.7867914013999874,
  "umap2": 0.7689748799393963
}