{
  "No direct optim ancestor": "None",
  "umap1": 0.8384195567495544,
  "umap2": 0.5528028989510212
}