{
  "umap1": 10.562081336975098,
  "umap2": 1.824124813079834
}