{
  "umap1": 0.2812153158842128,
  "umap2": 0.8732505591858515
}