{
  "umap1": 7.846899509429932,
  "umap2": 5.639001369476318
}