{
  "umap1": 9.001678466796875,
  "umap2": 4.789408206939697
}