{
  "No direct optim ancestor": "None",
  "umap1": 0.2040747247533462,
  "umap2": 0.9901618851571821
}