{
  "umap1": 0.059400529765384125,
  "umap2": 0.6095738804052968
}