{
  "No direct optim ancestor": "None",
  "umap1": 0.9885188424453875,
  "umap2": 0.3408133522156668
}