{
  "umap1": 0.3172144537903363,
  "umap2": 0.938822005228451
}