{
  "umap1": 0.6529207699338355,
  "umap2": 0.9462634199411752
}