{
  "No direct optim ancestor": "None",
  "umap1": 0.4430686975103272,
  "umap2": 0.7638077765722524
}