{
  "umap1": 10.183403015136719,
  "umap2": 2.082667112350464
}