{
  "umap1": 13.605966567993164,
  "umap2": 2.7917568683624268
}