{
  "umap1": 11.68686294555664,
  "umap2": 4.259829044342041
}