{
  "umap1": 9.280309677124023,
  "umap2": 5.983559608459473
}