{
  "No direct optim ancestor": "None",
  "umap1": 0.24832940813276427,
  "umap2": 0.2803641409058487
}