{
  "umap1": 0.5123859763703897,
  "umap2": 0.6905272285662156
}