{
  "umap1": 13.464885711669922,
  "umap2": 7.15934944152832
}