{
  "umap1": 0.4883359699612687,
  "umap2": 0.87762831450561
}