{
  "No direct optim ancestor": "None",
  "umap1": 0.9657423812520475,
  "umap2": 0.006372082109748045
}