{
  "umap1": 0.05401253753486879,
  "umap2": 0.2461438730986062
}