{
  "umap1": 12.015568733215332,
  "umap2": 3.406765937805176
}