{
  "umap1": 12.066570281982422,
  "umap2": 4.154883861541748
}