{
  "umap1": 7.309779167175293,
  "umap2": 5.890437602996826
}