{
  "umap1": 11.703511238098145,
  "umap2": 6.802084445953369
}