{
  "umap1": 0.6174944978661503,
  "umap2": 0.5986288779871797
}