{
  "No direct optim ancestor": "None",
  "umap1": 0.8859596773985302,
  "umap2": 0.28059457553975575
}