{
  "umap1": 11.481498718261719,
  "umap2": 3.5209898948669434
}