{
  "umap1": 0.3870637432059848,
  "umap2": 0.40470293119417067
}