{
  "umap1": 13.817558288574219,
  "umap2": 2.054959535598755
}