{
  "umap1": 13.10934829711914,
  "umap2": 5.27216911315918
}