{
  "umap1": 11.01293659210205,
  "umap2": 1.9837281703948975
}