{
  "umap1": 0.5087469615025006,
  "umap2": 0.5035949911945804
}