{
  "umap1": 0.9737331307409713,
  "umap2": 0.470340174668351
}