{
  "umap1": 1.4159231185913086,
  "umap2": 10.056843757629395
}