{
  "umap1": 0.9821550174809719,
  "umap2": 0.5713471543295447
}