{
  "umap1": 11.529932975769043,
  "umap2": 3.5176613330841064
}