{
  "No direct optim ancestor": "None",
  "umap1": 0.9414451904778935,
  "umap2": 0.33708296171759866
}