{
  "umap1": 12.342681884765625,
  "umap2": 3.4691052436828613
}