{
  "umap1": 0.7713908982113382,
  "umap2": 0.17138261234008256
}