{
  "No direct optim ancestor": "None",
  "umap1": 0.2442304683133607,
  "umap2": 0.32481849233470816
}