{
  "umap1": 12.861469268798828,
  "umap2": 4.1927032470703125
}