{
  "No direct optim ancestor": "None",
  "umap1": 0.8554829845184189,
  "umap2": 0.09938523715208247
}