{
  "umap1": 0.5908661723289044,
  "umap2": 0.5434635142514522
}