{
  "umap1": 11.759577751159668,
  "umap2": 2.7009899616241455
}