{
  "No direct optim ancestor": "None",
  "umap1": 0.4532189577143835,
  "umap2": 0.1552338537839505
}