{
  "umap1": 0.7712229970522639,
  "umap2": 0.21611207062152515
}