{
  "umap1": 0.8843888915391364,
  "umap2": 0.4699198269232078
}