{
  "No direct optim ancestor": "None",
  "umap1": 0.7131841322838752,
  "umap2": 0.0017984162768031053
}