{
  "umap1": 3.57694149017334,
  "umap2": 10.354881286621094
}