{
  "umap1": 9.51650619506836,
  "umap2": 2.236558675765991
}