{
  "umap1": 0.10808572915180714,
  "umap2": 0.7715537901237416
}