{
  "umap1": 0.885383287768184,
  "umap2": 0.28423560985230834
}