{
  "No direct optim ancestor": "None",
  "umap1": 0.6033685195443784,
  "umap2": 0.900388050519132
}