{
  "umap1": 0.7092713025077838,
  "umap2": 0.17191420292764448
}