{
  "umap1": 0.7906894120843949,
  "umap2": 0.04999214085704429
}