{
  "umap1": 10.478904724121094,
  "umap2": 2.4779834747314453
}