{
  "No direct optim ancestor": "None",
  "umap1": 0.3923037120355385,
  "umap2": 0.028990886218072442
}