{
  "umap1": 4.659866809844971,
  "umap2": 10.680038452148438
}