{
  "umap1": 0.6739084688959356,
  "umap2": 0.6779167910242002
}