{
  "umap1": 4.968425273895264,
  "umap2": 10.75708293914795
}