{
  "umap1": 0.25291155812486876,
  "umap2": 0.514321048119091
}