{
  "No direct optim ancestor": "None",
  "umap1": 0.2615261985983385,
  "umap2": 0.4823672475240981
}