{
  "umap1": 13.786569595336914,
  "umap2": 4.652137279510498
}