{
  "No direct optim ancestor": "None",
  "umap1": 0.2780287536843614,
  "umap2": 0.3923424439040508
}