{
  "umap1": 14.01815414428711,
  "umap2": 2.3126986026763916
}