{
  "umap1": 0.5526372273537747,
  "umap2": 0.24658774489531898
}