{
  "No direct optim ancestor": "None",
  "umap1": 0.8756169293541785,
  "umap2": 0.19630965005466816
}