{
  "umap1": 0.03193880926133219,
  "umap2": 0.04207089237011752
}