{
  "umap1": 12.127584457397461,
  "umap2": 3.5950536727905273
}