{
  "No direct optim ancestor": "None",
  "umap1": 0.31534901972710916,
  "umap2": 0.39772718742422575
}