{
  "umap1": 0.15510896864437906,
  "umap2": 0.5339871771847484
}