{
  "umap1": 10.102350234985352,
  "umap2": 5.042938232421875
}