{
  "umap1": 0.5357928283762139,
  "umap2": 0.2753895044728032
}