{
  "No direct optim ancestor": "None",
  "umap1": 0.39468200271251097,
  "umap2": 0.8653882845305392
}