{
  "umap1": 0.8553787653193501,
  "umap2": 0.5870401087771264
}