{
  "umap1": 9.241135597229004,
  "umap2": 4.6996235847473145
}