{
  "umap1": 0.5793357121746323,
  "umap2": 0.20971220975401716
}