{
  "umap1": 9.099796295166016,
  "umap2": 5.900630474090576
}