{
  "No direct optim ancestor": "None",
  "umap1": 0.9171827390606178,
  "umap2": 0.4192371619231404
}