{
  "umap1": 11.94227409362793,
  "umap2": 4.011023998260498
}