{
  "umap1": 0.004955214924142415,
  "umap2": 0.8836523871468736
}