{
  "No direct optim ancestor": "None",
  "umap1": 0.3259809099315879,
  "umap2": 0.6413596664164927
}