{
  "umap1": 0.3313418946911201,
  "umap2": 0.3322429931307558
}