{
  "umap1": 8.225883483886719,
  "umap2": 8.958538055419922
}