{
  "umap1": 2.85144305229187,
  "umap2": 10.51764965057373
}