{
  "umap1": 13.09050178527832,
  "umap2": 4.045605182647705
}