{
  "No direct optim ancestor": "None",
  "umap1": 0.7829026805668542,
  "umap2": 0.537279861641814
}