{
  "umap1": 0.5508716928715522,
  "umap2": 0.05593900312253908
}