{
  "umap1": 7.3243632316589355,
  "umap2": 5.875761032104492
}