{
  "umap1": 10.513704299926758,
  "umap2": 1.628217339515686
}