{
  "umap1": 12.717422485351562,
  "umap2": 4.66432523727417
}