{
  "umap1": 0.09320747836510002,
  "umap2": 0.5162505499962257
}