{
  "No direct optim ancestor": "None",
  "umap1": 0.7780296984636104,
  "umap2": 0.17358219076409198
}