{
  "umap1": 0.683802071139509,
  "umap2": 0.7053651646357948
}