{
  "No direct optim ancestor": "None",
  "umap1": 0.8531758095554289,
  "umap2": 0.14400578027878452
}