{
  "umap1": 1.3214439153671265,
  "umap2": 10.051202774047852
}