{
  "umap1": 13.829297065734863,
  "umap2": 2.7482197284698486
}