{
  "No direct optim ancestor": "None",
  "umap1": 0.7375170165842488,
  "umap2": 0.833051369420252
}