{
  "umap1": 0.11048588773540735,
  "umap2": 0.5757220576682974
}