{
  "umap1": 0.23546692954289894,
  "umap2": 0.7244105401325879
}