{
  "No direct optim ancestor": "None",
  "umap1": 0.34811915947442196,
  "umap2": 0.8194889533208913
}