{
  "umap1": 13.392223358154297,
  "umap2": 6.786745071411133
}