{
  "umap1": 0.8136764716724166,
  "umap2": 0.10802953506486912
}