{
  "No direct optim ancestor": "None",
  "umap1": 0.19158532602799472,
  "umap2": 0.7260629591041209
}