{
  "umap1": 12.023308753967285,
  "umap2": 2.5801570415496826
}