{
  "umap1": 1.0400270223617554,
  "umap2": 9.61607551574707
}