{
  "umap1": 0.10973133139842639,
  "umap2": 0.8117216703402511
}