{
  "umap1": 13.46518325805664,
  "umap2": 4.661904811859131
}