{
  "No direct optim ancestor": "None",
  "umap1": 0.05030879783542708,
  "umap2": 0.7204871387902478
}