{
  "umap1": 0.7940746760253656,
  "umap2": 0.36053035764105934
}