{
  "umap1": 8.59434986114502,
  "umap2": 3.188572883605957
}