{
  "umap1": 1.35505211353302,
  "umap2": 10.008954048156738
}