{
  "umap1": 0.565800398499702,
  "umap2": 0.9753184522594681
}