{
  "umap1": 8.60127067565918,
  "umap2": 3.2064554691314697
}