{
  "No direct optim ancestor": "None",
  "umap1": 0.5818092260430724,
  "umap2": 0.9738592619059182
}