{
  "umap1": 0.3027100412774164,
  "umap2": 0.9716476583414235
}