{
  "umap1": 0.9546983027621795,
  "umap2": 0.4224720784349725
}