{
  "umap1": 10.982559204101562,
  "umap2": 1.7159723043441772
}