{
  "umap1": 10.037975311279297,
  "umap2": 1.1969867944717407
}