{
  "No direct optim ancestor": "None",
  "umap1": 0.5844786077927853,
  "umap2": 0.5376997284396282
}