{
  "umap1": 12.379237174987793,
  "umap2": 3.619067668914795
}