{
  "umap1": 0.9709161776046408,
  "umap2": 0.6992635509226043
}