{
  "umap1": 1.331268072128296,
  "umap2": 9.997055053710938
}