{
  "umap1": 0.7477128284719652,
  "umap2": 0.07307613220032072
}