{
  "No direct optim ancestor": "None",
  "umap1": 0.16343919837669596,
  "umap2": 0.5235971549529866
}