{
  "umap1": 0.21672020548639293,
  "umap2": 0.07714749519386488
}