{
  "umap1": 0.02232060424560678,
  "umap2": 0.6991268673690445
}