{
  "No direct optim ancestor": "None",
  "umap1": 0.9251838489574005,
  "umap2": 0.3766904380227276
}