{
  "umap1": 0.8441272755466965,
  "umap2": 0.991844344409069
}