{
  "umap1": 3.76920223236084,
  "umap2": 9.958636283874512
}