{
  "No direct optim ancestor": "None",
  "umap1": 0.6357221190867954,
  "umap2": 0.9180929401202397
}