{
  "umap1": 0.5853048428174317,
  "umap2": 0.26571582396154847
}