{
  "umap1": 10.77476692199707,
  "umap2": 1.4321664571762085
}