{
  "umap1": 13.0120267868042,
  "umap2": 4.5236992835998535
}