{
  "umap1": 0.23839222202392785,
  "umap2": 0.6555079610875992
}