{
  "No direct optim ancestor": "None",
  "umap1": 0.5745875996569141,
  "umap2": 0.8716861820814235
}