{
  "umap1": 1.3996065855026245,
  "umap2": 9.950528144836426
}