{
  "No direct optim ancestor": "None",
  "umap1": 0.2279167472911542,
  "umap2": 0.64503180440762
}