{
  "umap1": 0.8999368535789185,
  "umap2": 0.587251996288929
}