{
  "umap1": 11.492006301879883,
  "umap2": 3.508280038833618
}