{
  "umap1": 0.32115942579074686,
  "umap2": 0.9091153691078144
}