{
  "No direct optim ancestor": "None",
  "umap1": 0.7015706470605968,
  "umap2": 0.027190315062956993
}