{
  "umap1": 11.617420196533203,
  "umap2": 2.507750988006592
}