{
  "umap1": 0.9365183422671638,
  "umap2": 0.2546894198031875
}