{
  "No direct optim ancestor": "None",
  "umap1": 0.22086241825540576,
  "umap2": 0.04456059618026986
}