{
  "umap1": 12.210004806518555,
  "umap2": 5.274287700653076
}