{
  "umap1": 0.0607612305403763,
  "umap2": 0.887130625034799
}