{
  "No direct optim ancestor": "None",
  "umap1": 0.12010723544633983,
  "umap2": 0.9775467638097908
}