{
  "umap1": 9.430173873901367,
  "umap2": 1.7600866556167603
}