{
  "umap1": 11.497282028198242,
  "umap2": 1.5063375234603882
}