{
  "No direct optim ancestor": "None",
  "umap1": 0.44695259586385383,
  "umap2": 0.9583614648471462
}