{
  "umap1": 0.6523899019381141,
  "umap2": 0.6209116745136898
}