{
  "umap1": 0.5846057466517562,
  "umap2": 0.6621555044343924
}