{
  "No direct optim ancestor": "None",
  "umap1": 0.6841894993556452,
  "umap2": 0.3469395059789513
}