{
  "umap1": 12.516156196594238,
  "umap2": 2.919905662536621
}