{
  "No direct optim ancestor": "None",
  "umap1": 0.09274343143799135,
  "umap2": 0.3543913310686293
}