{
  "umap1": 0.6809045683600852,
  "umap2": 0.4236476003482067
}