{
  "umap1": 13.49354362487793,
  "umap2": 5.979077339172363
}