{
  "No direct optim ancestor": "None",
  "umap1": 0.09475326547231722,
  "umap2": 0.5345995187961299
}