{
  "umap1": 0.1993065732031155,
  "umap2": 0.593097265915916
}