{
  "umap1": 12.248558044433594,
  "umap2": 3.6207356452941895
}