{
  "umap1": 0.841026704543188,
  "umap2": 0.2839753778130474
}