{
  "umap1": 13.565191268920898,
  "umap2": 2.337082624435425
}