{
  "No direct optim ancestor": "None",
  "umap1": 0.7511763896779751,
  "umap2": 0.6765910791073174
}