{
  "No direct optim ancestor": "None",
  "umap1": 0.7210787310748104,
  "umap2": 0.26027959484391416
}