{
  "umap1": 0.5792275523190928,
  "umap2": 0.1171592980876126
}