{
  "No direct optim ancestor": "None",
  "umap1": 0.3069785166107082,
  "umap2": 0.8445434043485334
}