{
  "umap1": 10.599228858947754,
  "umap2": 3.0176355838775635
}