{
  "umap1": 0.5639004003461712,
  "umap2": 0.18100468284354276
}