{
  "umap1": 0.5554386266713848,
  "umap2": 0.5707489478230208
}