{
  "umap1": 0.291147740937044,
  "umap2": 0.9091831292691266
}