{
  "umap1": 3.3389809131622314,
  "umap2": 10.449658393859863
}