{
  "umap1": 0.8721156533153754,
  "umap2": 0.3868786446339091
}