{
  "umap1": 7.336971759796143,
  "umap2": 5.857203960418701
}