{
  "No direct optim ancestor": "None",
  "umap1": 0.8421908189228681,
  "umap2": 0.06991148561502591
}