{
  "umap1": 0.9906210157032893,
  "umap2": 0.6319506995467447
}