{
  "umap1": 3.167447805404663,
  "umap2": 10.454090118408203
}