{
  "No direct optim ancestor": "None",
  "umap1": 0.27559691194601443,
  "umap2": 0.8907251193793022
}