{
  "umap1": 0.13337793911127582,
  "umap2": 0.7672957482516355
}