{
  "umap1": 11.586761474609375,
  "umap2": 1.6222343444824219
}