{
  "umap1": 0.42400358313092146,
  "umap2": 0.8706784406231957
}