{
  "No direct optim ancestor": "None",
  "umap1": 0.46889580428394795,
  "umap2": 0.46596087146102183
}