{
  "umap1": 10.14949893951416,
  "umap2": 1.498097538948059
}