{
  "umap1": 0.34848393590720694,
  "umap2": 0.16109482858767354
}