{
  "umap1": 0.7211111216649736,
  "umap2": 0.26029019202347325
}