{
  "umap1": 9.298918724060059,
  "umap2": 5.850828170776367
}