{
  "umap1": 10.940013885498047,
  "umap2": 1.5378738641738892
}