{
  "umap1": 0.07646200044080453,
  "umap2": 0.15537895724877515
}