{
  "No direct optim ancestor": "None",
  "umap1": 0.5796736714983165,
  "umap2": 0.201449953010445
}