{
  "umap1": 8.613540649414062,
  "umap2": 5.3683271408081055
}