{
  "umap1": 0.34020166946134534,
  "umap2": 0.16914569227921228
}