{
  "umap1": 11.720100402832031,
  "umap2": 4.321635723114014
}