{
  "umap1": 2.822047710418701,
  "umap2": 10.556002616882324
}