{
  "umap1": 0.0204982252139444,
  "umap2": 0.6612280605194306
}