{
  "umap1": 12.332789421081543,
  "umap2": 3.7019283771514893
}