{
  "No direct optim ancestor": "None",
  "umap1": 0.7306506222078217,
  "umap2": 0.7459767481520477
}