{
  "umap1": 13.530928611755371,
  "umap2": 1.6353518962860107
}