{
  "umap1": 0.3701004630933028,
  "umap2": 0.31219096011398206
}