{
  "umap1": 0.3651831367834324,
  "umap2": 0.27611146595577396
}