{
  "umap1": 14.10120677947998,
  "umap2": 5.694725513458252
}