{
  "No direct optim ancestor": "None",
  "umap1": 0.19496098342531554,
  "umap2": 0.021109196697223664
}