{
  "umap1": 13.559268951416016,
  "umap2": 4.274720191955566
}