{
  "No direct optim ancestor": "None",
  "umap1": 0.7873482424467079,
  "umap2": 0.8450719354492737
}