{
  "umap1": 0.42008290079900934,
  "umap2": 0.7822394453104483
}