{
  "umap1": 0.42396108541890554,
  "umap2": 0.3947947466830263
}