{
  "No direct optim ancestor": "None",
  "umap1": 0.6113794882258405,
  "umap2": 0.5720845952916812
}