{
  "umap1": 0.8633316112255859,
  "umap2": 0.1551523451641863
}