{
  "No direct optim ancestor": "None",
  "umap1": 0.37230843532922897,
  "umap2": 0.9938522037387513
}