{
  "umap1": 10.658902168273926,
  "umap2": 3.1839540004730225
}