{
  "umap1": 13.344709396362305,
  "umap2": 3.006758213043213
}