{
  "umap1": 0.06895327682434549,
  "umap2": 0.42584441253213456
}