{
  "umap1": 0.8732715737115262,
  "umap2": 0.8505809583707258
}