{
  "umap1": 1.2231521606445312,
  "umap2": 9.836752891540527
}