{
  "umap1": 12.764276504516602,
  "umap2": 4.634042739868164
}