{
  "umap1": 0.4192395027169731,
  "umap2": 0.05214336542307385
}