{
  "No direct optim ancestor": "None",
  "umap1": 0.8083433340270978,
  "umap2": 0.3514878692467973
}