{
  "umap1": 0.8583900399264603,
  "umap2": 0.5509177296355
}