{
  "No direct optim ancestor": "None",
  "umap1": 0.3683021590116281,
  "umap2": 0.5925161958098094
}