{
  "No direct optim ancestor": "None",
  "umap1": 0.30036793320005284,
  "umap2": 0.9184210933458414
}