{
  "umap1": 0.14833115667216323,
  "umap2": 0.37087140134258745
}