{
  "umap1": 0.5664264992640655,
  "umap2": 0.28005743858830845
}