{
  "umap1": 8.355320930480957,
  "umap2": 7.242242813110352
}