{
  "umap1": 12.47221851348877,
  "umap2": 6.816646575927734
}