{
  "umap1": 0.6231672682584269,
  "umap2": 0.2192021953801484
}