{
  "No direct optim ancestor": "None",
  "umap1": 0.9527771666804792,
  "umap2": 0.03396199790065846
}