{
  "umap1": 0.23097901075069127,
  "umap2": 0.9222473085542986
}