{
  "umap1": 0.8832998484185228,
  "umap2": 0.6921793718877332
}