{
  "No direct optim ancestor": "None",
  "umap1": 0.9143587266618427,
  "umap2": 0.6897723536461918
}