{
  "umap1": 0.5660861589422322,
  "umap2": 0.38734537225583077
}