{
  "umap1": 0.716084474432002,
  "umap2": 0.5876693418452075
}