{
  "No direct optim ancestor": "None",
  "umap1": 0.7833763146808685,
  "umap2": 0.8185100190732051
}