{
  "umap1": 13.5916109085083,
  "umap2": 3.7471981048583984
}