{
  "No direct optim ancestor": "None",
  "umap1": 0.42244312408456763,
  "umap2": 0.47477567223732187
}