{
  "umap1": 0.8297156167125838,
  "umap2": 0.4542793502734287
}