{
  "umap1": 10.350417137145996,
  "umap2": 3.0886895656585693
}