{
  "umap1": 0.8876794795339507,
  "umap2": 0.8873278541082122
}