{
  "umap1": 3.511070728302002,
  "umap2": 10.0260009765625
}