{
  "umap1": 11.49019718170166,
  "umap2": 1.595643401145935
}