{
  "umap1": 11.270954132080078,
  "umap2": 2.274820327758789
}