{
  "umap1": 0.2984049775516362,
  "umap2": 0.858595862725762
}