{
  "No direct optim ancestor": "None",
  "umap1": 0.8886102596786425,
  "umap2": 0.7131761793056061
}