{
  "umap1": 0.7789323423449928,
  "umap2": 0.6182708932616017
}