{
  "No direct optim ancestor": "None",
  "umap1": 0.8625596307359499,
  "umap2": 0.8143689053644997
}