{
  "umap1": 12.96950626373291,
  "umap2": 4.497868537902832
}