{
  "umap1": 10.513092041015625,
  "umap2": 5.802017688751221
}