{
  "umap1": 0.08282198651153738,
  "umap2": 0.17311958201440425
}