{
  "No direct optim ancestor": "None",
  "umap1": 0.3506038598651531,
  "umap2": 0.7207225767068968
}