{
  "umap1": 0.6134072548979579,
  "umap2": 0.5809315843456396
}