{
  "umap1": 12.613503456115723,
  "umap2": 4.085495948791504
}