{
  "No direct optim ancestor": "None",
  "umap1": 0.4193195746290729,
  "umap2": 0.036142907536591884
}