{
  "umap1": 7.337024211883545,
  "umap2": 5.849303722381592
}