{
  "No direct optim ancestor": "None",
  "umap1": 0.36954320270465757,
  "umap2": 0.8379282873168954
}