{
  "umap1": 0.5899936883792439,
  "umap2": 0.03050164201691885
}