{
  "umap1": 9.449307441711426,
  "umap2": 2.276528835296631
}