{
  "umap1": 1.0199768543243408,
  "umap2": 9.65812873840332
}