{
  "umap1": 0.09584400316682151,
  "umap2": 0.669681356715109
}