{
  "umap1": 0.9334840383215924,
  "umap2": 0.060793368072325604
}