{
  "umap1": 8.586830139160156,
  "umap2": 7.912999629974365
}