{
  "umap1": 10.694392204284668,
  "umap2": 5.228701114654541
}