{
  "umap1": 0.36000745248171806,
  "umap2": 0.9883406686110613
}