{
  "No direct optim ancestor": "None",
  "umap1": 0.7288619902007072,
  "umap2": 0.5693762613416841
}