{
  "umap1": 12.508091926574707,
  "umap2": 3.3441519737243652
}