{
  "umap1": 9.62635612487793,
  "umap2": 3.2115976810455322
}