{
  "No direct optim ancestor": "None",
  "umap1": 0.762046798667813,
  "umap2": 0.6289366699368171
}