{
  "umap1": 0.8272812642129912,
  "umap2": 0.9744460724899079
}