{
  "umap1": 0.9798023381532404,
  "umap2": 0.7739127623550316
}