{
  "umap1": 3.316272735595703,
  "umap2": 10.4590425491333
}