{
  "umap1": 2.6602306365966797,
  "umap2": 10.68954849243164
}