{
  "umap1": 0.3311243565067685,
  "umap2": 0.5973505928694068
}