{
  "umap1": 3.6765711307525635,
  "umap2": 10.318830490112305
}