{
  "umap1": 4.887929916381836,
  "umap2": 10.871572494506836
}