{
  "umap1": 0.5600904751806489,
  "umap2": 0.0825814178477593
}