{
  "umap1": 0.1746458802695836,
  "umap2": 0.35492441366185346
}