{
  "umap1": 4.884517192840576,
  "umap2": 10.895634651184082
}