{
  "umap1": 3.4011783599853516,
  "umap2": 10.443647384643555
}