{
  "umap1": 0.22570279526203985,
  "umap2": 0.817928858031394
}