{
  "umap1": 0.08645502645712655,
  "umap2": 0.6164050268914859
}