{
  "No direct optim ancestor": "None",
  "umap1": 0.9701423550159066,
  "umap2": 0.9752668771378926
}