{
  "umap1": 12.68588924407959,
  "umap2": 3.5161609649658203
}