{
  "umap1": 0.12419092628563977,
  "umap2": 0.5745738591720077
}