{
  "umap1": 12.292530059814453,
  "umap2": 7.018564701080322
}