{
  "umap1": 0.24189243135399907,
  "umap2": 0.8205650426612858
}