{
  "No direct optim ancestor": "None",
  "umap1": 0.13452777879578626,
  "umap2": 0.9910201038185467
}