{
  "umap1": 0.6949003611749781,
  "umap2": 0.971593527954387
}