{
  "umap1": 10.924872398376465,
  "umap2": 1.5376933813095093
}