{
  "umap1": 14.3335599899292,
  "umap2": 5.5469512939453125
}