{
  "umap1": 3.0043578147888184,
  "umap2": 10.60472297668457
}