{
  "umap1": 0.1738788401733533,
  "umap2": 0.10568503196268908
}