{
  "umap1": 13.260503768920898,
  "umap2": 6.323906421661377
}