{
  "umap1": 2.9054551124572754,
  "umap2": 10.618748664855957
}