{
  "umap1": 0.4008611081402459,
  "umap2": 0.25460332330339974
}