{
  "umap1": 0.10331863412660403,
  "umap2": 0.2072805590409983
}