{
  "umap1": 1.1918275356292725,
  "umap2": 9.851957321166992
}