{
  "umap1": 8.66038703918457,
  "umap2": 5.289157867431641
}