{
  "No direct optim ancestor": "None",
  "umap1": 0.38442952291455135,
  "umap2": 0.5861218327004367
}