{
  "umap1": 0.7025025722459238,
  "umap2": 0.8318597985707658
}