{
  "umap1": 7.883157253265381,
  "umap2": 5.631907939910889
}