{
  "umap1": 0.3550028864353745,
  "umap2": 0.3319700224499098
}