{
  "umap1": 0.501218146222924,
  "umap2": 0.5291234925009918
}