{
  "umap1": 11.577741622924805,
  "umap2": 3.4754798412323
}