{
  "No direct optim ancestor": "None",
  "umap1": 0.3070201606869466,
  "umap2": 0.7184840200466515
}