{
  "umap1": 0.46333861099685614,
  "umap2": 0.41662418030797965
}