{
  "umap1": 1.1681936979293823,
  "umap2": 9.595071792602539
}