{
  "umap1": 0.76382341239489,
  "umap2": 0.8849136627718563
}