{
  "umap1": 9.687726974487305,
  "umap2": 4.636491775512695
}