{
  "No direct optim ancestor": "None",
  "umap1": 0.4529787940001878,
  "umap2": 0.7203977374985993
}