{
  "umap1": 11.584720611572266,
  "umap2": 1.8355265855789185
}