{
  "umap1": 11.433877944946289,
  "umap2": 2.4273056983947754
}