{
  "No direct optim ancestor": "None",
  "umap1": 0.3924312381752437,
  "umap2": 0.6384114511150472
}