{
  "umap1": 10.730167388916016,
  "umap2": 1.7089266777038574
}