{
  "umap1": 0.24736845200119406,
  "umap2": 0.8417040104915329
}