{
  "umap1": 12.464599609375,
  "umap2": 7.043335914611816
}