{
  "umap1": 14.54680347442627,
  "umap2": 5.721836090087891
}