{
  "umap1": 0.13583693108960004,
  "umap2": 0.1513459653860333
}