{
  "No direct optim ancestor": "None",
  "umap1": 0.3859023283943296,
  "umap2": 0.13613423605364883
}