{
  "umap1": 9.170726776123047,
  "umap2": 5.873018264770508
}