{
  "No direct optim ancestor": "None",
  "umap1": 0.42096234574394564,
  "umap2": 0.0002865855935405559
}