{
  "umap1": 0.19394691451734603,
  "umap2": 0.938543572703065
}