{
  "umap1": 0.11958577926638192,
  "umap2": 0.3222954885124112
}