{
  "No direct optim ancestor": "None",
  "umap1": 0.9688532084954198,
  "umap2": 0.9129177800752413
}