{
  "umap1": 0.7991544100115465,
  "umap2": 0.8056205617635488
}