{
  "umap1": 9.019468307495117,
  "umap2": 6.659164905548096
}