{
  "umap1": 0.24276654696241584,
  "umap2": 0.3738421829980998
}