{
  "umap1": 13.212639808654785,
  "umap2": 6.930369853973389
}