{
  "No direct optim ancestor": "None",
  "umap1": 0.7751880082695161,
  "umap2": 0.22326615024174512
}