{
  "umap1": 11.527640342712402,
  "umap2": 5.924886703491211
}