{
  "No direct optim ancestor": "None",
  "umap1": 0.7437885818155756,
  "umap2": 0.8558754973934629
}