{
  "umap1": 0.11194258618119712,
  "umap2": 0.08165118321342146
}