{
  "umap1": 2.814605951309204,
  "umap2": 10.663551330566406
}