{
  "umap1": 10.277344703674316,
  "umap2": 3.229055404663086
}