{
  "umap1": 0.5551259365951865,
  "umap2": 0.14555687403794948
}