{
  "umap1": 0.6195369492781705,
  "umap2": 0.12618219314541068
}