{
  "No direct optim ancestor": "None",
  "umap1": 0.8968089045465043,
  "umap2": 0.7025647464621735
}