{
  "umap1": 2.8050994873046875,
  "umap2": 10.597390174865723
}