{
  "umap1": 0.4932134636856199,
  "umap2": 0.8317828189681158
}