{
  "umap1": 0.6237829687712226,
  "umap2": 0.9975551679169222
}