{
  "No direct optim ancestor": "None",
  "umap1": 0.8608157170318845,
  "umap2": 0.6354053284929988
}