{
  "umap1": 11.392585754394531,
  "umap2": 3.3248391151428223
}