{
  "No direct optim ancestor": "None",
  "umap1": 0.6877165602831988,
  "umap2": 0.6422139901642848
}