{
  "umap1": 0.32301360173486426,
  "umap2": 0.6649960770477797
}