{
  "No direct optim ancestor": "None",
  "umap1": 0.3693179466045978,
  "umap2": 0.9733512056876837
}