{
  "umap1": 0.15928032543231874,
  "umap2": 0.05643218740642053
}