{
  "umap1": 10.681127548217773,
  "umap2": 1.246868371963501
}