{
  "umap1": 12.803600311279297,
  "umap2": 6.736264705657959
}