{
  "No direct optim ancestor": "None",
  "umap1": 0.713918283230056,
  "umap2": 0.4464830120426352
}