{
  "umap1": 0.7654345470865089,
  "umap2": 0.26520659358432797
}