{
  "umap1": 12.667764663696289,
  "umap2": 6.758640289306641
}