{
  "umap1": 12.271665573120117,
  "umap2": 3.8900959491729736
}