{
  "umap1": 12.15601921081543,
  "umap2": 3.7345991134643555
}