{
  "umap1": 0.3443344101604807,
  "umap2": 0.1198732854361152
}