{
  "No direct optim ancestor": "None",
  "umap1": 0.3701631657012231,
  "umap2": 0.9398514179679527
}