{
  "umap1": 10.240372657775879,
  "umap2": 2.3504862785339355
}