{
  "umap1": 13.163619995117188,
  "umap2": 3.026867151260376
}