{
  "No direct optim ancestor": "None",
  "umap1": 0.9202009046655345,
  "umap2": 0.14665376585315804
}