{
  "umap1": 0.4318866923457274,
  "umap2": 0.4681271844163253
}