{
  "umap1": 13.312540054321289,
  "umap2": 3.8713526725769043
}