{
  "umap1": 0.32307800239219,
  "umap2": 0.6234143002451954
}