{
  "No direct optim ancestor": "None",
  "umap1": 0.024025293990093233,
  "umap2": 0.13046605043686044
}