{
  "umap1": 11.02177619934082,
  "umap2": 1.6109511852264404
}