{
  "umap1": 12.795136451721191,
  "umap2": 6.094046592712402
}