{
  "umap1": 13.958870887756348,
  "umap2": 1.7734943628311157
}