{
  "umap1": 0.026695786363025387,
  "umap2": 0.8205963103809568
}