{
  "No direct optim ancestor": "None",
  "umap1": 0.9100774636574902,
  "umap2": 0.6432916753933596
}