{
  "No direct optim ancestor": "None",
  "umap1": 0.7037457199580038,
  "umap2": 0.5393072098716465
}