{
  "umap1": 0.24819640940257504,
  "umap2": 0.2157380125866345
}