{
  "umap1": 0.9297055344507139,
  "umap2": 0.04560845985877782
}