{
  "No direct optim ancestor": "None",
  "umap1": 0.9360412981665703,
  "umap2": 0.2225367817581302
}