{
  "umap1": 0.7270129861665587,
  "umap2": 0.4606229707569174
}