{
  "umap1": 3.1125192642211914,
  "umap2": 10.547868728637695
}