{
  "umap1": 0.24552369233631355,
  "umap2": 0.3199303204198306
}