{
  "No direct optim ancestor": "None",
  "umap1": 0.28652334370667276,
  "umap2": 0.13356260362166206
}