{
  "umap1": 8.692337036132812,
  "umap2": 5.3417439460754395
}