{
  "umap1": 0.3866688392808555,
  "umap2": 0.03651080228266357
}