{
  "umap1": 0.16612430952964696,
  "umap2": 0.5522609655862111
}