{
  "No direct optim ancestor": "None",
  "umap1": 0.25612174429327206,
  "umap2": 0.9470928409894919
}