{
  "umap1": 13.129556655883789,
  "umap2": 3.951263427734375
}