{
  "No direct optim ancestor": "None",
  "umap1": 0.1109686327285131,
  "umap2": 0.6924954272408966
}