{
  "umap1": 13.64065170288086,
  "umap2": 5.972214698791504
}