{
  "umap1": 0.3636855466888518,
  "umap2": 0.44109625481524783
}