{
  "umap1": 0.8670708214344468,
  "umap2": 0.4579623885793398
}