{
  "No direct optim ancestor": "None",
  "umap1": 0.923922074215264,
  "umap2": 0.705273081767017
}