{
  "umap1": 0.8655880044637038,
  "umap2": 0.8120689817261169
}