{
  "umap1": 9.39854621887207,
  "umap2": 3.7941477298736572
}