{
  "No direct optim ancestor": "None",
  "umap1": 0.8639844697156135,
  "umap2": 0.999599839366812
}