{
  "umap1": 0.5569460286813662,
  "umap2": 0.2561020899465076
}