{
  "umap1": 0.8864067759139145,
  "umap2": 0.2555781526641284
}