{
  "umap1": 11.538789749145508,
  "umap2": 2.2365708351135254
}