{
  "No direct optim ancestor": "None",
  "umap1": 0.3224396851805956,
  "umap2": 0.6744949641784322
}