{
  "umap1": 0.41180874647139953,
  "umap2": 0.9184644012504026
}