{
  "No direct optim ancestor": "None",
  "umap1": 0.7749931431305859,
  "umap2": 0.8082274500384584
}