{
  "umap1": 0.18614946231582108,
  "umap2": 0.7947453092177685
}