{
  "umap1": 12.738090515136719,
  "umap2": 6.897289752960205
}