{
  "umap1": 12.108678817749023,
  "umap2": 2.070214033126831
}