{
  "umap1": 0.20057375950838718,
  "umap2": 0.09257999148429819
}