{
  "No direct optim ancestor": "None",
  "umap1": 0.4172763140683362,
  "umap2": 0.44317388311634054
}