{
  "umap1": 3.5893936157226562,
  "umap2": 10.332050323486328
}