{
  "umap1": 0.6000140928346741,
  "umap2": 0.9374737003806101
}