{
  "No direct optim ancestor": "None",
  "umap1": 0.026787821898063502,
  "umap2": 0.9498735961865924
}