{
  "umap1": 8.624954223632812,
  "umap2": 5.318020343780518
}