{
  "No direct optim ancestor": "None",
  "umap1": 0.6689821452073993,
  "umap2": 0.7151006268551895
}