{
  "umap1": 10.79529094696045,
  "umap2": 1.9894667863845825
}