{
  "umap1": 0.45262033367988097,
  "umap2": 0.644590526973149
}