{
  "umap1": 0.9681027274796965,
  "umap2": 0.6134144839994886
}