{
  "No direct optim ancestor": "None",
  "umap1": 0.6552482497026368,
  "umap2": 0.1331766626145332
}