{
  "No direct optim ancestor": "None",
  "umap1": 0.23281154052927233,
  "umap2": 0.21689001124600504
}