{
  "umap1": 0.6281519939983582,
  "umap2": 0.678377232133378
}