{
  "umap1": 0.44382175974900007,
  "umap2": 0.9797575185764211
}