{
  "umap1": 0.28303798297099825,
  "umap2": 0.7848905462687379
}