{
  "No direct optim ancestor": "None",
  "umap1": 0.40919903496668564,
  "umap2": 0.3089779330934045
}