{
  "umap1": 0.5680685544975519,
  "umap2": 0.07563798470807703
}