{
  "No direct optim ancestor": "None",
  "umap1": 0.15660048383055825,
  "umap2": 0.9055089868774807
}