{
  "umap1": 10.148497581481934,
  "umap2": 2.4314959049224854
}