{
  "umap1": 13.042580604553223,
  "umap2": 2.8130176067352295
}