{
  "umap1": 0.24203412936887925,
  "umap2": 0.36488605082135883
}