{
  "No direct optim ancestor": "None",
  "umap1": 0.5081970658233532,
  "umap2": 0.9181271213406361
}