{
  "No direct optim ancestor": "None",
  "umap1": 0.3869139767504568,
  "umap2": 0.28298530924855303
}