{
  "umap1": 0.5685445293187599,
  "umap2": 0.07437473391685501
}