{
  "umap1": 0.02492690643519402,
  "umap2": 0.4317381662408668
}