{
  "No direct optim ancestor": "None",
  "umap1": 0.8778808858783206,
  "umap2": 0.6652626973136722
}