{
  "umap1": 10.950981140136719,
  "umap2": 1.5244230031967163
}