{
  "umap1": 0.16731508413900031,
  "umap2": 0.6411953462828288
}