{
  "No direct optim ancestor": "None",
  "umap1": 0.14351544918809211,
  "umap2": 0.3984117127388529
}