{
  "umap1": 12.386605262756348,
  "umap2": 6.730686664581299
}