{
  "No direct optim ancestor": "None",
  "umap1": 0.6044000238864892,
  "umap2": 0.6409025534185199
}