{
  "umap1": 0.5380843057402883,
  "umap2": 0.40451406591761574
}