{
  "umap1": 14.151741027832031,
  "umap2": 6.044052600860596
}