{
  "umap1": 0.9233729017474438,
  "umap2": 0.7130592491286516
}