{
  "No direct optim ancestor": "None",
  "umap1": 0.02979786336145407,
  "umap2": 0.9367644536503235
}