{
  "umap1": 12.27806282043457,
  "umap2": 3.1384568214416504
}