{
  "umap1": 0.4830083624523758,
  "umap2": 0.5400930709339423
}