{
  "No direct optim ancestor": "None",
  "umap1": 0.40372269302802377,
  "umap2": 0.606411962039387
}