{
  "umap1": 11.688008308410645,
  "umap2": 3.1311392784118652
}