{
  "umap1": 13.953210830688477,
  "umap2": 5.609590530395508
}