{
  "umap1": 13.882234573364258,
  "umap2": 6.827322006225586
}