{
  "umap1": 10.386282920837402,
  "umap2": 2.4931883811950684
}