{
  "No direct optim ancestor": "None",
  "umap1": 0.47166364578469056,
  "umap2": 0.9644902560389883
}