{
  "umap1": 10.784295082092285,
  "umap2": 2.442628860473633
}