{
  "umap1": 0.7478793051455258,
  "umap2": 0.4076532622833515
}