{
  "umap1": 0.6871667987735804,
  "umap2": 0.3046097086419213
}