{
  "No direct optim ancestor": "None",
  "umap1": 0.37360061786275367,
  "umap2": 0.6323454872360441
}