{
  "umap1": 12.14738941192627,
  "umap2": 2.322852373123169
}