{
  "No direct optim ancestor": "None",
  "umap1": 0.2301538398939289,
  "umap2": 0.46975655274395434
}