{
  "umap1": 0.5287206501005854,
  "umap2": 0.5352608007693189
}