{
  "umap1": 0.2634737537710782,
  "umap2": 0.5255627731721503
}