{
  "No direct optim ancestor": "None",
  "umap1": 0.18327346269326406,
  "umap2": 0.1310692132766803
}