{
  "No direct optim ancestor": "None",
  "umap1": 0.7569268656160144,
  "umap2": 0.07999993806635952
}