{
  "umap1": 0.28815832752389836,
  "umap2": 0.7625417366813273
}