{
  "umap1": 0.9354568323189659,
  "umap2": 0.3286613680684114
}