{
  "No direct optim ancestor": "None",
  "umap1": 0.554960821882821,
  "umap2": 0.3822772789219736
}