{
  "umap1": 13.5347318649292,
  "umap2": 6.870718479156494
}