{
  "umap1": 9.073400497436523,
  "umap2": 6.984589099884033
}