{
  "umap1": 13.154633522033691,
  "umap2": 4.743718147277832
}