{
  "umap1": 0.2563502202760136,
  "umap2": 0.2601998573246107
}