{
  "No direct optim ancestor": "None",
  "umap1": 0.748376730150844,
  "umap2": 0.6151149688864821
}