{
  "umap1": 12.46566390991211,
  "umap2": 4.723881244659424
}