{
  "umap1": 13.816576957702637,
  "umap2": 3.7755367755889893
}