{
  "umap1": 0.8210499169139426,
  "umap2": 0.07052016652637005
}