{
  "No direct optim ancestor": "None",
  "umap1": 0.14411315205395447,
  "umap2": 0.827145443556882
}