{
  "umap1": 11.57581615447998,
  "umap2": 4.358865737915039
}