{
  "umap1": 0.8309138841744562,
  "umap2": 0.7821043446996514
}