{
  "umap1": 11.389089584350586,
  "umap2": 2.7064754962921143
}