{
  "No direct optim ancestor": "None",
  "umap1": 0.9782886907260232,
  "umap2": 0.8051736834430465
}