{
  "No direct optim ancestor": "None",
  "umap1": 0.8598285332476113,
  "umap2": 0.5738062335376722
}