{
  "umap1": 0.7427385711363774,
  "umap2": 0.08954818823696598
}