{
  "umap1": 0.10216999974074592,
  "umap2": 0.18865330019183868
}