{
  "No direct optim ancestor": "None",
  "umap1": 0.6449231195158536,
  "umap2": 0.7289085559460271
}