{
  "No direct optim ancestor": "None",
  "umap1": 0.05310995775187899,
  "umap2": 0.8679345386231344
}