{
  "umap1": 10.47139835357666,
  "umap2": 1.7524210214614868
}