{
  "umap1": 0.9063749930901019,
  "umap2": 0.8251755762955443
}