{
  "umap1": 9.439478874206543,
  "umap2": 6.237499237060547
}