{
  "umap1": 13.208427429199219,
  "umap2": 7.398342132568359
}