{
  "umap1": 11.888596534729004,
  "umap2": 2.109131336212158
}