{
  "umap1": 9.222201347351074,
  "umap2": 5.048097610473633
}