{
  "No direct optim ancestor": "None",
  "umap1": 0.44883564641338225,
  "umap2": 3.474691372307159e-05
}