{
  "umap1": 0.09421055553011493,
  "umap2": 0.827608287501398
}