{
  "umap1": 0.269244533235099,
  "umap2": 0.25373963866910865
}