{
  "umap1": 3.884768486022949,
  "umap2": 9.948366165161133
}