{
  "umap1": 10.817158699035645,
  "umap2": 5.3629231452941895
}