{
  "umap1": 0.36464768545651427,
  "umap2": 0.20630935993945987
}