{
  "No direct optim ancestor": "None",
  "umap1": 0.6368871585976811,
  "umap2": 0.5193609797452773
}