{
  "umap1": 8.38390827178955,
  "umap2": 7.206528186798096
}