{
  "umap1": 0.9638791155286822,
  "umap2": 0.312224614725507
}