{
  "No direct optim ancestor": "None",
  "umap1": 0.7699898903238563,
  "umap2": 0.045989297778629035
}