{
  "umap1": 11.606440544128418,
  "umap2": 3.319807291030884
}