{
  "No direct optim ancestor": "None",
  "umap1": 0.7745450030359211,
  "umap2": 0.6793263359368246
}