{
  "umap1": 0.4664790675769215,
  "umap2": 0.22054709378287585
}