{
  "umap1": 11.826227188110352,
  "umap2": 2.876326560974121
}