{
  "umap1": 13.865076065063477,
  "umap2": 6.36183500289917
}