{
  "No direct optim ancestor": "None",
  "umap1": 0.6281046416410091,
  "umap2": 0.3457642446941379
}