{
  "umap1": 0.8699695018036105,
  "umap2": 0.6819728871926766
}