{
  "umap1": 13.15684700012207,
  "umap2": 5.783519744873047
}