{
  "umap1": 8.346909523010254,
  "umap2": 7.25351619720459
}