{
  "umap1": 0.1878983191617032,
  "umap2": 0.31149773700589656
}