{
  "umap1": 0.7500015267395117,
  "umap2": 0.5716123587057088
}