{
  "No direct optim ancestor": "None",
  "umap1": 0.008664588084141056,
  "umap2": 0.689994848941461
}