{
  "umap1": 0.7480918267727601,
  "umap2": 0.2964593887348774
}