{
  "No direct optim ancestor": "None",
  "umap1": 0.47904483501589257,
  "umap2": 0.30298863613877647
}