{
  "umap1": 10.303504943847656,
  "umap2": 1.8845505714416504
}