{
  "umap1": 0.4980371932806721,
  "umap2": 0.13751296649798084
}