{
  "No direct optim ancestor": "None",
  "umap1": 0.5493985863983741,
  "umap2": 0.6381582963451079
}