{
  "No direct optim ancestor": "None",
  "umap1": 0.4886621011683062,
  "umap2": 0.8113919020732848
}