{
  "umap1": 0.5092225129104317,
  "umap2": 0.45088044720968123
}