{
  "umap1": 14.329346656799316,
  "umap2": 5.376934051513672
}