{
  "No direct optim ancestor": "None",
  "umap1": 0.1926722637286471,
  "umap2": 0.36784980876730244
}