{
  "umap1": 0.6543364357721912,
  "umap2": 0.1590680949850013
}