{
  "No direct optim ancestor": "None",
  "umap1": 0.7219963045723558,
  "umap2": 0.17283524231265346
}