{
  "umap1": 0.39737930075237016,
  "umap2": 0.002208832296222707
}