{
  "umap1": 0.7832712042507,
  "umap2": 0.3721977318065449
}