{
  "umap1": 1.0417850017547607,
  "umap2": 9.658559799194336
}