{
  "umap1": 11.369964599609375,
  "umap2": 1.889177918434143
}