{
  "umap1": 11.184648513793945,
  "umap2": 3.9614908695220947
}