{
  "umap1": 0.7737640164702461,
  "umap2": 0.42896769389819944
}