{
  "No direct optim ancestor": "None",
  "umap1": 0.774679354113667,
  "umap2": 0.40552635459998043
}