{
  "umap1": 0.9336322942609763,
  "umap2": 0.757926705561805
}