{
  "umap1": 10.149933815002441,
  "umap2": 3.7226600646972656
}