{
  "umap1": 11.408577919006348,
  "umap2": 1.9093074798583984
}