{
  "No direct optim ancestor": "None",
  "umap1": 0.8106868848788752,
  "umap2": 0.9236529861156283
}