{
  "umap1": 0.03714611060635409,
  "umap2": 0.7089363103123785
}