{
  "umap1": 14.246230125427246,
  "umap2": 5.325944423675537
}