{
  "umap1": 7.296030044555664,
  "umap2": 5.892197608947754
}