{
  "umap1": 0.9293169051784027,
  "umap2": 0.47543642948853426
}