{
  "umap1": 14.042760848999023,
  "umap2": 5.116799354553223
}