{
  "No direct optim ancestor": "None",
  "umap1": 0.06709114293685092,
  "umap2": 0.5275156245507276
}