{
  "umap1": 0.9221471557591557,
  "umap2": 0.6797358227940548
}