{
  "No direct optim ancestor": "None",
  "umap1": 0.7889364493829985,
  "umap2": 0.3190748775165658
}