{
  "umap1": 0.3829707705298565,
  "umap2": 0.13000333595767977
}