{
  "umap1": 7.346306800842285,
  "umap2": 5.8554277420043945
}