{
  "umap1": 0.9289128480265296,
  "umap2": 0.09139905468057452
}