{
  "No direct optim ancestor": "None",
  "umap1": 0.2538272870068904,
  "umap2": 0.7375874949485047
}