{
  "umap1": 0.3575275516047093,
  "umap2": 0.5167007214362692
}