{
  "No direct optim ancestor": "None",
  "umap1": 0.7915996060845095,
  "umap2": 0.1661718756445293
}