{
  "umap1": 0.9852991753386889,
  "umap2": 0.10998479973847675
}