{
  "umap1": 12.598040580749512,
  "umap2": 6.543603897094727
}