{
  "umap1": 11.01587200164795,
  "umap2": 1.1590156555175781
}