{
  "No direct optim ancestor": "None",
  "umap1": 0.8290069822111416,
  "umap2": 0.984430584810089
}