{
  "umap1": 0.275205026878523,
  "umap2": 0.5751273246951571
}