{
  "No direct optim ancestor": "None",
  "umap1": 0.8594934469307616,
  "umap2": 0.6921827799146898
}