{
  "umap1": 11.742239952087402,
  "umap2": 3.2635838985443115
}