{
  "umap1": 0.9304888695215148,
  "umap2": 0.10283719353922649
}