{
  "umap1": 0.3268577372243663,
  "umap2": 0.6481012209370073
}