{
  "No direct optim ancestor": "None",
  "umap1": 0.7098224803956953,
  "umap2": 0.7425257836510596
}