{
  "umap1": 11.370600700378418,
  "umap2": 2.7627034187316895
}