{
  "umap1": 10.445595741271973,
  "umap2": 2.09140944480896
}