{
  "umap1": 0.42542849729476395,
  "umap2": 0.13105843103964365
}