{
  "No direct optim ancestor": "None",
  "umap1": 0.6499612468466137,
  "umap2": 0.5958714551442884
}