{
  "No direct optim ancestor": "None",
  "umap1": 0.9161467523063356,
  "umap2": 0.23338940389482488
}