{
  "umap1": 14.265534400939941,
  "umap2": 2.9940690994262695
}