{
  "umap1": 0.1540927023625882,
  "umap2": 0.5638983803394368
}