{
  "umap1": 1.1417593955993652,
  "umap2": 9.823827743530273
}