{
  "umap1": 0.9911508530622543,
  "umap2": 0.6822715449498249
}