{
  "No direct optim ancestor": "None",
  "umap1": 0.28415904327370334,
  "umap2": 0.86709210818774
}