{
  "umap1": 12.21458911895752,
  "umap2": 5.244017601013184
}