{
  "umap1": 9.512876510620117,
  "umap2": 5.630990505218506
}