{
  "umap1": 13.588335037231445,
  "umap2": 6.6085205078125
}