{
  "No direct optim ancestor": "None",
  "umap1": 0.10648068495380414,
  "umap2": 0.7827213149139296
}