{
  "umap1": 0.6877724090090007,
  "umap2": 0.6590634027828314
}