{
  "umap1": 3.52239727973938,
  "umap2": 10.095102310180664
}