{
  "umap1": 11.884106636047363,
  "umap2": 2.963898181915283
}