{
  "umap1": 10.810528755187988,
  "umap2": 7.453165531158447
}