{
  "umap1": 9.629402160644531,
  "umap2": 4.553189754486084
}