{
  "umap1": 1.0101295709609985,
  "umap2": 9.629302024841309
}