{
  "umap1": 0.12561108310511926,
  "umap2": 0.013168877112666677
}