{
  "umap1": 8.671427726745605,
  "umap2": 5.387073040008545
}