{
  "umap1": 13.727618217468262,
  "umap2": 6.951408386230469
}