{
  "umap1": 12.944411277770996,
  "umap2": 3.083636522293091
}