{
  "No direct optim ancestor": "None",
  "umap1": 0.15860276937581874,
  "umap2": 0.6757246237716484
}