{
  "umap1": 0.10159900989320825,
  "umap2": 0.061607023830135055
}