{
  "umap1": 0.8902722546172515,
  "umap2": 0.9684964545666332
}