{
  "umap1": 12.36071491241455,
  "umap2": 2.172646999359131
}