{
  "No direct optim ancestor": "None",
  "umap1": 0.32436742854336154,
  "umap2": 0.6316474128227025
}