{
  "umap1": 0.6831206432865968,
  "umap2": 0.8096285400050459
}