{
  "umap1": 13.804420471191406,
  "umap2": 4.899611949920654
}