{
  "No direct optim ancestor": "None",
  "umap1": 0.1795299931169656,
  "umap2": 0.44831531458889495
}