{
  "umap1": 12.072402000427246,
  "umap2": 2.7231366634368896
}