{
  "umap1": 0.7721342540122759,
  "umap2": 0.3969526513139162
}