{
  "No direct optim ancestor": "None",
  "umap1": 0.23013446886281586,
  "umap2": 0.775153265620732
}