{
  "umap1": 13.151801109313965,
  "umap2": 7.178289413452148
}