{
  "umap1": 0.8513343804344947,
  "umap2": 0.14036826735094454
}