{
  "umap1": 13.01882266998291,
  "umap2": 2.1348373889923096
}