{
  "umap1": 13.962976455688477,
  "umap2": 5.060618877410889
}