{
  "No direct optim ancestor": "None",
  "umap1": 0.12010565376573734,
  "umap2": 0.4288014485752202
}