{
  "umap1": 14.026135444641113,
  "umap2": 4.201045989990234
}