{
  "umap1": 0.934126955447746,
  "umap2": 0.6166315352141158
}