{
  "umap1": 8.280877113342285,
  "umap2": 6.767719268798828
}