{
  "umap1": 0.35446654239114583,
  "umap2": 0.8437933054311272
}