{
  "umap1": 12.774474143981934,
  "umap2": 3.172084331512451
}