{
  "No direct optim ancestor": "None",
  "umap1": 0.7701475552620152,
  "umap2": 0.5570159583847067
}