{
  "umap1": 10.826285362243652,
  "umap2": 1.7413461208343506
}