{
  "umap1": 13.505369186401367,
  "umap2": 7.103013515472412
}