{
  "umap1": 0.54924194721517,
  "umap2": 0.8656382036653231
}