{
  "No direct optim ancestor": "None",
  "umap1": 0.3930475464808807,
  "umap2": 0.19616506491202512
}