{
  "umap1": 9.599648475646973,
  "umap2": 2.801318407058716
}