{
  "umap1": 0.033423135632518086,
  "umap2": 0.9750932479151704
}