{
  "No direct optim ancestor": "None",
  "umap1": 0.7149846605609691,
  "umap2": 0.6702742859853769
}