{
  "umap1": 2.974964141845703,
  "umap2": 10.425090789794922
}