{
  "umap1": 0.027233205216384282,
  "umap2": 0.5707891787375814
}