{
  "No direct optim ancestor": "None",
  "umap1": 0.9524370835202128,
  "umap2": 0.795340888494555
}