{
  "umap1": 0.7727178966810814,
  "umap2": 0.8658718683216585
}