{
  "umap1": 0.8797610967830533,
  "umap2": 0.14340621340016013
}