{
  "umap1": 14.020279884338379,
  "umap2": 2.1294610500335693
}