{
  "No direct optim ancestor": "None",
  "umap1": 0.7114254775798882,
  "umap2": 0.5622044598066913
}