{
  "umap1": 11.522698402404785,
  "umap2": 3.577277421951294
}