{
  "umap1": 0.887241617234679,
  "umap2": 0.5552271544364621
}