{
  "umap1": 11.915034294128418,
  "umap2": 2.3677139282226562
}