{
  "No direct optim ancestor": "None",
  "umap1": 0.2177013121852409,
  "umap2": 0.3139758428501822
}