{
  "umap1": 0.9012710642589828,
  "umap2": 0.9672632234577018
}