{
  "umap1": 7.325584411621094,
  "umap2": 5.8758158683776855
}