{
  "umap1": 11.7731351852417,
  "umap2": 3.4507815837860107
}