{
  "umap1": 0.37653316237161083,
  "umap2": 0.9728773095873622
}