{
  "No direct optim ancestor": "None",
  "umap1": 0.1837901592658715,
  "umap2": 0.9883009215197531
}