{
  "umap1": 3.8785934448242188,
  "umap2": 10.00383472442627
}