{
  "umap1": 0.5976149558844035,
  "umap2": 0.5336429423893844
}