{
  "No direct optim ancestor": "None",
  "umap1": 0.12217509774214419,
  "umap2": 0.02552947640073322
}