{
  "umap1": 0.07975893741363893,
  "umap2": 0.7287969095806516
}