{
  "No direct optim ancestor": "None",
  "umap1": 0.10487820763084288,
  "umap2": 0.5690774297522836
}