{
  "umap1": 13.403294563293457,
  "umap2": 5.734156608581543
}