{
  "umap1": 0.5920529684572988,
  "umap2": 0.3172469399803458,
  "Direct optim goal": "a photo of a red jellyfish bell with eight translucent green tentacles"
}