{
  "umap1": 5.016029357910156,
  "umap2": 10.745272636413574
}