{
  "umap1": 0.5170825999899303,
  "umap2": 0.4347947916945464
}