{
  "umap1": 14.331828117370605,
  "umap2": 5.901727199554443
}