{
  "umap1": 11.111019134521484,
  "umap2": 2.1202499866485596
}