{
  "No direct optim ancestor": "None",
  "umap1": 0.5888021350416193,
  "umap2": 0.32428343771496027
}