{
  "umap1": 0.19108618757771922,
  "umap2": 0.6915179203300175
}