{
  "No direct optim ancestor": "None",
  "umap1": 0.49573899126265997,
  "umap2": 0.26137988737323103
}