{
  "umap1": 14.237201690673828,
  "umap2": 5.638950824737549
}