{
  "umap1": 0.6121198568948752,
  "umap2": 0.9950785449179358
}