{
  "umap1": 0.4873824971026838,
  "umap2": 0.5343914005445127
}