{
  "No direct optim ancestor": "None",
  "umap1": 0.9041085150503079,
  "umap2": 0.935719757711735
}