{
  "umap1": 1.2363431453704834,
  "umap2": 9.899345397949219
}