{
  "umap1": 12.482208251953125,
  "umap2": 1.6462255716323853
}