{
  "umap1": 11.739500999450684,
  "umap2": 1.6419984102249146
}