{
  "umap1": 10.71767520904541,
  "umap2": 5.1966423988342285
}