{
  "No direct optim ancestor": "None",
  "umap1": 0.512182924748941,
  "umap2": 0.2641434236190151
}