{
  "umap1": 0.10062420380884862,
  "umap2": 0.8883604214946629
}