{
  "umap1": 11.113207817077637,
  "umap2": 1.6655603647232056
}