{
  "No direct optim ancestor": "None",
  "umap1": 0.021501366088071627,
  "umap2": 0.1875953633483739
}