{
  "umap1": 0.9713673270102596,
  "umap2": 0.1444535859360898
}