{
  "No direct optim ancestor": "None",
  "umap1": 0.686387762846375,
  "umap2": 0.07409884204604333
}