{
  "umap1": 0.6219894113397205,
  "umap2": 0.16702936142991498
}