{
  "umap1": 12.675127983093262,
  "umap2": 7.109790802001953
}