{
  "umap1": 0.17899090682892183,
  "umap2": 0.07881423455040304
}