{
  "umap1": 11.48042106628418,
  "umap2": 3.67380690574646
}