{
  "umap1": 0.6838703659468713,
  "umap2": 0.26440755126457527
}