{
  "umap1": 13.680815696716309,
  "umap2": 1.9276297092437744
}