{
  "No direct optim ancestor": "None",
  "umap1": 0.9915662171842533,
  "umap2": 0.39462964348796203
}