{
  "No direct optim ancestor": "None",
  "umap1": 0.9141716045479849,
  "umap2": 0.3220626618142034
}