{
  "umap1": 0.8899273059419911,
  "umap2": 0.8065379714560518
}