{
  "umap1": 13.453845024108887,
  "umap2": 6.131138324737549
}