{
  "umap1": 3.3575124740600586,
  "umap2": 9.928853988647461
}