{
  "umap1": 0.7022201024611919,
  "umap2": 0.22921455413678804
}