{
  "umap1": 12.007477760314941,
  "umap2": 2.720194101333618
}