{
  "umap1": 0.6769265950304585,
  "umap2": 0.6193312071981598
}