{
  "No direct optim ancestor": "None",
  "umap1": 0.6451232480774183,
  "umap2": 0.4536806420015146
}