{
  "No direct optim ancestor": "None",
  "umap1": 0.4039762028052124,
  "umap2": 0.2650008907891812
}