{
  "umap1": 0.6979475911717182,
  "umap2": 0.054094447953231706
}