{
  "No direct optim ancestor": "None",
  "umap1": 0.991430213737376,
  "umap2": 0.12941056557546426
}