{
  "umap1": 0.059692139008727274,
  "umap2": 0.12557802593390066
}