{
  "umap1": 12.590396881103516,
  "umap2": 2.4972565174102783
}