{
  "umap1": 8.986146926879883,
  "umap2": 6.013571739196777
}