{
  "No direct optim ancestor": "None",
  "umap1": 0.25407754134847127,
  "umap2": 0.9168257867372689
}