{
  "umap1": 0.9232431849390216,
  "umap2": 0.9122305561432172
}