{
  "umap1": 9.575953483581543,
  "umap2": 1.5437086820602417
}