{
  "No direct optim ancestor": "None",
  "umap1": 0.8251793255714021,
  "umap2": 0.9161996752731112
}