{
  "umap1": 0.13874640778567204,
  "umap2": 0.822575202200231
}