{
  "umap1": 9.668102264404297,
  "umap2": 5.965895652770996
}