{
  "umap1": 12.036771774291992,
  "umap2": 6.0138373374938965
}