{
  "umap1": 0.3874590572161186,
  "umap2": 0.16825294262755452
}