{
  "umap1": 3.0077288150787354,
  "umap2": 10.509303092956543
}