{
  "No direct optim ancestor": "None",
  "umap1": 0.3927292917009808,
  "umap2": 0.1068249387987581
}