{
  "umap1": 0.0681591488396347,
  "umap2": 0.2498135944266423
}