{
  "umap1": 8.602460861206055,
  "umap2": 5.254586219787598
}