{
  "umap1": 14.295961380004883,
  "umap2": 5.78164005279541
}