{
  "No direct optim ancestor": "None",
  "umap1": 0.2503756562009415,
  "umap2": 0.6640943715396546
}