{
  "umap1": 10.110118865966797,
  "umap2": 1.5672497749328613
}