{
  "umap1": 0.09394934822718737,
  "umap2": 0.13844983871485605
}