{
  "No direct optim ancestor": "None",
  "umap1": 0.004202271781974298,
  "umap2": 0.4073321750184242
}