{
  "umap1": 0.018034553645703277,
  "umap2": 0.09397859816244347
}