{
  "umap1": 7.351012229919434,
  "umap2": 5.848170757293701
}