{
  "No direct optim ancestor": "None",
  "umap1": 0.5536572460916387,
  "umap2": 0.9657649908093001
}