{
  "umap1": 0.9619619266754532,
  "umap2": 0.397245449376175
}