{
  "umap1": 10.2778959274292,
  "umap2": 5.064645767211914
}