{
  "umap1": 13.155436515808105,
  "umap2": 7.547710418701172
}