{
  "umap1": 0.9175876586057206,
  "umap2": 0.9492367358181786
}