{
  "umap1": 3.3449695110321045,
  "umap2": 10.450634956359863
}