{
  "umap1": 0.08378037915528547,
  "umap2": 0.812318278769773
}