{
  "No direct optim ancestor": "None",
  "umap1": 0.6412604069195778,
  "umap2": 0.4362554510645651
}