{
  "umap1": 10.335983276367188,
  "umap2": 3.2040953636169434
}