{
  "umap1": 12.652325630187988,
  "umap2": 1.8228336572647095
}