{
  "No direct optim ancestor": "None",
  "umap1": 0.40382115637564986,
  "umap2": 0.018410511327854873
}