{
  "umap1": 9.607739448547363,
  "umap2": 2.407557725906372
}