{
  "umap1": 0.4913456683986571,
  "umap2": 0.9265431365195725
}