{
  "umap1": 0.7326753767771759,
  "umap2": 0.9332911349678452
}