{
  "No direct optim ancestor": "None",
  "umap1": 0.22802755088891313,
  "umap2": 0.2248772354803532
}