{
  "umap1": 12.54208755493164,
  "umap2": 1.7020808458328247
}