{
  "umap1": 0.1145395284987597,
  "umap2": 0.33565184197814957
}