{
  "umap1": 3.047807455062866,
  "umap2": 10.54114055633545
}