{
  "umap1": 0.5202235449112573,
  "umap2": 0.6124679779535104
}