{
  "No direct optim ancestor": "None",
  "umap1": 0.7333201892442451,
  "umap2": 0.5350684990777977
}