{
  "umap1": 13.947370529174805,
  "umap2": 5.786709785461426
}