{
  "umap1": 0.8929848200891142,
  "umap2": 0.838048551477075
}