{
  "No direct optim ancestor": "None",
  "umap1": 0.43860210775442565,
  "umap2": 0.3963276354036943
}