{
  "umap1": 3.8928475379943848,
  "umap2": 9.802430152893066
}