{
  "umap1": 9.279622077941895,
  "umap2": 2.5046470165252686
}