{
  "umap1": 0.8193977545029045,
  "umap2": 0.2963809344517998
}