{
  "No direct optim ancestor": "None",
  "umap1": 0.860715958906934,
  "umap2": 0.3864592576956012
}