{
  "umap1": 12.675514221191406,
  "umap2": 1.9838045835494995
}