{
  "umap1": 8.275588989257812,
  "umap2": 6.8238701820373535
}