{
  "umap1": 9.742432594299316,
  "umap2": 2.7637760639190674
}