{
  "No direct optim ancestor": "None",
  "umap1": 0.9930994684869169,
  "umap2": 0.3859714479264832
}