{
  "umap1": 0.4971688422508146,
  "umap2": 0.9165501362263203
}