{
  "umap1": 11.149805068969727,
  "umap2": 2.3130686283111572
}