{
  "umap1": 13.357422828674316,
  "umap2": 4.576667308807373
}