{
  "No direct optim ancestor": "None",
  "umap1": 0.20029850588665443,
  "umap2": 0.20463924919392662
}