{
  "umap1": 10.444215774536133,
  "umap2": 3.60329532623291
}