{
  "umap1": 0.9474724380622171,
  "umap2": 0.9169412908691529
}