{
  "umap1": 2.8859026432037354,
  "umap2": 10.661076545715332
}