{
  "No direct optim ancestor": "None",
  "umap1": 0.46960985753475515,
  "umap2": 0.7790734493597153
}