{
  "umap1": 0.6114000222953867,
  "umap2": 0.028872006828147057
}