{
  "umap1": 12.166023254394531,
  "umap2": 1.9296678304672241
}