{
  "No direct optim ancestor": "None",
  "umap1": 0.6492661804873278,
  "umap2": 0.8123813092460755
}