{
  "umap1": 0.12250883060118767,
  "umap2": 0.3947580946592817
}