{
  "umap1": 13.533748626708984,
  "umap2": 6.127964496612549
}