{
  "No direct optim ancestor": "None",
  "umap1": 0.3223173724990638,
  "umap2": 0.14574733615821578
}