{
  "umap1": 0.5144179572616737,
  "umap2": 0.8251274602372274
}