{
  "No direct optim ancestor": "None",
  "umap1": 0.8971290996282696,
  "umap2": 0.695658699807381
}