{
  "umap1": 0.20916687654399257,
  "umap2": 0.010632478287276093
}