{
  "umap1": 0.795538262086579,
  "umap2": 0.7607492005711404
}