{
  "No direct optim ancestor": "None",
  "umap1": 0.7098123526513177,
  "umap2": 0.5853604181623634
}