{
  "umap1": 0.8440167831186247,
  "umap2": 0.9680018595209927
}