{
  "umap1": 12.136310577392578,
  "umap2": 2.5259599685668945
}