{
  "umap1": 10.425901412963867,
  "umap2": 2.34865140914917
}