{
  "umap1": 0.9602958765934692,
  "umap2": 0.4399397183413194
}