{
  "No direct optim ancestor": "None",
  "umap1": 0.3527702056953972,
  "umap2": 0.15183445571442356
}