{
  "umap1": 0.15632302118770802,
  "umap2": 0.37604851326114697
}