{
  "umap1": 12.622238159179688,
  "umap2": 4.252227306365967
}