{
  "No direct optim ancestor": "None",
  "umap1": 0.6693682566257889,
  "umap2": 0.15390179628769196
}