{
  "umap1": 10.15910816192627,
  "umap2": 1.1879369020462036
}