{
  "umap1": 0.9918364237802731,
  "umap2": 0.7228422758891146
}