{
  "umap1": 11.38955020904541,
  "umap2": 1.5623737573623657
}