{
  "No direct optim ancestor": "None",
  "umap1": 0.7740999243294998,
  "umap2": 0.9858510034135126
}