{
  "No direct optim ancestor": "None",
  "umap1": 0.04176808856073533,
  "umap2": 0.28405339998863954
}