{
  "umap1": 0.9856776565322687,
  "umap2": 0.9396949121656611
}