{
  "umap1": 9.444478988647461,
  "umap2": 5.972996711730957
}