{
  "umap1": 0.7053702605100761,
  "umap2": 0.7664391551362446
}