{
  "No direct optim ancestor": "None",
  "umap1": 0.9438943863720594,
  "umap2": 0.17193465979882316
}