{
  "umap1": 0.3023039427486046,
  "umap2": 0.04463840645111783,
  "Direct optim goal": "a close-up photo of a red maple leaf with green veins"
}