{
  "umap1": 8.018221855163574,
  "umap2": 8.887869834899902
}