{
  "No direct optim ancestor": "None",
  "umap1": 0.867993664257109,
  "umap2": 0.6642113887722579
}