{
  "umap1": 12.255010604858398,
  "umap2": 5.269314765930176
}