{
  "umap1": 0.638872299464106,
  "umap2": 0.3114946687507639
}