{
  "No direct optim ancestor": "None",
  "umap1": 0.15644121240521958,
  "umap2": 0.3686765323035346
}