{
  "umap1": 0.4875442847999125,
  "umap2": 0.275238159247725
}