{
  "umap1": 12.994318008422852,
  "umap2": 6.961503028869629
}