{
  "umap1": 0.7016585675680594,
  "umap2": 0.46703426410007154
}