{
  "umap1": 11.127157211303711,
  "umap2": 5.232668399810791
}