{
  "umap1": 14.167923927307129,
  "umap2": 3.4842371940612793
}