{
  "umap1": 7.325491428375244,
  "umap2": 5.874325275421143
}