{
  "umap1": 0.19421230757424057,
  "umap2": 0.23446283309483928
}