{
  "umap1": 10.788840293884277,
  "umap2": 1.8392207622528076
}