{
  "No direct optim ancestor": "None",
  "umap1": 0.6145966820333656,
  "umap2": 0.3490938441396443
}