{
  "umap1": 3.8551511764526367,
  "umap2": 9.81433391571045
}