{
  "umap1": 0.10412764253917595,
  "umap2": 0.6779960087633318
}