{
  "No direct optim ancestor": "None",
  "umap1": 0.4449201534896152,
  "umap2": 0.27589528102512884
}