{
  "umap1": 12.320259094238281,
  "umap2": 6.3989152908325195
}