{
  "umap1": 11.821500778198242,
  "umap2": 6.8416056632995605
}