{
  "umap1": 0.17282533038399306,
  "umap2": 0.7058808880740954
}