{
  "umap1": 0.08026388154027153,
  "umap2": 0.20993058330556114
}