{
  "umap1": 11.078944206237793,
  "umap2": 1.6521291732788086
}