{
  "No direct optim ancestor": "None",
  "umap1": 0.2969452630292174,
  "umap2": 0.8904545274566786
}