{
  "No direct optim ancestor": "None",
  "umap1": 0.6188443532558743,
  "umap2": 0.597185811073593
}