{
  "umap1": 0.7688677238164947,
  "umap2": 0.5696665216744615
}