{
  "umap1": 13.634330749511719,
  "umap2": 6.067722797393799
}