{
  "umap1": 0.17471128688542548,
  "umap2": 0.15125430588652156
}