{
  "No direct optim ancestor": "None",
  "umap1": 0.8281796819037676,
  "umap2": 0.10362512962134773
}