{
  "umap1": 9.500445365905762,
  "umap2": 1.6289458274841309
}