{
  "umap1": 0.45515174572590356,
  "umap2": 0.35733914105239695
}