{
  "No direct optim ancestor": "None",
  "umap1": 0.7391401557038444,
  "umap2": 0.6105799774815998
}