{
  "umap1": 0.039139761049061694,
  "umap2": 0.5374206705911446
}