{
  "umap1": 12.507039070129395,
  "umap2": 7.2592692375183105
}