{
  "No direct optim ancestor": "None",
  "umap1": 0.6108876664989764,
  "umap2": 0.5490927208362962
}