{
  "umap1": 2.708505392074585,
  "umap2": 10.668121337890625
}