{
  "umap1": 10.650825500488281,
  "umap2": 3.770908832550049
}