{
  "umap1": 0.5653458167117577,
  "umap2": 0.5727287420026792
}