{
  "No direct optim ancestor": "None",
  "umap1": 0.8619836852212858,
  "umap2": 0.344314544836007
}