{
  "umap1": 10.194700241088867,
  "umap2": 1.427823781967163
}