{
  "umap1": 3.589512348175049,
  "umap2": 10.326400756835938
}