{
  "umap1": 0.8466244260322923,
  "umap2": 0.24054379310555662
}