{
  "umap1": 12.258332252502441,
  "umap2": 7.040994644165039
}