{
  "umap1": 0.35129695794303684,
  "umap2": 0.5171208498350033
}