{
  "umap1": 10.101012229919434,
  "umap2": 6.05156946182251
}