{
  "umap1": 11.636287689208984,
  "umap2": 3.608109951019287
}