{
  "No direct optim ancestor": "None",
  "umap1": 0.22723662290147495,
  "umap2": 0.7959378003114886
}