{
  "umap1": 0.783298048221471,
  "umap2": 0.581096077661078
}