{
  "umap1": 0.39239268347099043,
  "umap2": 0.8947657745351033
}