{
  "umap1": 1.0820026397705078,
  "umap2": 9.609487533569336
}