{
  "umap1": 0.4462423464188281,
  "umap2": 0.4423566305304478
}