{
  "umap1": 10.804300308227539,
  "umap2": 1.474900722503662
}