{
  "No direct optim ancestor": "None",
  "umap1": 0.012631151429320808,
  "umap2": 0.056051033558982444
}