{
  "umap1": 0.6838157314817557,
  "umap2": 0.21636454408040573
}