{
  "umap1": 10.305624961853027,
  "umap2": 5.087421417236328
}