{
  "No direct optim ancestor": "None",
  "umap1": 0.876721067775863,
  "umap2": 0.7827676539675334
}