{
  "umap1": 0.1213741016553741,
  "umap2": 0.7210818808415819
}