{
  "umap1": 8.636398315429688,
  "umap2": 5.284962177276611
}