{
  "No direct optim ancestor": "None",
  "umap1": 0.4050176809757773,
  "umap2": 0.18010801542819854
}