{
  "umap1": 0.28791325118640343,
  "umap2": 0.7282016518637098
}