{
  "umap1": 0.761628290702585,
  "umap2": 0.8904921625544613
}