{
  "umap1": 0.3481239517049667,
  "umap2": 0.7371811308555384
}