{
  "umap1": 0.9159992397880214,
  "umap2": 0.9018039959581761
}