{
  "umap1": 3.0927140712738037,
  "umap2": 10.471468925476074
}