{
  "umap1": 0.660953739823143,
  "umap2": 0.8930474993545091
}