{
  "No direct optim ancestor": "None",
  "umap1": 0.45685430397591065,
  "umap2": 0.8692707532094227
}