{
  "umap1": 0.52512069920039,
  "umap2": 0.02740033408888587
}