{
  "umap1": 0.2710476046063822,
  "umap2": 0.7506433347789464
}