{
  "No direct optim ancestor": "None",
  "umap1": 0.2563006386608824,
  "umap2": 0.2788676733622738
}