{
  "umap1": 0.05961556580417349,
  "umap2": 0.8282822975305875
}