{
  "No direct optim ancestor": "None",
  "umap1": 0.9666304265002819,
  "umap2": 0.5887832002714991
}