{
  "No direct optim ancestor": "None",
  "umap1": 0.6956019749606942,
  "umap2": 0.1444786132512832
}