{
  "umap1": 0.7415104306343198,
  "umap2": 0.7922690782260893
}