{
  "No direct optim ancestor": "None",
  "umap1": 0.3828846961851943,
  "umap2": 0.8336151673561347
}