{
  "umap1": 0.8053177276082863,
  "umap2": 0.9140028413714919
}