{
  "umap1": 0.8179517607492865,
  "umap2": 0.8204713765468185
}