{
  "No direct optim ancestor": "None",
  "umap1": 0.34207685506676033,
  "umap2": 0.16113055595789183
}