{
  "umap1": 12.75086784362793,
  "umap2": 1.9382387399673462
}