{
  "umap1": 0.2849382673867845,
  "umap2": 0.8364002337586912
}