{
  "No direct optim ancestor": "None",
  "umap1": 0.4219098318637394,
  "umap2": 0.3299624929597179
}