{
  "No direct optim ancestor": "None",
  "umap1": 0.19935590201882836,
  "umap2": 0.10757208448381328
}