{
  "umap1": 0.8840572409031716,
  "umap2": 0.7503210556716877
}