{
  "umap1": 0.707717835912409,
  "umap2": 0.7928894663192195
}