{
  "No direct optim ancestor": "None",
  "umap1": 0.29525439755100147,
  "umap2": 0.9978455675137009
}