{
  "umap1": 10.068863868713379,
  "umap2": 2.0166947841644287
}