{
  "umap1": 13.116785049438477,
  "umap2": 1.8062328100204468
}