{
  "umap1": 0.6343710474069297,
  "umap2": 0.5822059968752434
}