{
  "No direct optim ancestor": "None",
  "umap1": 0.1172343201328897,
  "umap2": 0.47591951395398113
}