{
  "umap1": 11.834953308105469,
  "umap2": 2.9813520908355713
}