{
  "umap1": 0.5990094084597288,
  "umap2": 0.25982872738093
}