{
  "No direct optim ancestor": "None",
  "umap1": 0.07016401688540752,
  "umap2": 0.940398925268017
}