{
  "No direct optim ancestor": "None",
  "umap1": 0.49188088154538745,
  "umap2": 0.6844094391298753
}