{
  "umap1": 0.8784169248439009,
  "umap2": 0.42832357304808144
}