{
  "umap1": 13.244452476501465,
  "umap2": 3.317415952682495
}