{
  "umap1": 0.14412433543408476,
  "umap2": 0.6007668143738744
}