{
  "umap1": 3.6093103885650635,
  "umap2": 10.41824722290039
}