{
  "umap1": 3.3538148403167725,
  "umap2": 10.484169960021973
}