{
  "umap1": 10.226008415222168,
  "umap2": 6.8707990646362305
}