{
  "umap1": 9.972423553466797,
  "umap2": 3.9445831775665283
}