{
  "umap1": 13.645200729370117,
  "umap2": 5.6616973876953125
}