{
  "umap1": 1.5439695119857788,
  "umap2": 10.055630683898926
}