{
  "No direct optim ancestor": "None",
  "umap1": 0.9139301306038355,
  "umap2": 0.1354423458233036
}