{
  "umap1": 0.562620228347467,
  "umap2": 0.8989348288964809
}