{
  "umap1": 10.239824295043945,
  "umap2": 3.0368549823760986
}