{
  "No direct optim ancestor": "None",
  "umap1": 0.6915717893894016,
  "umap2": 0.5894671243381563
}