{
  "umap1": 0.8593389693030713,
  "umap2": 0.5249220888848276
}