{
  "umap1": 0.5684111888114793,
  "umap2": 0.8427159870559233
}