{
  "No direct optim ancestor": "None",
  "umap1": 0.11763483116705853,
  "umap2": 0.6575490602103994
}