{
  "umap1": 0.8847774014033378,
  "umap2": 0.8004768599474774
}