{
  "No direct optim ancestor": "None",
  "umap1": 0.2979924175481017,
  "umap2": 0.32317735896057687
}