{
  "umap1": 0.1856685256213053,
  "umap2": 0.23139557216901685
}