{
  "umap1": 0.23774783348954553,
  "umap2": 0.1538386038181072
}