{
  "No direct optim ancestor": "None",
  "umap1": 0.8717610745743355,
  "umap2": 0.9052120042214031
}