{
  "umap1": 0.9337021808972112,
  "umap2": 0.07250184153488226
}