{
  "No direct optim ancestor": "None",
  "umap1": 0.8207402981756582,
  "umap2": 0.41613233227323376
}