{
  "umap1": 9.899153709411621,
  "umap2": 6.29795503616333
}