{
  "umap1": 0.17561616195843377,
  "umap2": 0.4937083527500301
}