{
  "umap1": 10.451558113098145,
  "umap2": 2.341235876083374
}