{
  "umap1": 0.1411905742855427,
  "umap2": 0.8888247670951335
}