{
  "umap1": 1.1061879396438599,
  "umap2": 9.81525707244873
}