{
  "umap1": 9.884613037109375,
  "umap2": 5.746814727783203
}