{
  "No direct optim ancestor": "None",
  "umap1": 0.21008571751752125,
  "umap2": 0.5034924157706124
}