{
  "umap1": 0.30439609480277896,
  "umap2": 0.277727464037406
}