{
  "umap1": 0.23593878838543458,
  "umap2": 0.19720725282628437
}