{
  "No direct optim ancestor": "None",
  "umap1": 0.4754203197804978,
  "umap2": 0.4134296680531583
}