{
  "umap1": 12.258769035339355,
  "umap2": 1.4962252378463745
}