{
  "umap1": 0.6130241315684509,
  "umap2": 0.8204245908038869
}