{
  "No direct optim ancestor": "None",
  "umap1": 0.31919354798947264,
  "umap2": 0.8890500952332075
}