{
  "umap1": 14.071739196777344,
  "umap2": 2.0628843307495117
}