{
  "umap1": 13.014411926269531,
  "umap2": 3.2228283882141113
}