{
  "umap1": 0.5992066075624114,
  "umap2": 0.31235799753538174
}