{
  "No direct optim ancestor": "None",
  "umap1": 0.49518504819354536,
  "umap2": 0.9058680292958518
}