{
  "umap1": 0.15217024698909876,
  "umap2": 0.5633405008990311
}