{
  "No direct optim ancestor": "None",
  "umap1": 0.03744350802718854,
  "umap2": 0.5580901031951899
}