{
  "umap1": 0.38855035354469536,
  "umap2": 0.2671823662089441
}