{
  "umap1": 1.30197012424469,
  "umap2": 9.90329360961914
}