{
  "umap1": 13.341275215148926,
  "umap2": 6.646810054779053
}