{
  "umap1": 0.5189411660053307,
  "umap2": 0.4760538435469879
}