{
  "umap1": 13.263493537902832,
  "umap2": 4.507658004760742
}