{
  "umap1": 12.49642562866211,
  "umap2": 1.9296294450759888
}