{
  "umap1": 1.0426644086837769,
  "umap2": 9.648171424865723
}