{
  "umap1": 9.676665306091309,
  "umap2": 6.575911998748779
}