{
  "umap1": 0.3899553591092956,
  "umap2": 0.4458827727690471
}