{
  "No direct optim ancestor": "None",
  "umap1": 0.0398206384985027,
  "umap2": 0.6480298450022908
}