{
  "No direct optim ancestor": "None",
  "umap1": 0.4010183320684404,
  "umap2": 0.22900734668956824
}