{
  "umap1": 0.030970984716850558,
  "umap2": 0.9269147249794311
}