{
  "umap1": 11.50629711151123,
  "umap2": 1.4231197834014893
}