{
  "umap1": 13.60205364227295,
  "umap2": 7.220890998840332
}