{
  "umap1": 11.669068336486816,
  "umap2": 2.7641844749450684
}