{
  "umap1": 11.936178207397461,
  "umap2": 3.1279137134552
}