{
  "umap1": 10.148313522338867,
  "umap2": 5.889697551727295
}