{
  "umap1": 0.3883256556413116,
  "umap2": 0.14992031253393812
}