{
  "umap1": 12.738850593566895,
  "umap2": 1.5660415887832642
}