{
  "No direct optim ancestor": "None",
  "umap1": 0.8773857567095826,
  "umap2": 0.777280741400516
}