{
  "umap1": 12.505670547485352,
  "umap2": 3.500775098800659
}