{
  "No direct optim ancestor": "None",
  "umap1": 0.6890810792523696,
  "umap2": 0.4978018648983139
}