{
  "umap1": 0.9610339463150093,
  "umap2": 0.08239340508843429
}