{
  "umap1": 11.55017375946045,
  "umap2": 1.459649682044983
}