{
  "umap1": 0.3036795190945608,
  "umap2": 0.16464831696845705
}