{
  "umap1": 12.981983184814453,
  "umap2": 7.50850772857666
}