{
  "umap1": 2.9700920581817627,
  "umap2": 10.573878288269043
}