{
  "umap1": 0.8189062946169402,
  "umap2": 0.3990011932075541
}