{
  "umap1": 0.9821736216545105,
  "umap2": 9.626420974731445
}