{
  "No direct optim ancestor": "None",
  "umap1": 0.011103976624266765,
  "umap2": 0.8951432416284839
}