{
  "umap1": 9.592013359069824,
  "umap2": 1.6297566890716553
}