{
  "umap1": 0.0670141579039174,
  "umap2": 0.11848692306563147
}