{
  "umap1": 12.814154624938965,
  "umap2": 7.107675075531006
}