{
  "No direct optim ancestor": "None",
  "umap1": 0.20274065876877412,
  "umap2": 0.19900186114067864
}