{
  "umap1": 0.09720666667443367,
  "umap2": 0.042668075688676255
}