{
  "No direct optim ancestor": "None",
  "umap1": 0.979921861586279,
  "umap2": 0.6714279890664419
}