{
  "umap1": 13.705018997192383,
  "umap2": 7.139827251434326
}