{
  "umap1": 0.23187690891443624,
  "umap2": 0.28005360445803396
}