{
  "umap1": 12.854125022888184,
  "umap2": 2.430327892303467
}