{
  "No direct optim ancestor": "None",
  "umap1": 0.9389832831149539,
  "umap2": 0.977151785523898
}