{
  "umap1": 0.6110062215579888,
  "umap2": 0.6953448580032185
}