{
  "umap1": 11.541205406188965,
  "umap2": 1.3988850116729736
}