{
  "umap1": 11.657763481140137,
  "umap2": 6.334658145904541
}