{
  "umap1": 13.52581787109375,
  "umap2": 6.704334735870361
}