{
  "umap1": 12.196189880371094,
  "umap2": 3.5644094944000244
}