{
  "No direct optim ancestor": "None",
  "umap1": 0.03692029558997145,
  "umap2": 0.6805060750668425
}