{
  "umap1": 0.6361843885846843,
  "umap2": 0.7206009267194363
}