{
  "No direct optim ancestor": "None",
  "umap1": 0.43976316416069094,
  "umap2": 0.16348968215889947
}