{
  "umap1": 9.621938705444336,
  "umap2": 5.838582515716553
}