{
  "umap1": 0.8317685329526319,
  "umap2": 0.4161246568520548
}