{
  "umap1": 0.9946577312610179,
  "umap2": 0.7221900063509247
}