{
  "umap1": 11.429661750793457,
  "umap2": 1.3265436887741089
}