{
  "No direct optim ancestor": "None",
  "umap1": 0.21717795507049475,
  "umap2": 0.9576006533999301
}