{
  "umap1": 0.6541140088977407,
  "umap2": 0.17336504704733136
}