{
  "umap1": 9.099752426147461,
  "umap2": 3.1373960971832275
}