{
  "umap1": 0.0021528817088871666,
  "umap2": 0.053074612731734305
}