{
  "No direct optim ancestor": "None",
  "umap1": 0.2727358826889137,
  "umap2": 0.39399113606105163
}