{
  "umap1": 11.76777172088623,
  "umap2": 1.953513503074646
}