{
  "No direct optim ancestor": "None",
  "umap1": 0.3319031168292642,
  "umap2": 0.8203651515102546
}