{
  "umap1": 0.6841170486143044,
  "umap2": 0.7530383224803008
}