{
  "umap1": 9.686168670654297,
  "umap2": 5.815999984741211
}