{
  "umap1": 0.8942988893410979,
  "umap2": 0.9885374514804169
}