{
  "No direct optim ancestor": "None",
  "umap1": 0.17728968164150805,
  "umap2": 0.7900216221658027
}