{
  "umap1": 0.5224925436171372,
  "umap2": 0.9628232157124346
}