{
  "umap1": 1.330966830253601,
  "umap2": 9.997980117797852
}