{
  "No direct optim ancestor": "None",
  "umap1": 0.15409583109464664,
  "umap2": 0.1735063204664482
}