{
  "umap1": 0.8852117061571276,
  "umap2": 0.32653702383235617
}