{
  "umap1": 0.6027779378287006,
  "umap2": 0.7781168499669822
}