{
  "No direct optim ancestor": "None",
  "umap1": 0.45075207282906427,
  "umap2": 0.16285210700357022
}