{
  "umap1": 0.9928000141849614,
  "umap2": 0.11226894876857052
}