{
  "umap1": 14.093229293823242,
  "umap2": 2.7786524295806885
}