{
  "No direct optim ancestor": "None",
  "umap1": 0.0715933782138134,
  "umap2": 0.004463750091292962
}