{
  "umap1": 9.74110221862793,
  "umap2": 1.6042436361312866
}