{
  "umap1": 0.6955058915513939,
  "umap2": 0.08845525161955625
}