{
  "No direct optim ancestor": "None",
  "umap1": 0.6115487456912028,
  "umap2": 0.6107878866250088
}