{
  "umap1": 13.994312286376953,
  "umap2": 4.984798431396484
}