{
  "umap1": 0.40288314279803794,
  "umap2": 0.8575560799016968
}