{
  "No direct optim ancestor": "None",
  "umap1": 0.767459587521319,
  "umap2": 0.17786085430995924
}