{
  "umap1": 0.2394144080913604,
  "umap2": 0.42771692489433255
}