{
  "No direct optim ancestor": "None",
  "umap1": 0.6314366536674493,
  "umap2": 0.3682329396409112
}