{
  "umap1": 11.59367847442627,
  "umap2": 1.7030951976776123
}