{
  "umap1": 10.766460418701172,
  "umap2": 2.521575689315796
}