{
  "No direct optim ancestor": "None",
  "umap1": 0.5932648944779291,
  "umap2": 0.0664699856789438
}