{
  "umap1": 0.2257782564927472,
  "umap2": 0.5704309572179552
}