{
  "umap1": 13.000638008117676,
  "umap2": 2.086787462234497
}