{
  "umap1": 14.474343299865723,
  "umap2": 4.332328796386719
}