{
  "No direct optim ancestor": "None",
  "umap1": 0.06249163058444185,
  "umap2": 0.1650426166042297
}