{
  "umap1": 0.9513310475677622,
  "umap2": 0.8417597123932546
}