{
  "umap1": 11.865493774414062,
  "umap2": 1.6473958492279053
}