{
  "No direct optim ancestor": "None",
  "umap1": 0.59923452997967,
  "umap2": 0.3691055348349065
}