{
  "umap1": 0.5290409645462115,
  "umap2": 0.7836011819996919
}