{
  "umap1": 0.39516885398038704,
  "umap2": 0.7576157782650373
}