{
  "umap1": 0.0930267187336058,
  "umap2": 0.3680015918632784
}