{
  "umap1": 3.502986431121826,
  "umap2": 10.402522087097168
}