{
  "umap1": 3.460158348083496,
  "umap2": 10.300451278686523
}