{
  "umap1": 0.539853384861777,
  "umap2": 0.652146092140301
}