{
  "umap1": 0.6449917233206853,
  "umap2": 0.4956928550554146
}