{
  "No direct optim ancestor": "None",
  "umap1": 0.638836162906987,
  "umap2": 0.45405936544262926
}