{
  "umap1": 0.8365705869764753,
  "umap2": 0.24471868396935303
}