{
  "No direct optim ancestor": "None",
  "umap1": 0.1653286397741598,
  "umap2": 0.4955338538622762
}