{
  "No direct optim ancestor": "None",
  "umap1": 0.9851506800803062,
  "umap2": 0.250081399233947
}