{
  "umap1": 0.006215052328146564,
  "umap2": 0.5051559420546785
}