{
  "umap1": 9.157285690307617,
  "umap2": 3.4063961505889893
}