{
  "No direct optim ancestor": "None",
  "umap1": 0.593026285458459,
  "umap2": 0.6307359548297546
}