{
  "umap1": 0.1415840784734086,
  "umap2": 0.7993530908466915
}