{
  "umap1": 0.8431766427226132,
  "umap2": 0.28902993700479707
}