{
  "No direct optim ancestor": "None",
  "umap1": 0.8007496912184844,
  "umap2": 0.6474703173233216
}