{
  "No direct optim ancestor": "None",
  "umap1": 0.7882934833943799,
  "umap2": 0.4579100603746046
}