{
  "umap1": 0.8734372184197776,
  "umap2": 0.838451010799025
}