{
  "umap1": 8.961629867553711,
  "umap2": 5.911785125732422
}