{
  "umap1": 11.105504989624023,
  "umap2": 1.411007285118103
}