{
  "umap1": 0.7802510340558003,
  "umap2": 0.3518108746778039
}