{
  "No direct optim ancestor": "None",
  "umap1": 0.850515923564876,
  "umap2": 0.6985753945208435
}