{
  "No direct optim ancestor": "None",
  "umap1": 0.45346890358083425,
  "umap2": 0.9174056489798309
}