{
  "umap1": 0.5579658429350747,
  "umap2": 0.08334363246567955
}