{
  "umap1": 4.971703052520752,
  "umap2": 10.793097496032715
}