{
  "umap1": 3.619631767272949,
  "umap2": 10.084784507751465
}