{
  "umap1": 8.054496765136719,
  "umap2": 8.864314079284668
}