{
  "umap1": 0.6262149344892496,
  "umap2": 0.17604502968695668
}