{
  "umap1": 0.16470122809333554,
  "umap2": 0.0503438998185991
}