{
  "umap1": 10.814349174499512,
  "umap2": 1.715047836303711
}