{
  "No direct optim ancestor": "None",
  "umap1": 0.829171848239907,
  "umap2": 0.06406605656567232
}