{
  "umap1": 0.11163658831436518,
  "umap2": 0.31956669597337695
}