{
  "No direct optim ancestor": "None",
  "umap1": 0.5221725128141217,
  "umap2": 0.39661827413967665
}