{
  "umap1": 12.75546646118164,
  "umap2": 4.828934669494629
}