{
  "umap1": 0.3520609108956714,
  "umap2": 0.530995932670871
}