{
  "umap1": 0.007710553059409486,
  "umap2": 0.30844570855524744,
  "Direct optim goal": "a photo of a red fish with green fins"
}