{
  "umap1": 2.8017923831939697,
  "umap2": 10.550134658813477
}