{
  "No direct optim ancestor": "None",
  "umap1": 0.3806506809902839,
  "umap2": 0.7036063196666327
}