{
  "umap1": 0.8701617760637146,
  "umap2": 0.7078829053798201
}