{
  "umap1": 0.010903751193443334,
  "umap2": 0.6760229248597106
}