{
  "umap1": 14.514933586120605,
  "umap2": 5.325149059295654
}