{
  "No direct optim ancestor": "None",
  "umap1": 0.6896403595951778,
  "umap2": 0.3423500490412945
}