{
  "No direct optim ancestor": "None",
  "umap1": 0.5719502901854594,
  "umap2": 0.851582285523095
}