{
  "umap1": 0.05920406150986779,
  "umap2": 0.6957515814238093
}