{
  "umap1": 0.608501300799386,
  "umap2": 0.12857536018256632
}