{
  "umap1": 0.6738706889408504,
  "umap2": 0.5677449209702605
}