{
  "No direct optim ancestor": "None",
  "umap1": 0.10860382713581629,
  "umap2": 0.03406365216281393
}