{
  "umap1": 0.5531810477949937,
  "umap2": 0.11481803850102534
}