{
  "umap1": 11.991626739501953,
  "umap2": 2.7025604248046875
}