{
  "umap1": 13.73192024230957,
  "umap2": 2.343919515609741
}