{
  "No direct optim ancestor": "None",
  "umap1": 0.7386758519517914,
  "umap2": 0.1119003521623525
}