{
  "umap1": 8.614049911499023,
  "umap2": 3.1565496921539307
}