{
  "umap1": 0.920903409177352,
  "umap2": 0.005608641501893774
}