{
  "umap1": 9.389381408691406,
  "umap2": 3.423734426498413
}