{
  "No direct optim ancestor": "None",
  "umap1": 0.30561668026220656,
  "umap2": 0.7930610202736816
}