{
  "umap1": 0.8168338240371825,
  "umap2": 0.7962709547321326
}