{
  "umap1": 1.314693570137024,
  "umap2": 10.00303840637207
}