{
  "umap1": 0.2808202908617278,
  "umap2": 0.30103594327835603
}