{
  "umap1": 0.2810223603097727,
  "umap2": 0.10584860255216288
}