{
  "No direct optim ancestor": "None",
  "umap1": 0.28818419870488843,
  "umap2": 0.38240963412855977
}