{
  "umap1": 12.201067924499512,
  "umap2": 6.605582237243652
}