{
  "No direct optim ancestor": "None",
  "umap1": 0.3550580401292116,
  "umap2": 0.9371307635211146
}