{
  "umap1": 0.8840013289273324,
  "umap2": 0.3543768706045892
}