{
  "umap1": 1.1500096321105957,
  "umap2": 9.691699028015137
}