{
  "umap1": 0.7503223715407294,
  "umap2": 0.020828823974632593
}