{
  "umap1": 0.8267613914144827,
  "umap2": 0.6545395436125996
}