{
  "umap1": 0.3207534647896024,
  "umap2": 0.6998650877720256
}