{
  "umap1": 10.484539985656738,
  "umap2": 3.1207633018493652
}