{
  "No direct optim ancestor": "None",
  "umap1": 0.2385410356238281,
  "umap2": 0.5623033378333198
}