{
  "umap1": 12.801910400390625,
  "umap2": 6.400720119476318
}