{
  "No direct optim ancestor": "None",
  "umap1": 0.9143685244197776,
  "umap2": 0.8142092864892956
}