{
  "umap1": 0.22311669948106494,
  "umap2": 0.4472118958191579
}