{
  "umap1": 2.6433706283569336,
  "umap2": 10.691027641296387
}