{
  "umap1": 12.74614143371582,
  "umap2": 3.49294376373291
}