{
  "No direct optim ancestor": "None",
  "umap1": 0.7785335643775733,
  "umap2": 0.8029848049465825
}