{
  "umap1": 0.021406252490679956,
  "umap2": 0.4407448657930507
}