{
  "umap1": 0.21196042643002144,
  "umap2": 0.527913951393265
}