{
  "umap1": 10.251517295837402,
  "umap2": 2.651052236557007
}