{
  "No direct optim ancestor": "None",
  "umap1": 0.023962246913934226,
  "umap2": 0.9241222059907457
}