{
  "No direct optim ancestor": "None",
  "umap1": 0.2567915401260943,
  "umap2": 0.5332590979879921
}