{
  "umap1": 11.3816556930542,
  "umap2": 3.7296526432037354
}