{
  "umap1": 0.5088417280870038,
  "umap2": 0.5919780281607996
}