{
  "umap1": 0.036633521817502346,
  "umap2": 0.08873576975762609
}