{
  "No direct optim ancestor": "None",
  "umap1": 0.8459336307397499,
  "umap2": 0.05881597919909787
}