{
  "umap1": 8.592597961425781,
  "umap2": 7.90888786315918
}