{
  "umap1": 0.5831258524800316,
  "umap2": 0.13112281212685084
}