{
  "umap1": 3.893974542617798,
  "umap2": 9.86179256439209
}