{
  "umap1": 3.174609899520874,
  "umap2": 10.500299453735352
}