{
  "umap1": 13.540180206298828,
  "umap2": 2.496689558029175
}