{
  "No direct optim ancestor": "None",
  "umap1": 0.6931338853806147,
  "umap2": 0.8958882205610856
}