{
  "umap1": 0.3387493526611145,
  "umap2": 0.04708685189621742
}