{
  "umap1": 11.57656478881836,
  "umap2": 1.4867792129516602
}