{
  "umap1": 0.01867629538886073,
  "umap2": 0.3497613971099577
}