{
  "No direct optim ancestor": "None",
  "umap1": 0.4646231291600593,
  "umap2": 0.7393319524590131
}