{
  "umap1": 0.722842309518366,
  "umap2": 0.23359826231182734
}