{
  "No direct optim ancestor": "None",
  "umap1": 0.03700638594460881,
  "umap2": 0.6568339851140286
}