{
  "umap1": 12.826881408691406,
  "umap2": 4.8375020027160645
}