{
  "umap1": 13.381793022155762,
  "umap2": 6.347987651824951
}