{
  "umap1": 0.6669941547201155,
  "umap2": 0.9181938358763726
}