{
  "Ancestor's direct optim goal": "a photo of a red nautilus shell with green ridges and blue chambers",
  "umap1": 0.37707285780916155,
  "umap2": 0.5982576558738424
}