{
  "umap1": 8.877016067504883,
  "umap2": 9.217844009399414
}