{
  "umap1": 0.5202338005180979,
  "umap2": 0.8352916402829151,
  "Direct optim goal": "a photo of a red spiral snail shell with green ridges and blue highlights"
}