{
  "umap1": 0.04916352689270198,
  "umap2": 0.48932419914777203
}