{
  "No direct optim ancestor": "None",
  "umap1": 0.13529470451531211,
  "umap2": 0.9977935299369648
}