{
  "umap1": 13.018768310546875,
  "umap2": 6.950435161590576
}