{
  "umap1": 0.013752612793673347,
  "umap2": 0.576176181889148
}