{
  "No direct optim ancestor": "None",
  "umap1": 0.1110898214497753,
  "umap2": 0.11335287790989534
}