{
  "umap1": 13.68437385559082,
  "umap2": 2.7016329765319824
}