{
  "umap1": 0.7321921238866901,
  "umap2": 0.16792002636980052
}