{
  "No direct optim ancestor": "None",
  "umap1": 0.6193331199678699,
  "umap2": 0.7766420841066807
}