{
  "umap1": 0.521401673706999,
  "umap2": 0.5391337409589125
}