{
  "umap1": 13.594703674316406,
  "umap2": 6.663957118988037
}