{
  "umap1": 13.204379081726074,
  "umap2": 7.002911567687988
}