{
  "umap1": 0.3778539197792423,
  "umap2": 0.7669158131959862
}