{
  "umap1": 11.394675254821777,
  "umap2": 3.6690104007720947
}