{
  "umap1": 0.8540668662921129,
  "umap2": 0.0437517026055152
}