{
  "No direct optim ancestor": "None",
  "umap1": 0.18293748180532088,
  "umap2": 0.8124514902273454
}