{
  "umap1": 0.7624082738700375,
  "umap2": 0.4769145637233142
}