{
  "umap1": 0.05246541993895393,
  "umap2": 0.4533501751572724
}