{
  "umap1": 4.98595666885376,
  "umap2": 10.767159461975098
}