{
  "umap1": 0.5037578949266153,
  "umap2": 0.4429081787048059
}