{
  "umap1": 2.865642547607422,
  "umap2": 10.514822006225586
}