{
  "No direct optim ancestor": "None",
  "umap1": 0.5114971581947616,
  "umap2": 0.15764029884795772
}