{
  "umap1": 0.13942853499832264,
  "umap2": 0.4509091403404256
}