{
  "umap1": 0.06746081024426143,
  "umap2": 0.8052403523937887
}