{
  "umap1": 3.8794960975646973,
  "umap2": 9.833934783935547
}