{
  "umap1": 8.039422035217285,
  "umap2": 8.864561080932617
}