{
  "umap1": 9.525385856628418,
  "umap2": 1.6303902864456177
}