{
  "umap1": 8.384692192077637,
  "umap2": 8.909616470336914
}