{
  "umap1": 12.469711303710938,
  "umap2": 1.5480685234069824
}