{
  "umap1": 13.041080474853516,
  "umap2": 3.638737440109253
}