{
  "umap1": 0.7995538231132558,
  "umap2": 0.15935887094847434
}