{
  "No direct optim ancestor": "None",
  "umap1": 0.8914818427866095,
  "umap2": 0.15354128408244572
}