{
  "umap1": 0.6865028280696452,
  "umap2": 0.6711792647526688
}