{
  "umap1": 12.704204559326172,
  "umap2": 7.128017902374268
}