{
  "umap1": 8.81775188446045,
  "umap2": 3.2059595584869385
}