{
  "umap1": 0.3503030870134062,
  "umap2": 0.694192840724823
}