{
  "No direct optim ancestor": "None",
  "umap1": 0.14621930945114425,
  "umap2": 0.47535065714075586
}