{
  "umap1": 12.884086608886719,
  "umap2": 2.6569764614105225
}