{
  "umap1": 0.17156306316336245,
  "umap2": 0.5539719472042306
}