{
  "umap1": 11.5792818069458,
  "umap2": 1.6148093938827515
}