{
  "No direct optim ancestor": "None",
  "umap1": 0.8518908957153166,
  "umap2": 0.5611714612909747
}