{
  "umap1": 0.0899472534284852,
  "umap2": 0.5188031625317943
}