{
  "umap1": 0.7640766408209193,
  "umap2": 0.44037175076264
}