{
  "umap1": 0.11465573895372161,
  "umap2": 0.5629914759688204
}