{
  "umap1": 2.938645839691162,
  "umap2": 10.654711723327637
}