{
  "umap1": 10.587128639221191,
  "umap2": 3.6559276580810547
}