{
  "No direct optim ancestor": "None",
  "umap1": 0.2877952697140185,
  "umap2": 0.2693332819574785
}