{
  "umap1": 0.8919831883133185,
  "umap2": 0.09725108051520315
}