{
  "umap1": 2.9090893268585205,
  "umap2": 10.53711986541748
}