{
  "umap1": 0.7216441512934426,
  "umap2": 0.2794330714900707
}