{
  "No direct optim ancestor": "None",
  "umap1": 0.1645598855538214,
  "umap2": 0.8612823580248117
}