{
  "umap1": 0.20940208561196016,
  "umap2": 0.37600590452027693
}