{
  "umap1": 0.7209791773490407,
  "umap2": 0.010850999288473107
}