{
  "umap1": 0.6624395052399908,
  "umap2": 0.18995260090116806
}