{
  "No direct optim ancestor": "None",
  "umap1": 0.5603374601453956,
  "umap2": 0.5452292535557688
}