{
  "umap1": 0.19595681709821822,
  "umap2": 0.2584661662556512
}