{
  "umap1": 0.8317886480215657,
  "umap2": 0.3358227435231962
}