{
  "umap1": 9.042861938476562,
  "umap2": 6.506880283355713
}