{
  "umap1": 13.822577476501465,
  "umap2": 1.9644886255264282
}