{
  "umap1": 10.658822059631348,
  "umap2": 2.080545425415039
}