{
  "No direct optim ancestor": "None",
  "umap1": 0.1756447787237898,
  "umap2": 0.101567659836306
}