{
  "umap1": 0.574120206418219,
  "umap2": 0.5204868601771
}