{
  "umap1": 4.952062606811523,
  "umap2": 10.783743858337402
}