{
  "umap1": 0.9170713796567966,
  "umap2": 0.6430322208877305
}