{
  "umap1": 0.17436054548958024,
  "umap2": 0.7457212836977047
}