{
  "umap1": 4.900877952575684,
  "umap2": 10.870183944702148
}