{
  "No direct optim ancestor": "None",
  "umap1": 0.8546639719840317,
  "umap2": 0.5381358994625024
}