{
  "umap1": 0.4727615070785043,
  "umap2": 0.21821394235811276
}