{
  "umap1": 13.175524711608887,
  "umap2": 2.8837428092956543
}