{
  "No direct optim ancestor": "None",
  "umap1": 0.6214641372474154,
  "umap2": 0.7384321752207902
}