{
  "umap1": 0.6984293700185346,
  "umap2": 0.028034789990088793
}