{
  "umap1": 0.1996255943633023,
  "umap2": 0.6915760919501274
}