{
  "umap1": 12.94129467010498,
  "umap2": 6.976529121398926
}