{
  "No direct optim ancestor": "None",
  "umap1": 0.07503520174060996,
  "umap2": 0.7482547650838646
}