{
  "umap1": 0.5550619427527383,
  "umap2": 0.42844307172506024
}