{
  "No direct optim ancestor": "None",
  "umap1": 0.8498550024405307,
  "umap2": 0.02506535345033034
}