{
  "umap1": 0.5218095795650735,
  "umap2": 0.7703284068464576
}