{
  "No direct optim ancestor": "None",
  "umap1": 0.2751312882549898,
  "umap2": 0.9871212939750853
}