{
  "umap1": 12.15278148651123,
  "umap2": 5.118490219116211
}