{
  "umap1": 0.24643510934956803,
  "umap2": 0.26581300967312893
}