{
  "umap1": 10.977538108825684,
  "umap2": 1.946630835533142
}