{
  "umap1": 11.466557502746582,
  "umap2": 1.465805172920227
}