{
  "umap1": 0.7122638062289253,
  "umap2": 0.34407227219901193
}