{
  "No direct optim ancestor": "None",
  "umap1": 0.4254608795806386,
  "umap2": 0.8735496142855561
}