{
  "No direct optim ancestor": "None",
  "umap1": 0.33818968604673805,
  "umap2": 0.383618788532751
}