{
  "umap1": 0.5437090883319317,
  "umap2": 0.345991770306983
}