{
  "umap1": 13.562419891357422,
  "umap2": 7.167235851287842
}