{
  "umap1": 0.021195457849402133,
  "umap2": 0.5523403915614605
}