{
  "No direct optim ancestor": "None",
  "umap1": 0.3724835287735824,
  "umap2": 0.7342260463881233
}