{
  "No direct optim ancestor": "None",
  "umap1": 0.3284964593037547,
  "umap2": 0.6703577944041273
}