{
  "umap1": 0.9674562044147257,
  "umap2": 0.9753284338956772
}