{
  "umap1": 11.432281494140625,
  "umap2": 1.3821078538894653
}