{
  "umap1": 0.6424742278353681,
  "umap2": 0.5789341689775058
}