{
  "No direct optim ancestor": "None",
  "umap1": 0.3116802971924686,
  "umap2": 0.17798383920798166
}