{
  "umap1": 13.836714744567871,
  "umap2": 5.301694393157959
}