{
  "umap1": 8.344712257385254,
  "umap2": 7.257667541503906
}