{
  "umap1": 0.30133371321950586,
  "umap2": 0.9309889214062582
}