{
  "umap1": 12.395354270935059,
  "umap2": 2.238969087600708
}