{
  "No direct optim ancestor": "None",
  "umap1": 0.2717831539175367,
  "umap2": 0.166066876236725
}