{
  "umap1": 10.162877082824707,
  "umap2": 1.2075775861740112
}