{
  "umap1": 0.20192577087730856,
  "umap2": 0.9117550820736621
}