{
  "No direct optim ancestor": "None",
  "umap1": 0.13907678644049226,
  "umap2": 0.791471244077011
}