{
  "umap1": 1.1425923109054565,
  "umap2": 9.840513229370117
}