{
  "umap1": 0.9325865661305416,
  "umap2": 0.20946258550929464
}