{
  "umap1": 9.274140357971191,
  "umap2": 1.737410068511963
}