{
  "No direct optim ancestor": "None",
  "umap1": 0.15327813338688112,
  "umap2": 0.3499359589148219
}