{
  "umap1": 13.357598304748535,
  "umap2": 4.356481075286865
}