{
  "No direct optim ancestor": "None",
  "umap1": 0.5169633324473767,
  "umap2": 0.6561810914099067
}