{
  "umap1": 0.6851218441846184,
  "umap2": 0.01949103600693547
}