{
  "umap1": 9.694586753845215,
  "umap2": 5.0778021812438965
}