{
  "umap1": 12.355209350585938,
  "umap2": 3.290046215057373
}