{
  "No direct optim ancestor": "None",
  "umap1": 0.11246714825480297,
  "umap2": 0.8864623751364401
}