{
  "umap1": 9.36095905303955,
  "umap2": 3.4912657737731934
}