{
  "umap1": 0.12737485408229265,
  "umap2": 0.14707448790168642
}