{
  "umap1": 8.769349098205566,
  "umap2": 6.179078578948975
}