{
  "umap1": 0.4128013923044588,
  "umap2": 0.6694005881131067,
  "Direct optim goal": "a photo of a red circuit board with green traces and blue solder joints"
}