{
  "No direct optim ancestor": "None",
  "umap1": 0.75819941696469,
  "umap2": 0.5645583663712076
}