{
  "umap1": 0.13575585197887152,
  "umap2": 0.5720651781597431
}