{
  "No direct optim ancestor": "None",
  "umap1": 0.8011847209518925,
  "umap2": 0.8896412690587185
}