{
  "umap1": 13.917094230651855,
  "umap2": 2.011451005935669
}