{
  "umap1": 0.6445620185034584,
  "umap2": 0.6874897563124481
}