{
  "umap1": 12.458671569824219,
  "umap2": 2.1523900032043457
}