{
  "umap1": 0.6518197152013501,
  "umap2": 0.30459884777415147
}