{
  "No direct optim ancestor": "None",
  "umap1": 0.04139317811246834,
  "umap2": 0.6291632589255958
}