{
  "umap1": 12.64798355102539,
  "umap2": 3.761522054672241
}