{
  "No direct optim ancestor": "None",
  "umap1": 0.6804550870377981,
  "umap2": 0.004125574110023678
}