{
  "umap1": 0.6618516726831605,
  "umap2": 0.05947421341296577
}