{
  "umap1": 0.13896435752268144,
  "umap2": 0.43311212843711433
}