{
  "umap1": 8.686351776123047,
  "umap2": 5.119014739990234
}