{
  "umap1": 0.08918350817735998,
  "umap2": 0.1505544185731149
}