{
  "umap1": 0.3485667476546732,
  "umap2": 0.9438573635961408
}