{
  "umap1": 13.422015190124512,
  "umap2": 2.769646167755127
}