{
  "umap1": 1.1385096311569214,
  "umap2": 9.63892650604248
}