{
  "umap1": 0.10738845694906574,
  "umap2": 0.4652555304728311
}