{
  "umap1": 0.9716569213869642,
  "umap2": 0.5529134860746137
}