{
  "umap1": 10.213866233825684,
  "umap2": 5.741567611694336
}