{
  "No direct optim ancestor": "None",
  "umap1": 0.5134884446910278,
  "umap2": 0.06287204142180591
}