{
  "umap1": 0.4219315393131824,
  "umap2": 0.4659799017344758
}