{
  "No direct optim ancestor": "None",
  "umap1": 0.005571243564353345,
  "umap2": 0.8169882032156793
}