{
  "umap1": 9.336345672607422,
  "umap2": 4.105562686920166
}