{
  "umap1": 0.8002962407596309,
  "umap2": 0.46544218309348917
}