{
  "No direct optim ancestor": "None",
  "umap1": 0.9724109453732767,
  "umap2": 0.5325095522597146
}