{
  "umap1": 0.22871715444216756,
  "umap2": 0.6600369223674877
}