{
  "umap1": 11.567719459533691,
  "umap2": 1.3854126930236816
}