{
  "No direct optim ancestor": "None",
  "umap1": 0.815879240791639,
  "umap2": 0.2254565437081516
}