{
  "No direct optim ancestor": "None",
  "umap1": 0.669471608027426,
  "umap2": 0.7394509651136627
}