{
  "umap1": 0.08956634447197231,
  "umap2": 0.530592119650383
}