{
  "umap1": 13.01830005645752,
  "umap2": 3.697516441345215
}