{
  "umap1": 0.14439902274207095,
  "umap2": 0.04984629606645419
}