{
  "No direct optim ancestor": "None",
  "umap1": 0.846565109363938,
  "umap2": 0.48984688673630794
}