{
  "No direct optim ancestor": "None",
  "umap1": 0.7178755618772354,
  "umap2": 0.7444040593096566
}