{
  "umap1": 0.5737947037306264,
  "umap2": 0.8170681561263878
}