{
  "umap1": 9.542156219482422,
  "umap2": 6.170446872711182
}