{
  "umap1": 14.09356689453125,
  "umap2": 2.9124343395233154
}