{
  "umap1": 13.245320320129395,
  "umap2": 6.411468982696533
}