{
  "No direct optim ancestor": "None",
  "umap1": 0.3881751901027861,
  "umap2": 0.126341858109687
}