{
  "umap1": 0.8828032582785246,
  "umap2": 0.4194306627159504
}