{
  "umap1": 0.6724969027742115,
  "umap2": 0.2607608108005798
}