{
  "umap1": 7.2997589111328125,
  "umap2": 5.839054584503174
}