{
  "umap1": 0.3559742984869847,
  "umap2": 0.1387975376957825
}