{
  "umap1": 3.261488199234009,
  "umap2": 10.107433319091797
}