{
  "umap1": 9.470783233642578,
  "umap2": 5.925908088684082
}