{
  "umap1": 12.131021499633789,
  "umap2": 3.2554168701171875
}