{
  "No direct optim ancestor": "None",
  "umap1": 0.5932974518474882,
  "umap2": 0.7639129120128264
}