{
  "umap1": 0.3179529858490231,
  "umap2": 0.4908725032227603
}