{
  "No direct optim ancestor": "None",
  "umap1": 0.03849875252173651,
  "umap2": 0.49688030977944886
}