{
  "umap1": 0.9466837755213424,
  "umap2": 0.25814416228153236
}