{
  "umap1": 9.962260246276855,
  "umap2": 2.533632755279541
}