{
  "umap1": 0.0744532119820499,
  "umap2": 0.09660084633975285
}