{
  "No direct optim ancestor": "None",
  "umap1": 0.7209583252255991,
  "umap2": 0.2321128432287668
}