{
  "umap1": 8.772834777832031,
  "umap2": 5.367466449737549
}