{
  "umap1": 0.5392641541779692,
  "umap2": 0.8924275469963846
}