{
  "umap1": 10.57412338256836,
  "umap2": 1.2006608247756958
}