{
  "No direct optim ancestor": "None",
  "umap1": 0.019093426093555355,
  "umap2": 0.5654456009211777
}