{
  "umap1": 0.8112959911172418,
  "umap2": 0.2404496461877106
}