{
  "umap1": 9.011892318725586,
  "umap2": 4.94014835357666
}