{
  "umap1": 3.1485331058502197,
  "umap2": 10.550843238830566
}