{
  "umap1": 0.6806625339720636,
  "umap2": 0.6473767672608568
}