{
  "umap1": 9.075911521911621,
  "umap2": 7.016282558441162
}