{
  "umap1": 2.759544610977173,
  "umap2": 10.675485610961914
}