{
  "umap1": 11.065140724182129,
  "umap2": 2.536815643310547
}