{
  "umap1": 10.73532485961914,
  "umap2": 1.8457870483398438
}