{
  "No direct optim ancestor": "None",
  "umap1": 0.8712671584469922,
  "umap2": 0.8870813037941117
}