{
  "umap1": 0.8029966317293945,
  "umap2": 0.6819923528251925
}