{
  "umap1": 13.764382362365723,
  "umap2": 2.8471312522888184
}