{
  "No direct optim ancestor": "None",
  "umap1": 0.623913718362366,
  "umap2": 0.6038978718300153
}