{
  "umap1": 0.5581818771377693,
  "umap2": 0.19462585630943685
}