{
  "No direct optim ancestor": "None",
  "umap1": 0.9406322446744402,
  "umap2": 0.5589728438669741
}