{
  "umap1": 0.2742793534503575,
  "umap2": 0.5334840843874142
}