{
  "umap1": 3.627340793609619,
  "umap2": 10.268512725830078
}