{
  "umap1": 8.748350143432617,
  "umap2": 5.392678260803223
}