{
  "umap1": 9.899654388427734,
  "umap2": 5.607942581176758
}