{
  "No direct optim ancestor": "None",
  "umap1": 0.4815317773108997,
  "umap2": 0.004543099829933284
}