{
  "umap1": 0.07702691348629287,
  "umap2": 0.8270654747285829
}