{
  "umap1": 0.010866791491332628,
  "umap2": 0.8577814164053801
}