{
  "umap1": 13.83113956451416,
  "umap2": 5.710386753082275
}