{
  "No direct optim ancestor": "None",
  "umap1": 0.20561846540721385,
  "umap2": 0.5965817465168662
}