{
  "No direct optim ancestor": "None",
  "umap1": 0.7124063830365048,
  "umap2": 0.20086837896204723
}