{
  "umap1": 0.3991713500541402,
  "umap2": 0.9261287752472923
}