{
  "umap1": 0.3853228692145395,
  "umap2": 0.8811278935549554
}