{
  "umap1": 12.718234062194824,
  "umap2": 7.460360050201416
}