{
  "No direct optim ancestor": "None",
  "umap1": 0.7583855504449648,
  "umap2": 0.7691671750757662
}