{
  "umap1": 9.597583770751953,
  "umap2": 5.708459854125977
}