{
  "No direct optim ancestor": "None",
  "umap1": 0.34896766108994426,
  "umap2": 0.37365053990495356
}