{
  "umap1": 0.9938408731308657,
  "umap2": 0.6752713397696136
}