{
  "umap1": 10.404332160949707,
  "umap2": 4.379065036773682
}