{
  "umap1": 0.5582272428313736,
  "umap2": 0.8588361221584199
}