{
  "umap1": 12.864980697631836,
  "umap2": 3.0927958488464355
}