{
  "No direct optim ancestor": "None",
  "umap1": 0.5109585621544005,
  "umap2": 0.636427751995095
}