{
  "umap1": 0.6354765247386815,
  "umap2": 0.8714181499222823
}