{
  "No direct optim ancestor": "None",
  "umap1": 0.8648224685306476,
  "umap2": 0.034265403243619263
}