{
  "umap1": 13.980828285217285,
  "umap2": 3.427187442779541
}