{
  "umap1": 12.730672836303711,
  "umap2": 2.154135227203369
}