{
  "umap1": 10.991129875183105,
  "umap2": 1.4863232374191284
}