{
  "umap1": 12.574250221252441,
  "umap2": 6.903631687164307
}