{
  "umap1": 10.793055534362793,
  "umap2": 1.3780591487884521
}