{
  "umap1": 4.885326385498047,
  "umap2": 10.842921257019043
}