{
  "umap1": 0.5198945417912646,
  "umap2": 0.07336790541354743
}