{
  "umap1": 0.879031182438825,
  "umap2": 0.9197387651214413
}