{
  "umap1": 10.60791301727295,
  "umap2": 1.1508967876434326
}