{
  "No direct optim ancestor": "None",
  "umap1": 0.2970702482246579,
  "umap2": 0.7282725682387918
}