{
  "No direct optim ancestor": "None",
  "umap1": 0.7831529532602098,
  "umap2": 0.9224572508315502
}