{
  "umap1": 0.7413268045030973,
  "umap2": 0.49452685924764106
}