{
  "umap1": 4.977201461791992,
  "umap2": 10.777884483337402
}