{
  "umap1": 0.8778477974935338,
  "umap2": 0.9776141453054363
}