{
  "umap1": 0.6493881769783183,
  "umap2": 0.6334123332879643
}