{
  "umap1": 3.3117990493774414,
  "umap2": 10.113103866577148
}