{
  "umap1": 0.76440609256614,
  "umap2": 0.31490841249140045
}