{
  "No direct optim ancestor": "None",
  "umap1": 0.37698338799286324,
  "umap2": 0.8949118480168589
}