{
  "umap1": 0.4946118281211873,
  "umap2": 0.9095991354848759
}