{
  "umap1": 10.822420120239258,
  "umap2": 1.6171228885650635
}