{
  "No direct optim ancestor": "None",
  "umap1": 0.4515160384802763,
  "umap2": 0.6345557661158989
}