{
  "umap1": 3.0500447750091553,
  "umap2": 10.538460731506348
}