{
  "umap1": 0.6600366884910083,
  "umap2": 0.39444122377070645
}