{
  "umap1": 0.9628128729354134,
  "umap2": 0.3705198084252921
}