{
  "umap1": 11.194127082824707,
  "umap2": 2.433758497238159
}