{
  "No direct optim ancestor": "None",
  "umap1": 0.9092524714923294,
  "umap2": 0.9144990831266336
}