{
  "umap1": 0.6287120301206853,
  "umap2": 0.3477033579230121
}