{
  "umap1": 1.0857881307601929,
  "umap2": 9.775287628173828
}