{
  "umap1": 0.185064988842351,
  "umap2": 0.2761166403424751
}