{
  "No direct optim ancestor": "None",
  "umap1": 0.9643158676064053,
  "umap2": 0.46035169760271166
}