{
  "umap1": 2.9041824340820312,
  "umap2": 10.647490501403809
}