{
  "No direct optim ancestor": "None",
  "umap1": 0.03502691711176531,
  "umap2": 0.03572559939465736
}