{
  "umap1": 0.4523150621159219,
  "umap2": 0.6630639021970576
}