{
  "umap1": 12.458697319030762,
  "umap2": 3.59812331199646
}