{
  "No direct optim ancestor": "None",
  "umap1": 0.2519810622706101,
  "umap2": 0.05842220701035428
}