{
  "umap1": 0.016568967552953562,
  "umap2": 0.9774838141787644
}