{
  "umap1": 14.141439437866211,
  "umap2": 4.304749965667725
}