{
  "umap1": 0.47402429992974393,
  "umap2": 0.4302738284340425
}