{
  "No direct optim ancestor": "None",
  "umap1": 0.9639815184577392,
  "umap2": 0.3959166718630792
}