{
  "umap1": 12.722049713134766,
  "umap2": 7.3460693359375
}