{
  "umap1": 0.8578865903312439,
  "umap2": 0.6642462142392974
}