{
  "No direct optim ancestor": "None",
  "umap1": 0.1767516226244169,
  "umap2": 0.7965411678431749
}