{
  "umap1": 0.01100935551651816,
  "umap2": 0.8100875449802041
}