{
  "umap1": 3.397876739501953,
  "umap2": 9.919156074523926
}