{
  "umap1": 0.32326049568536963,
  "umap2": 0.0001526607265619484
}