{
  "No direct optim ancestor": "None",
  "umap1": 0.9829200902014874,
  "umap2": 0.9457358851839638
}