{
  "umap1": 13.82824420928955,
  "umap2": 6.457234859466553
}