{
  "umap1": 0.22340562018450172,
  "umap2": 0.16571935935940385
}