{
  "No direct optim ancestor": "None",
  "umap1": 0.1673651054683134,
  "umap2": 0.2018230002601431
}