{
  "umap1": 0.6091156510821412,
  "umap2": 0.8237843156331783
}