{
  "umap1": 0.2660439147003427,
  "umap2": 0.8330179026755933
}