{
  "umap1": 13.440300941467285,
  "umap2": 3.7669928073883057
}