{
  "No direct optim ancestor": "None",
  "umap1": 0.8898911972979608,
  "umap2": 0.5584631143456542
}