{
  "No direct optim ancestor": "None",
  "umap1": 0.9092048593564628,
  "umap2": 0.8014046449264527
}