{
  "umap1": 0.8450116831107207,
  "umap2": 0.2947268498052461
}