{
  "umap1": 11.31456470489502,
  "umap2": 2.5244836807250977
}