{
  "umap1": 0.04097733097165368,
  "umap2": 0.36817749181268244
}