{
  "No direct optim ancestor": "None",
  "umap1": 0.9168485746550498,
  "umap2": 0.8856600316737737
}