{
  "umap1": 0.5161489629441287,
  "umap2": 0.07598974229827837
}