{
  "umap1": 10.759411811828613,
  "umap2": 1.3248058557510376
}