{
  "No direct optim ancestor": "None",
  "umap1": 0.36106016192001567,
  "umap2": 0.9044846075825647
}