{
  "umap1": 0.44584429316305074,
  "umap2": 0.6156902593890763
}