{
  "No direct optim ancestor": "None",
  "umap1": 0.6754234394048206,
  "umap2": 0.8745105621770897
}