{
  "umap1": 13.430044174194336,
  "umap2": 7.232029914855957
}