{
  "No direct optim ancestor": "None",
  "umap1": 0.1791844232273504,
  "umap2": 0.4088017249134097
}