{
  "umap1": 12.514762878417969,
  "umap2": 7.107783794403076
}