{
  "umap1": 0.7285383886194767,
  "umap2": 0.13450356419154474
}