{
  "umap1": 2.6751577854156494,
  "umap2": 10.639374732971191
}