{
  "umap1": 12.706170082092285,
  "umap2": 3.7322285175323486
}