{
  "No direct optim ancestor": "None",
  "umap1": 0.842066220027983,
  "umap2": 0.5657837061735578
}