{
  "umap1": 13.751691818237305,
  "umap2": 7.164848327636719
}