{
  "umap1": 0.2672865762519864,
  "umap2": 0.377747279879432
}