{
  "umap1": 10.954195022583008,
  "umap2": 1.9501911401748657
}