{
  "umap1": 11.021519660949707,
  "umap2": 2.5613439083099365
}