{
  "umap1": 0.9351851975747552,
  "umap2": 0.05248851321430614
}