{
  "No direct optim ancestor": "None",
  "umap1": 0.8586823148916084,
  "umap2": 0.4834084184801102
}