{
  "umap1": 10.065780639648438,
  "umap2": 6.039943695068359
}