{
  "umap1": 11.272756576538086,
  "umap2": 1.85325026512146
}