{
  "umap1": 0.010043756641156976,
  "umap2": 0.6684758791634597
}