{
  "umap1": 0.1918080436541385,
  "umap2": 0.06848315029860585
}