{
  "No direct optim ancestor": "None",
  "umap1": 0.06612341431009416,
  "umap2": 0.9728018051198997
}