{
  "umap1": 10.724685668945312,
  "umap2": 1.1294150352478027
}