{
  "umap1": 0.6319893664504093,
  "umap2": 0.6841891732472201
}