{
  "umap1": 13.953763961791992,
  "umap2": 3.4331893920898438
}