{
  "umap1": 12.923398971557617,
  "umap2": 3.704251289367676
}