{
  "umap1": 11.293285369873047,
  "umap2": 1.414799690246582
}