{
  "No direct optim ancestor": "None",
  "umap1": 0.7496687588876684,
  "umap2": 0.24978707301699843
}