{
  "umap1": 0.03956130297019489,
  "umap2": 0.8961849674773034
}