{
  "umap1": 0.9326072400932589,
  "umap2": 0.935741492108662
}