{
  "umap1": 13.166154861450195,
  "umap2": 3.3671493530273438
}