{
  "No direct optim ancestor": "None",
  "umap1": 0.7381455096055061,
  "umap2": 0.6384565033449822
}