{
  "umap1": 0.6411406615656179,
  "umap2": 0.5361633619256738
}