{
  "umap1": 3.738093137741089,
  "umap2": 9.866999626159668
}