{
  "umap1": 0.5859926936758303,
  "umap2": 0.12264411025141142
}