{
  "No direct optim ancestor": "None",
  "umap1": 0.5924815720422845,
  "umap2": 0.741320439432502
}