{
  "umap1": 0.15552502662281498,
  "umap2": 0.10192264065059009
}