{
  "umap1": 13.2783203125,
  "umap2": 5.526096820831299
}