{
  "No direct optim ancestor": "None",
  "umap1": 0.24594601236434066,
  "umap2": 0.7547543751476432
}