{
  "umap1": 0.09717796300698833,
  "umap2": 0.000509615439426403
}