{
  "umap1": 0.7754534263494095,
  "umap2": 0.27347354320554706
}