{
  "No direct optim ancestor": "None",
  "umap1": 0.7199046502821248,
  "umap2": 0.019680131340247375
}