{
  "umap1": 13.878917694091797,
  "umap2": 2.3504698276519775
}