{
  "umap1": 3.5779030323028564,
  "umap2": 10.294353485107422
}