{
  "umap1": 0.5775067351929066,
  "umap2": 0.13730145990272036
}