{
  "umap1": 0.8099756833726466,
  "umap2": 0.47011795683476554
}