{
  "No direct optim ancestor": "None",
  "umap1": 0.006629685517731021,
  "umap2": 0.2914752771220911
}