{
  "umap1": 14.057750701904297,
  "umap2": 2.4849765300750732
}