{
  "umap1": 4.886059284210205,
  "umap2": 10.859732627868652
}