{
  "umap1": 0.6851304264901643,
  "umap2": 0.4398425304402671
}