{
  "umap1": 12.378829956054688,
  "umap2": 1.6793380975723267
}