{
  "No direct optim ancestor": "None",
  "umap1": 0.223157957387357,
  "umap2": 0.9024261838035448
}