{
  "No direct optim ancestor": "None",
  "umap1": 0.47251781590071695,
  "umap2": 0.9200639125889841
}