{
  "umap1": 0.04879175635217681,
  "umap2": 0.3969442231929836
}