{
  "umap1": 13.958093643188477,
  "umap2": 3.428631067276001
}