{
  "umap1": 7.9621992111206055,
  "umap2": 8.910040855407715
}