{
  "umap1": 0.23180308149729245,
  "umap2": 0.328275000032589
}