{
  "umap1": 10.55052375793457,
  "umap2": 3.943404197692871
}