{
  "No direct optim ancestor": "None",
  "umap1": 0.903932354535222,
  "umap2": 0.5810681487556737
}