{
  "umap1": 0.3397650733072105,
  "umap2": 0.9372412933114844
}