{
  "umap1": 3.106100559234619,
  "umap2": 10.454565048217773
}