{
  "umap1": 0.7854229895500451,
  "umap2": 0.2987787829124804
}