{
  "No direct optim ancestor": "None",
  "umap1": 0.5014827346451142,
  "umap2": 0.3891518973782683
}