{
  "umap1": 13.242369651794434,
  "umap2": 6.452205657958984
}