{
  "umap1": 0.8848652358398652,
  "umap2": 0.9348848553124058
}