{
  "No direct optim ancestor": "None",
  "umap1": 0.552670689350043,
  "umap2": 0.4214043985854251
}