{
  "umap1": 0.7771852756866955,
  "umap2": 0.6762097630754562
}