{
  "umap1": 3.458857297897339,
  "umap2": 9.876471519470215
}