{
  "umap1": 13.521759986877441,
  "umap2": 5.714085578918457
}