{
  "umap1": 9.93115234375,
  "umap2": 3.5830886363983154
}