{
  "umap1": 11.675718307495117,
  "umap2": 2.741041898727417
}