{
  "No direct optim ancestor": "None",
  "umap1": 0.9793769736883373,
  "umap2": 0.3559169659745385
}