{
  "umap1": 14.41457748413086,
  "umap2": 3.656271457672119
}