{
  "umap1": 0.11123611603467543,
  "umap2": 0.7193081786885084
}