{
  "umap1": 12.843774795532227,
  "umap2": 4.190520763397217
}