{
  "umap1": 0.9520768838240798,
  "umap2": 0.3927566777906111
}