{
  "No direct optim ancestor": "None",
  "umap1": 0.731825093194333,
  "umap2": 0.1381753844295439
}