{
  "umap1": 10.3289794921875,
  "umap2": 5.6536664962768555
}