{
  "umap1": 0.7530583115779291,
  "umap2": 0.0016696285244242048
}