{
  "umap1": 0.43839861018461834,
  "umap2": 0.8223902127879734
}