{
  "No direct optim ancestor": "None",
  "umap1": 0.78246624351143,
  "umap2": 0.5101948340057595
}