{
  "No direct optim ancestor": "None",
  "umap1": 0.885445912876149,
  "umap2": 0.3063964823931796
}