{
  "umap1": 8.967864990234375,
  "umap2": 5.884696960449219
}