{
  "umap1": 0.21489917962794813,
  "umap2": 0.37132828528396267
}