{
  "umap1": 0.7589462496047016,
  "umap2": 0.5174034868541166
}