{
  "umap1": 3.467817783355713,
  "umap2": 10.364262580871582
}