{
  "umap1": 10.938451766967773,
  "umap2": 3.9295685291290283
}