{
  "umap1": 0.008736593573134055,
  "umap2": 0.36195777710540067
}