{
  "No direct optim ancestor": "None",
  "umap1": 0.3608863208486651,
  "umap2": 0.7934182035744111
}