{
  "umap1": 0.3713456420725544,
  "umap2": 0.49415711453381606
}