{
  "No direct optim ancestor": "None",
  "umap1": 0.23085870148145593,
  "umap2": 0.8588247456251553
}