{
  "No direct optim ancestor": "None",
  "umap1": 0.9346949821181295,
  "umap2": 0.24402160105283943
}