{
  "umap1": 0.4380255500379986,
  "umap2": 0.40772519065532786
}