{
  "umap1": 10.516997337341309,
  "umap2": 3.0362350940704346
}