{
  "umap1": 0.17237463105342876,
  "umap2": 0.3260109560072011
}