{
  "No direct optim ancestor": "None",
  "umap1": 0.180795020860823,
  "umap2": 0.32093140506404516
}