{
  "umap1": 3.377346992492676,
  "umap2": 10.368032455444336
}