{
  "umap1": 1.327625036239624,
  "umap2": 10.056611061096191
}