{
  "umap1": 0.381282858727902,
  "umap2": 0.6297551693942703
}