{
  "No direct optim ancestor": "None",
  "umap1": 0.7426790971532117,
  "umap2": 0.9104307352702524
}