{
  "No direct optim ancestor": "None",
  "umap1": 0.5918343096228771,
  "umap2": 0.937188781097307
}