{
  "umap1": 11.476032257080078,
  "umap2": 1.5229133367538452
}