{
  "umap1": 0.008213062448925945,
  "umap2": 0.6415776630995162
}