{
  "umap1": 14.309653282165527,
  "umap2": 4.914642333984375
}