{
  "umap1": 0.07661372536878996,
  "umap2": 0.8127175224331901
}