{
  "umap1": 8.061532020568848,
  "umap2": 8.890134811401367
}