{
  "umap1": 0.15806997736765716,
  "umap2": 0.3368466983373105
}