{
  "umap1": 0.6491425380709062,
  "umap2": 0.9142022453240523
}