{
  "umap1": 14.123615264892578,
  "umap2": 6.383502960205078
}