{
  "No direct optim ancestor": "None",
  "umap1": 0.08812527783248547,
  "umap2": 0.5239346694273375
}