{
  "umap1": 0.1661384294131667,
  "umap2": 0.6472324814665992
}