{
  "No direct optim ancestor": "None",
  "umap1": 0.7628874414167435,
  "umap2": 0.6126031478258276
}