{
  "umap1": 0.21950783028470167,
  "umap2": 0.1369612076261506
}