{
  "umap1": 1.0763033628463745,
  "umap2": 9.659041404724121
}