{
  "No direct optim ancestor": "None",
  "umap1": 0.3125215866104374,
  "umap2": 0.4715012820300264
}