{
  "umap1": 0.462705212409944,
  "umap2": 0.5359703708845863
}