{
  "umap1": 10.717683792114258,
  "umap2": 1.3065906763076782
}