{
  "No direct optim ancestor": "None",
  "umap1": 0.6651711609003891,
  "umap2": 0.5436607068578119
}