{
  "umap1": 0.8793119888702441,
  "umap2": 0.324597968536118
}