{
  "umap1": 3.0115275382995605,
  "umap2": 10.630131721496582
}