{
  "umap1": 0.2759798105652208,
  "umap2": 0.8438488993387179
}