{
  "umap1": 10.523114204406738,
  "umap2": 5.703885555267334
}