{
  "umap1": 9.064406394958496,
  "umap2": 5.041118144989014
}