{
  "No direct optim ancestor": "None",
  "umap1": 0.006534613313849635,
  "umap2": 0.6429088345838307
}