{
  "umap1": 0.17644280221717756,
  "umap2": 0.5170595224339143
}