{
  "No direct optim ancestor": "None",
  "umap1": 0.08188203580938125,
  "umap2": 0.4471599861851966
}