{
  "umap1": 0.38138779771102527,
  "umap2": 0.5869104267954159
}