{
  "umap1": 0.7122156008393453,
  "umap2": 0.801054332955053
}