{
  "umap1": 3.0661652088165283,
  "umap2": 10.468656539916992
}