{
  "umap1": 0.9954045956078009,
  "umap2": 0.4668731005903073
}