{
  "umap1": 13.180742263793945,
  "umap2": 4.0232439041137695
}