{
  "umap1": 12.655343055725098,
  "umap2": 2.3923697471618652
}