{
  "umap1": 0.8667108492530343,
  "umap2": 0.45923482244179803
}