{
  "umap1": 0.3280691136955821,
  "umap2": 0.4703626398853964
}