{
  "No direct optim ancestor": "None",
  "umap1": 0.189060258945687,
  "umap2": 0.7205554176699874
}