{
  "umap1": 12.733840942382812,
  "umap2": 3.8548641204833984
}