{
  "No direct optim ancestor": "None",
  "umap1": 0.22388400214618975,
  "umap2": 0.8286732622640918
}