{
  "umap1": 13.849884033203125,
  "umap2": 5.152488708496094
}