{
  "umap1": 0.7395059489114773,
  "umap2": 0.8330069117166498
}