{
  "umap1": 3.631869077682495,
  "umap2": 10.260263442993164
}