{
  "No direct optim ancestor": "None",
  "umap1": 0.6012948235681234,
  "umap2": 0.4831239447860809
}