{
  "umap1": 9.473786354064941,
  "umap2": 2.9331302642822266
}