{
  "umap1": 0.8732308676934322,
  "umap2": 0.6715855844871245
}