{
  "No direct optim ancestor": "None",
  "umap1": 0.32771257114760677,
  "umap2": 0.9974326097196705
}