{
  "umap1": 0.8152673901613339,
  "umap2": 0.03461377999220805
}