{
  "No direct optim ancestor": "None",
  "umap1": 0.29110782796056944,
  "umap2": 0.505067714282953
}