{
  "umap1": 0.3668573759306082,
  "umap2": 0.1123817376331443
}