{
  "umap1": 13.232152938842773,
  "umap2": 3.924265146255493
}