{
  "umap1": 7.247548580169678,
  "umap2": 5.954887390136719
}