{
  "umap1": 0.4853515301666914,
  "umap2": 0.375571360397319
}