{
  "umap1": 10.250401496887207,
  "umap2": 4.024168968200684
}