{
  "No direct optim ancestor": "None",
  "umap1": 0.4500366092457927,
  "umap2": 0.3192919607132243
}