{
  "umap1": 0.5121406669511129,
  "umap2": 0.17716460251097543
}