{
  "umap1": 11.008849143981934,
  "umap2": 2.140383005142212
}