{
  "umap1": 0.5383334200830627,
  "umap2": 0.49749912070531865
}