{
  "No direct optim ancestor": "None",
  "umap1": 0.7133572622642393,
  "umap2": 0.768932546646889
}