{
  "No direct optim ancestor": "None",
  "umap1": 0.4651832986851524,
  "umap2": 0.5490249859401819
}