{
  "umap1": 13.634441375732422,
  "umap2": 2.236335277557373
}