{
  "umap1": 0.6161595277710219,
  "umap2": 0.21663054477309418
}