{
  "umap1": 0.5852087237047104,
  "umap2": 0.6137330256634802
}