{
  "umap1": 11.415120124816895,
  "umap2": 3.6609880924224854
}