{
  "No direct optim ancestor": "None",
  "umap1": 0.39804361386231746,
  "umap2": 0.9779045836946775
}