{
  "umap1": 0.9215085542573642,
  "umap2": 0.6068559090846755
}