{
  "umap1": 11.307722091674805,
  "umap2": 1.619123935699463
}