{
  "umap1": 11.96143913269043,
  "umap2": 2.0683305263519287
}