{
  "umap1": 0.46317632358431693,
  "umap2": 0.015115728281321017
}