{
  "umap1": 11.42802906036377,
  "umap2": 2.444636344909668
}