{
  "No direct optim ancestor": "None",
  "umap1": 0.6698001661944128,
  "umap2": 0.5460917463498801
}