{
  "umap1": 2.684471607208252,
  "umap2": 10.649216651916504
}