{
  "umap1": 0.04233027930790789,
  "umap2": 0.16610843060610858
}