{
  "umap1": 3.3157219886779785,
  "umap2": 10.428961753845215
}