{
  "umap1": 9.14415454864502,
  "umap2": 6.240705966949463
}