{
  "No direct optim ancestor": "None",
  "umap1": 0.050037553742936725,
  "umap2": 0.18345542554410466
}