{
  "umap1": 13.898087501525879,
  "umap2": 4.335272789001465
}