{
  "umap1": 0.8645559655804395,
  "umap2": 0.2486893857448116
}