{
  "umap1": 0.9811722628671086,
  "umap2": 0.876612382983339
}