{
  "umap1": 1.3446083068847656,
  "umap2": 9.748274803161621
}