{
  "No direct optim ancestor": "None",
  "umap1": 0.3241328682925876,
  "umap2": 0.6995361725529313
}