{
  "umap1": 0.4052420406012538,
  "umap2": 0.9437979344390227
}