{
  "umap1": 0.7766993468854678,
  "umap2": 0.2666340834350506
}