{
  "umap1": 8.579691886901855,
  "umap2": 3.1637444496154785
}