{
  "umap1": 0.35590978650405536,
  "umap2": 0.09110221172892985
}