{
  "umap1": 3.177805185317993,
  "umap2": 10.262948036193848
}