{
  "umap1": 12.808634757995605,
  "umap2": 7.476418495178223
}