{
  "umap1": 0.4804405551579659,
  "umap2": 0.9771507765117505
}