{
  "umap1": 4.878100395202637,
  "umap2": 10.881895065307617
}