{
  "No direct optim ancestor": "None",
  "umap1": 0.18910159890016054,
  "umap2": 0.44817645634992886
}