{
  "umap1": 0.03384233465672615,
  "umap2": 0.3732670196931176
}