{
  "umap1": 0.9731284251181876,
  "umap2": 0.38418593751841656
}