{
  "umap1": 2.7256739139556885,
  "umap2": 10.55322265625
}