{
  "umap1": 13.708549499511719,
  "umap2": 5.702282905578613
}