{
  "No direct optim ancestor": "None",
  "umap1": 0.43974617772798796,
  "umap2": 0.7871407359875182
}