{
  "umap1": 0.4937991084882155,
  "umap2": 0.23407668862485298
}