{
  "umap1": 9.421957969665527,
  "umap2": 5.667185306549072
}