{
  "No direct optim ancestor": "None",
  "umap1": 0.8512354869247132,
  "umap2": 0.09527028974019092
}