{
  "umap1": 0.3225478497776163,
  "umap2": 0.526346208973753
}