{
  "umap1": 11.252800941467285,
  "umap2": 1.2991818189620972
}