{
  "No direct optim ancestor": "None",
  "umap1": 0.053839848890750885,
  "umap2": 0.6661775156453202
}