{
  "umap1": 0.5729644691632145,
  "umap2": 0.935909755083503
}