{
  "umap1": 5.08823823928833,
  "umap2": 10.668187141418457
}