{
  "umap1": 0.8835865162785921,
  "umap2": 0.15737755823888466
}