{
  "umap1": 0.0068846321998145,
  "umap2": 0.6937211071209529
}