{
  "umap1": 9.00843334197998,
  "umap2": 5.694250106811523
}