{
  "umap1": 2.6675033569335938,
  "umap2": 10.70489501953125
}