{
  "umap1": 0.8862932109097637,
  "umap2": 0.6817761303001175
}