{
  "umap1": 0.8293721218809227,
  "umap2": 0.8810599116479891
}