{
  "umap1": 13.032520294189453,
  "umap2": 4.831132888793945
}