{
  "umap1": 0.0010489612946659177,
  "umap2": 0.010401209667602496
}