{
  "umap1": 4.984954357147217,
  "umap2": 10.754859924316406
}