{
  "No direct optim ancestor": "None",
  "umap1": 0.8389926207803862,
  "umap2": 0.7865327704453714
}