{
  "umap1": 0.5319140319633647,
  "umap2": 0.222448038162117
}