{
  "umap1": 0.2919955749491894,
  "umap2": 0.6709982213028417
}