{
  "No direct optim ancestor": "None",
  "umap1": 0.10491244493636853,
  "umap2": 0.6450726790273007
}