{
  "umap1": 10.659974098205566,
  "umap2": 2.2263436317443848
}