{
  "umap1": 0.45116196149960897,
  "umap2": 0.3171415854899827
}