{
  "No direct optim ancestor": "None",
  "umap1": 0.23083409561356283,
  "umap2": 0.6904057728562647
}