{
  "umap1": 14.265217781066895,
  "umap2": 4.1738104820251465
}