{
  "umap1": 0.4423124218694424,
  "umap2": 0.00831034136317732
}