{
  "No direct optim ancestor": "None",
  "umap1": 0.19191054525279028,
  "umap2": 0.7265437636973177
}