{
  "umap1": 8.530816078186035,
  "umap2": 8.835223197937012
}