{
  "umap1": 0.6307999846068686,
  "umap2": 0.9027208354781588
}