{
  "umap1": 9.502246856689453,
  "umap2": 5.769731044769287
}