{
  "No direct optim ancestor": "None",
  "umap1": 0.060102698364881246,
  "umap2": 0.4406701236776317
}