{
  "umap1": 0.6931656332716506,
  "umap2": 0.20796721467476864
}