{
  "No direct optim ancestor": "None",
  "umap1": 0.5913038016845306,
  "umap2": 0.25469645824900033
}