{
  "umap1": 8.582316398620605,
  "umap2": 7.949476718902588
}