{
  "No direct optim ancestor": "None",
  "umap1": 0.7361734838603801,
  "umap2": 0.6915152844797183
}