{
  "umap1": 0.9895600810834975,
  "umap2": 0.28498359651449356
}