{
  "umap1": 11.691919326782227,
  "umap2": 3.5185036659240723
}