{
  "umap1": 2.652499198913574,
  "umap2": 10.687532424926758
}