{
  "umap1": 0.7663502999628807,
  "umap2": 0.27802542594642254
}