{
  "No direct optim ancestor": "None",
  "umap1": 0.7935732045179211,
  "umap2": 0.42130035434604474
}