{
  "umap1": 0.08957693216044338,
  "umap2": 0.045925983784909974
}