{
  "umap1": 9.462060928344727,
  "umap2": 3.375900983810425
}