{
  "No direct optim ancestor": "None",
  "umap1": 0.9719812965194112,
  "umap2": 0.46180048108108984
}