{
  "umap1": 0.39386020921954146,
  "umap2": 0.41235469573559813
}