{
  "umap1": 0.31457705674716985,
  "umap2": 0.44312338733194756
}