{
  "No direct optim ancestor": "None",
  "umap1": 0.1531171221332006,
  "umap2": 0.13912189867600866
}