{
  "umap1": 0.0876397568123044,
  "umap2": 0.6747151653343396
}