{
  "No direct optim ancestor": "None",
  "umap1": 0.791468868047165,
  "umap2": 0.41077298528520956
}