{
  "No direct optim ancestor": "None",
  "umap1": 0.9527304925023982,
  "umap2": 0.18122573311736878
}