{
  "umap1": 0.7194922421868171,
  "umap2": 0.47669031397501105
}