{
  "umap1": 13.762757301330566,
  "umap2": 6.633615970611572
}