{
  "umap1": 13.80643367767334,
  "umap2": 2.0047647953033447
}