{
  "umap1": 14.318148612976074,
  "umap2": 5.994088649749756
}