{
  "umap1": 0.3431180248667344,
  "umap2": 0.9996234215384884
}