{
  "No direct optim ancestor": "None",
  "umap1": 0.7368664462696448,
  "umap2": 0.22128232141692217
}