{
  "umap1": 12.940725326538086,
  "umap2": 7.126774787902832
}