{
  "umap1": 0.0970482741559584,
  "umap2": 0.021538282170541767
}