{
  "No direct optim ancestor": "None",
  "umap1": 0.5268692751317247,
  "umap2": 0.008387015251143937
}