{
  "No direct optim ancestor": "None",
  "umap1": 0.6215544775254633,
  "umap2": 0.40624996253443235
}