{
  "umap1": 0.3735443123542611,
  "umap2": 0.9595970377472384
}