{
  "umap1": 0.5825896549207075,
  "umap2": 0.40809776210548676
}