{
  "No direct optim ancestor": "None",
  "umap1": 0.4614464954456693,
  "umap2": 0.7122232156848394
}