{
  "umap1": 0.9948491454124451,
  "umap2": 9.609755516052246
}