{
  "umap1": 0.7932165573609049,
  "umap2": 0.4737272422296097
}