{
  "umap1": 3.349175453186035,
  "umap2": 10.41344928741455
}