{
  "No direct optim ancestor": "None",
  "umap1": 0.331495806974502,
  "umap2": 0.9618933746924305
}