{
  "umap1": 0.24442321157060543,
  "umap2": 0.0901761693942057
}