{
  "No direct optim ancestor": "None",
  "umap1": 0.9082270175662946,
  "umap2": 0.251094682224817
}