{
  "umap1": 0.42869661069141707,
  "umap2": 0.5503226478755304
}