{
  "umap1": 13.392823219299316,
  "umap2": 5.6564717292785645
}