{
  "No direct optim ancestor": "None",
  "umap1": 0.9190954116827359,
  "umap2": 0.9230325854592679
}