{
  "umap1": 0.08451076560087212,
  "umap2": 0.7459026119835436
}