{
  "umap1": 9.483147621154785,
  "umap2": 4.513524055480957
}