{
  "No direct optim ancestor": "None",
  "umap1": 0.13717044288538083,
  "umap2": 0.6394998554297936
}