{
  "umap1": 0.730811381147463,
  "umap2": 0.8923958991755787
}