{
  "No direct optim ancestor": "None",
  "umap1": 0.28963788730403495,
  "umap2": 0.7908475247000346
}