{
  "umap1": 13.433125495910645,
  "umap2": 6.787353515625
}