{
  "umap1": 0.7067213110239919,
  "umap2": 0.8984829552453493
}