{
  "umap1": 13.615427017211914,
  "umap2": 6.469590663909912
}