{
  "umap1": 10.573813438415527,
  "umap2": 1.2470370531082153
}