{
  "umap1": 0.12524458857877552,
  "umap2": 0.9086275318187351
}