{
  "No direct optim ancestor": "None",
  "umap1": 0.9597462154908681,
  "umap2": 0.20213547568513934
}