{
  "No direct optim ancestor": "None",
  "umap1": 0.7032730469490073,
  "umap2": 0.9285244155679775
}