{
  "umap1": 0.12305451240447152,
  "umap2": 0.4553328830298615
}