{
  "umap1": 4.940343379974365,
  "umap2": 10.825337409973145
}