{
  "umap1": 0.7955697865993004,
  "umap2": 0.08337153955681009
}