{
  "No direct optim ancestor": "None",
  "umap1": 0.3356701309998581,
  "umap2": 0.3288722337024118
}