{
  "umap1": 0.4776466229502563,
  "umap2": 0.47921439867503235
}