{
  "No direct optim ancestor": "None",
  "umap1": 0.8853334999689154,
  "umap2": 0.2536817305200879
}