{
  "umap1": 11.0639066696167,
  "umap2": 3.5843138694763184
}