{
  "umap1": 0.7252667317923129,
  "umap2": 0.9061528788145806
}