{
  "umap1": 7.364959716796875,
  "umap2": 5.838791370391846
}