{
  "umap1": 0.2430592879265845,
  "umap2": 0.05917149018166035
}