{
  "umap1": 13.273552894592285,
  "umap2": 7.538232803344727
}