{
  "umap1": 0.21343552861062687,
  "umap2": 0.2456737593702547
}