{
  "umap1": 11.425153732299805,
  "umap2": 3.578491687774658
}