{
  "umap1": 0.6029005314297609,
  "umap2": 0.23099404483987052
}