{
  "No direct optim ancestor": "None",
  "umap1": 0.4766055890579425,
  "umap2": 0.7328151991631771
}