{
  "umap1": 10.529603004455566,
  "umap2": 1.1091490983963013
}