{
  "umap1": 11.485193252563477,
  "umap2": 1.4044733047485352
}