{
  "umap1": 12.945158004760742,
  "umap2": 1.8504990339279175
}