{
  "No direct optim ancestor": "None",
  "umap1": 0.7826255888303337,
  "umap2": 0.3461666769102488
}