{
  "umap1": 0.08043329728625714,
  "umap2": 0.9273373717794047
}