{
  "No direct optim ancestor": "None",
  "umap1": 0.6054445347519805,
  "umap2": 0.7932903003681667
}