{
  "umap1": 0.3091077687647844,
  "umap2": 0.048553965450615966
}