{
  "No direct optim ancestor": "None",
  "umap1": 0.22274363236422345,
  "umap2": 0.7218295675999289
}