{
  "umap1": 11.265547752380371,
  "umap2": 1.9617398977279663
}