{
  "umap1": 0.24879888757028745,
  "umap2": 0.30876853722238085
}