{
  "umap1": 13.984209060668945,
  "umap2": 5.4268798828125
}