{
  "umap1": 3.993913173675537,
  "umap2": 9.75833511352539
}