{
  "umap1": 5.0210041999816895,
  "umap2": 10.704987525939941
}