{
  "umap1": 0.44481627839788374,
  "umap2": 0.6220726136943453
}