{
  "umap1": 12.671375274658203,
  "umap2": 3.3067128658294678
}