{
  "No direct optim ancestor": "None",
  "umap1": 0.6504371931552358,
  "umap2": 0.18638493696593172
}