{
  "umap1": 0.7985239705953565,
  "umap2": 0.7221787515181726
}