{
  "umap1": 0.08096759915954077,
  "umap2": 0.21444084919377948
}