{
  "No direct optim ancestor": "None",
  "umap1": 0.5617813219768225,
  "umap2": 0.7656481594585504
}