{
  "No direct optim ancestor": "None",
  "umap1": 0.2693790853192446,
  "umap2": 0.15792524332402724
}