{
  "umap1": 11.401131629943848,
  "umap2": 1.6212782859802246
}