{
  "umap1": 0.511837468517885,
  "umap2": 0.8128952783963997
}