{
  "umap1": 3.016153573989868,
  "umap2": 10.508323669433594
}