{
  "umap1": 0.10370069129666593,
  "umap2": 0.5498216028742036
}