{
  "No direct optim ancestor": "None",
  "umap1": 0.2200210558661453,
  "umap2": 0.5528407823725305
}