{
  "umap1": 0.20822129151833602,
  "umap2": 0.9597518480597867
}