{
  "umap1": 14.2999267578125,
  "umap2": 2.6083192825317383
}