{
  "umap1": 1.3574122190475464,
  "umap2": 10.019390106201172
}