{
  "umap1": 3.744216203689575,
  "umap2": 9.845041275024414
}