{
  "umap1": 0.6256380365824354,
  "umap2": 0.02882981377005267
}