{
  "umap1": 8.912964820861816,
  "umap2": 2.8144428730010986
}