{
  "umap1": 0.20618965357248342,
  "umap2": 0.6353376234586325
}