{
  "No direct optim ancestor": "None",
  "umap1": 0.6696452150745831,
  "umap2": 0.03535701979902606
}