{
  "umap1": 0.1943695752937995,
  "umap2": 0.6924251379245241
}