{
  "umap1": 3.540813446044922,
  "umap2": 10.25050163269043
}