{
  "No direct optim ancestor": "None",
  "umap1": 0.09242918923761712,
  "umap2": 0.14526635026529844
}