{
  "umap1": 8.712032318115234,
  "umap2": 4.85122537612915
}