{
  "umap1": 0.17499010029305806,
  "umap2": 0.3400291079541711
}