{
  "umap1": 10.6586332321167,
  "umap2": 2.6813268661499023
}