{
  "umap1": 9.404013633728027,
  "umap2": 1.6531680822372437
}