{
  "No direct optim ancestor": "None",
  "umap1": 0.4300158599829743,
  "umap2": 0.33370915866959117
}