{
  "umap1": 0.5287958965461146,
  "umap2": 0.7265897118652814
}