{
  "umap1": 0.8881482097081193,
  "umap2": 0.8344520436424469
}