{
  "umap1": 12.474422454833984,
  "umap2": 6.146549701690674
}