{
  "No direct optim ancestor": "None",
  "umap1": 0.8121621567367873,
  "umap2": 0.9944781738146969
}