{
  "umap1": 2.7588157653808594,
  "umap2": 10.65324878692627
}