{
  "umap1": 0.7859991195848944,
  "umap2": 0.4675589464960451
}