{
  "No direct optim ancestor": "None",
  "umap1": 0.6699133846511109,
  "umap2": 0.2022405742176242
}