{
  "umap1": 11.690333366394043,
  "umap2": 3.4429233074188232
}