{
  "umap1": 0.5899282740783421,
  "umap2": 0.1840898978405091
}