{
  "No direct optim ancestor": "None",
  "umap1": 0.1941430059995778,
  "umap2": 0.3583125456993237
}