{
  "No direct optim ancestor": "None",
  "umap1": 0.37132666518123203,
  "umap2": 0.7391846133848154
}