{
  "umap1": 0.39859141440492507,
  "umap2": 0.5695649224815125
}