{
  "umap1": 13.682445526123047,
  "umap2": 1.9145712852478027
}