{
  "No direct optim ancestor": "None",
  "umap1": 0.6847522889818659,
  "umap2": 0.5283293975840886
}