{
  "umap1": 0.8541440436055305,
  "umap2": 0.9205060893332294
}