{
  "umap1": 10.468422889709473,
  "umap2": 3.043618679046631
}