{
  "umap1": 3.8389556407928467,
  "umap2": 9.96574878692627
}