{
  "umap1": 0.034675599159154635,
  "umap2": 0.2227814927912667
}