{
  "No direct optim ancestor": "None",
  "umap1": 0.33341869220967413,
  "umap2": 0.5004789126501904
}