{
  "umap1": 13.815098762512207,
  "umap2": 1.9513649940490723
}