{
  "umap1": 0.49513313398981296,
  "umap2": 0.0784713330044976
}