{
  "No direct optim ancestor": "None",
  "umap1": 0.015931552547428618,
  "umap2": 0.15469620312538024
}