{
  "No direct optim ancestor": "None",
  "umap1": 0.614065710597336,
  "umap2": 0.2834636094728309
}