{
  "umap1": 12.63696575164795,
  "umap2": 2.960994243621826
}