{
  "umap1": 0.5144133348816355,
  "umap2": 0.12199994786640389
}