{
  "umap1": 13.604647636413574,
  "umap2": 5.683279991149902
}