{
  "umap1": 10.755841255187988,
  "umap2": 2.0600783824920654
}