{
  "umap1": 12.180341720581055,
  "umap2": 3.251943588256836
}