{
  "No direct optim ancestor": "None",
  "umap1": 0.8998594376360707,
  "umap2": 0.9391989740269614
}