{
  "umap1": 0.13606934340634125,
  "umap2": 0.0016936834118240762
}