{
  "umap1": 10.864943504333496,
  "umap2": 3.1003000736236572
}