{
  "No direct optim ancestor": "None",
  "umap1": 0.02231425185894309,
  "umap2": 0.9866652998310825
}