{
  "umap1": 0.24519320328837246,
  "umap2": 0.9024625892840302
}