{
  "umap1": 0.8048298752444231,
  "umap2": 0.7370600554408556
}