{
  "No direct optim ancestor": "None",
  "umap1": 0.15497878480994443,
  "umap2": 0.07271524326939283
}