{
  "umap1": 14.389246940612793,
  "umap2": 5.389069557189941
}