{
  "umap1": 0.9024930282567186,
  "umap2": 0.35248815128718114
}