{
  "No direct optim ancestor": "None",
  "umap1": 0.45881184667804253,
  "umap2": 0.7141259307821632
}