{
  "umap1": 13.235485076904297,
  "umap2": 5.687064170837402
}