{
  "No direct optim ancestor": "None",
  "umap1": 0.889537255859732,
  "umap2": 0.44073711195402065
}