{
  "umap1": 0.45228790765659455,
  "umap2": 0.8162826113241478
}