{
  "umap1": 0.5762157216085176,
  "umap2": 0.8911596575101097
}