{
  "umap1": 8.768630027770996,
  "umap2": 5.635732173919678
}