{
  "No direct optim ancestor": "None",
  "umap1": 0.41951068728004925,
  "umap2": 0.6960194317671622
}