{
  "umap1": 0.9955371526000883,
  "umap2": 0.3309915319199108
}