{
  "umap1": 2.8276987075805664,
  "umap2": 10.67867660522461
}