{
  "umap1": 0.7246206356978975,
  "umap2": 0.003614623177480958
}