{
  "umap1": 3.12160325050354,
  "umap2": 10.582012176513672
}