{
  "umap1": 0.09144903549949968,
  "umap2": 0.09804034163484732
}