{
  "No direct optim ancestor": "None",
  "umap1": 0.8446776822072409,
  "umap2": 0.40363490044584094
}