{
  "umap1": 9.810866355895996,
  "umap2": 2.152981758117676
}