{
  "No direct optim ancestor": "None",
  "umap1": 0.9684897150985216,
  "umap2": 0.7916499890740858
}