{
  "umap1": 0.019680610638423635,
  "umap2": 0.9084448367911321
}