{
  "umap1": 0.12296686562445924,
  "umap2": 0.180815471171481
}