{
  "umap1": 10.83141040802002,
  "umap2": 1.4490975141525269
}