{
  "No direct optim ancestor": "None",
  "umap1": 0.6404565395758038,
  "umap2": 0.3736278327849373
}