{
  "umap1": 0.8034664688009334,
  "umap2": 0.12030642842598105
}