{
  "umap1": 13.06674575805664,
  "umap2": 7.0818190574646
}