{
  "No direct optim ancestor": "None",
  "umap1": 0.16577668846748583,
  "umap2": 0.6935055711816405
}