{
  "umap1": 0.5770335722150064,
  "umap2": 0.5424045583758756
}