{
  "umap1": 12.776601791381836,
  "umap2": 2.8606760501861572
}