{
  "umap1": 0.05481306375484918,
  "umap2": 0.7790309937562828
}