{
  "No direct optim ancestor": "None",
  "umap1": 0.7127674059894333,
  "umap2": 0.28211785936538836
}