{
  "umap1": 12.212430000305176,
  "umap2": 2.0737266540527344
}