{
  "umap1": 8.589495658874512,
  "umap2": 7.919997692108154
}