{
  "No direct optim ancestor": "None",
  "umap1": 0.39093210276492585,
  "umap2": 0.01728592908894544
}