{
  "umap1": 0.878814544213046,
  "umap2": 0.957381921106367
}