{
  "No direct optim ancestor": "None",
  "umap1": 0.13637981126679477,
  "umap2": 0.946137020072326
}