{
  "umap1": 0.991590513329369,
  "umap2": 0.7904216145530484
}