{
  "umap1": 13.037671089172363,
  "umap2": 3.2793197631835938
}