{
  "umap1": 12.995361328125,
  "umap2": 4.750460147857666
}