{
  "No direct optim ancestor": "None",
  "umap1": 0.874389765367969,
  "umap2": 0.32141712963981117
}