{
  "umap1": 0.8804065613688854,
  "umap2": 0.10149042788787077
}