{
  "umap1": 12.787530899047852,
  "umap2": 2.7286288738250732
}