{
  "No direct optim ancestor": "None",
  "umap1": 0.18803606852269072,
  "umap2": 0.8162086312903205
}