{
  "umap1": 0.7454113136054551,
  "umap2": 0.3304109823695691
}