{
  "umap1": 11.059087753295898,
  "umap2": 5.261490821838379
}