{
  "No direct optim ancestor": "None",
  "umap1": 0.5162902473862047,
  "umap2": 0.48541085386018834
}