{
  "umap1": 0.9669194931547516,
  "umap2": 0.30595648609212067
}