{
  "umap1": 13.670398712158203,
  "umap2": 5.582800388336182
}