{
  "No direct optim ancestor": "None",
  "umap1": 0.8291256398820187,
  "umap2": 0.5608941777981485
}