{
  "umap1": 12.151514053344727,
  "umap2": 4.6860671043396
}