{
  "umap1": 0.8775609739437545,
  "umap2": 0.3895514277264437
}