{
  "umap1": 0.5258436173966924,
  "umap2": 0.4324305827380389
}