{
  "No direct optim ancestor": "None",
  "umap1": 0.7651752419845216,
  "umap2": 0.4733691795278109
}