{
  "No direct optim ancestor": "None",
  "umap1": 0.02607389693770268,
  "umap2": 0.7993332400694141
}