{
  "umap1": 0.11023294758334401,
  "umap2": 0.13163628201654376
}