{
  "umap1": 8.134918212890625,
  "umap2": 8.810806274414062
}