{
  "umap1": 0.03219566326270151,
  "umap2": 0.8327677156982782
}