{
  "Ancestor's direct optim goal": "a photo of a hexagonal honeycomb with red cells and green borders",
  "umap1": 0.2409763415002074,
  "umap2": 0.28137674600839935
}