{
  "umap1": 11.687675476074219,
  "umap2": 2.1189091205596924
}