{
  "umap1": 0.7137320260420016,
  "umap2": 0.8761922677350528
}