{
  "No direct optim ancestor": "None",
  "umap1": 0.10957446127840742,
  "umap2": 0.9455761453415263
}