{
  "umap1": 13.01173210144043,
  "umap2": 3.365696668624878
}