{
  "No direct optim ancestor": "None",
  "umap1": 0.31351890779474756,
  "umap2": 0.5855570956662323
}