{
  "umap1": 0.0007434990298177402,
  "umap2": 0.6337192127915924
}