{
  "umap1": 12.961886405944824,
  "umap2": 1.8534339666366577
}