{
  "umap1": 12.120075225830078,
  "umap2": 1.9228700399398804
}