{
  "No direct optim ancestor": "None",
  "umap1": 0.26680659495261694,
  "umap2": 0.5488310679020715
}