{
  "umap1": 0.5183154658168598,
  "umap2": 0.0739416456598313
}