{
  "umap1": 11.55717658996582,
  "umap2": 3.6739466190338135
}