{
  "umap1": 10.48027515411377,
  "umap2": 1.456799030303955
}