{
  "umap1": 0.8043268777948286,
  "umap2": 0.15390944719997313
}