{
  "No direct optim ancestor": "None",
  "umap1": 0.6323720451474875,
  "umap2": 0.5825846686267566
}