{
  "umap1": 8.95628547668457,
  "umap2": 3.1506643295288086
}