{
  "umap1": 0.7598466344476335,
  "umap2": 0.278934103772538
}