{
  "umap1": 0.49780284506153705,
  "umap2": 0.5435621827275079
}