{
  "No direct optim ancestor": "None",
  "umap1": 0.4934140326808033,
  "umap2": 0.42496780260013944
}