{
  "umap1": 11.455087661743164,
  "umap2": 2.567363977432251
}