{
  "umap1": 3.4383599758148193,
  "umap2": 10.407315254211426
}