{
  "umap1": 13.360466003417969,
  "umap2": 5.745715141296387
}