{
  "umap1": 12.824108123779297,
  "umap2": 6.805624008178711
}