{
  "umap1": 0.4321571568890594,
  "umap2": 0.9625227346946782
}