{
  "umap1": 12.829245567321777,
  "umap2": 7.12290620803833
}