{
  "umap1": 0.7908376344032032,
  "umap2": 0.4114152323987543
}