{
  "umap1": 5.023818016052246,
  "umap2": 10.713991165161133
}