{
  "No direct optim ancestor": "None",
  "umap1": 0.016409161716729126,
  "umap2": 0.17094679977991212
}