{
  "umap1": 0.44869863644041896,
  "umap2": 0.2589150511836721
}