{
  "No direct optim ancestor": "None",
  "umap1": 0.453573391491214,
  "umap2": 0.7453796277990714
}