{
  "umap1": 0.7287767021787286,
  "umap2": 0.46941929549332173
}