{
  "umap1": 13.711657524108887,
  "umap2": 1.777271032333374
}