{
  "umap1": 0.07079012999738155,
  "umap2": 0.5781220876791451
}