{
  "No direct optim ancestor": "None",
  "umap1": 0.8007662898432969,
  "umap2": 0.9133628562752776
}