{
  "umap1": 10.815131187438965,
  "umap2": 2.182830333709717
}