{
  "umap1": 0.314778169588114,
  "umap2": 0.004085914412560454
}