{
  "umap1": 0.4655937872302003,
  "umap2": 0.1273515616758334
}