{
  "No direct optim ancestor": "None",
  "umap1": 0.029975621355143978,
  "umap2": 0.12789901027803863
}