{
  "umap1": 10.243595123291016,
  "umap2": 2.6946029663085938
}