{
  "umap1": 0.7766657094493936,
  "umap2": 0.6361242258366331
}