{
  "umap1": 9.020661354064941,
  "umap2": 6.644979953765869
}