{
  "umap1": 12.108384132385254,
  "umap2": 3.1716995239257812
}