{
  "umap1": 13.024653434753418,
  "umap2": 3.984065055847168
}