{
  "No direct optim ancestor": "None",
  "umap1": 0.4486407990827428,
  "umap2": 0.36992056868328593
}