{
  "umap1": 13.8006591796875,
  "umap2": 5.159828186035156
}