{
  "umap1": 0.9636401270372552,
  "umap2": 0.7920902960271268
}