{
  "umap1": 0.3505809843445037,
  "umap2": 0.9796086417790649
}