{
  "No direct optim ancestor": "None",
  "umap1": 0.8122694974348994,
  "umap2": 0.6234896841310541
}