{
  "No direct optim ancestor": "None",
  "umap1": 0.02689621263645181,
  "umap2": 0.8982828368222041
}