{
  "umap1": 0.32528685475691643,
  "umap2": 0.843287839395002
}