{
  "umap1": 1.3839211463928223,
  "umap2": 10.022062301635742
}