{
  "umap1": 7.280453681945801,
  "umap2": 5.9148383140563965
}