{
  "umap1": 3.312418222427368,
  "umap2": 10.354421615600586
}