{
  "umap1": 0.9583414775844976,
  "umap2": 0.2535821779736964
}