{
  "umap1": 3.0649189949035645,
  "umap2": 10.526880264282227
}