{
  "umap1": 14.437580108642578,
  "umap2": 4.887162208557129
}