{
  "No direct optim ancestor": "None",
  "umap1": 0.9054656126792483,
  "umap2": 0.6047814862709092
}