{
  "umap1": 0.880951245851248,
  "umap2": 0.6843399483546225
}