{
  "umap1": 0.19869095909565127,
  "umap2": 0.5705069547004875
}