{
  "umap1": 11.035687446594238,
  "umap2": 1.623054027557373
}