{
  "No direct optim ancestor": "None",
  "umap1": 0.38307059464089965,
  "umap2": 0.6358748536677811
}