{
  "umap1": 10.493524551391602,
  "umap2": 4.074560165405273
}