{
  "umap1": 0.9940452217521225,
  "umap2": 0.8322437473122188
}