{
  "No direct optim ancestor": "None",
  "umap1": 0.2723832441626297,
  "umap2": 0.9563473057397591
}