{
  "umap1": 13.163105964660645,
  "umap2": 2.282399892807007
}