{
  "No direct optim ancestor": "None",
  "umap1": 0.1538288991040252,
  "umap2": 0.9147251576632611
}