{
  "umap1": 0.9093825827293784,
  "umap2": 0.8148234482779855
}