{
  "umap1": 0.2232990485083679,
  "umap2": 0.6448049330889513
}