{
  "No direct optim ancestor": "None",
  "umap1": 0.19229616784930625,
  "umap2": 0.13377573013562372
}