{
  "umap1": 7.35991907119751,
  "umap2": 5.84447717666626
}