{
  "umap1": 9.790375709533691,
  "umap2": 3.4536795616149902
}