{
  "umap1": 0.15406579195891867,
  "umap2": 0.5825441478198863
}