{
  "umap1": 1.1540738344192505,
  "umap2": 9.644387245178223
}