{
  "umap1": 0.08185018174778447,
  "umap2": 0.3140613302204802
}