{
  "umap1": 10.790287017822266,
  "umap2": 2.429185628890991
}