{
  "umap1": 0.6046800555038734,
  "umap2": 0.7832239566428298
}