{
  "No direct optim ancestor": "None",
  "umap1": 0.986546912410223,
  "umap2": 0.5904544705960876
}