{
  "umap1": 10.194018363952637,
  "umap2": 1.7281705141067505
}