{
  "umap1": 0.13862081403028026,
  "umap2": 0.09172228401053895
}