{
  "No direct optim ancestor": "None",
  "umap1": 0.6624878675275758,
  "umap2": 0.16989409957089585
}