{
  "umap1": 12.164631843566895,
  "umap2": 7.2871623039245605
}