{
  "umap1": 8.657410621643066,
  "umap2": 4.915261745452881
}