{
  "umap1": 3.2784292697906494,
  "umap2": 10.447248458862305
}