{
  "umap1": 0.5971774465182282,
  "umap2": 0.8664684446154406
}