{
  "No direct optim ancestor": "None",
  "umap1": 0.15534980300053636,
  "umap2": 0.27840187267118055
}