{
  "umap1": 0.02799535249376839,
  "umap2": 0.25404537183682185
}