{
  "umap1": 13.29804801940918,
  "umap2": 5.215066432952881
}