{
  "No direct optim ancestor": "None",
  "umap1": 0.6377424253323026,
  "umap2": 0.13846391115317724
}