{
  "umap1": 0.3397454608369598,
  "umap2": 0.9904429095234172
}