{
  "umap1": 9.607176780700684,
  "umap2": 2.6837830543518066
}