{
  "umap1": 13.801359176635742,
  "umap2": 3.931995391845703
}