{
  "umap1": 12.389338493347168,
  "umap2": 7.144350051879883
}