{
  "umap1": 0.2710058029021959,
  "umap2": 0.9700708700073901
}