{
  "No direct optim ancestor": "None",
  "umap1": 0.683622875489702,
  "umap2": 0.34249791656729023
}