{
  "No direct optim ancestor": "None",
  "umap1": 0.8322645852692598,
  "umap2": 0.9920891228065084
}