{
  "umap1": 0.48419915979236805,
  "umap2": 0.2876965664136083
}