{
  "umap1": 0.5828822645781411,
  "umap2": 0.09726291517871122
}