{
  "umap1": 12.168279647827148,
  "umap2": 3.6285362243652344
}