{
  "No direct optim ancestor": "None",
  "umap1": 0.581293691421528,
  "umap2": 0.7385851739339377
}