{
  "umap1": 0.751870941051383,
  "umap2": 0.0595626039893935
}