{
  "No direct optim ancestor": "None",
  "umap1": 0.4531851505950255,
  "umap2": 0.8611459295914865
}