{
  "umap1": 0.2278016984767739,
  "umap2": 0.6772283644749454
}