{
  "umap1": 0.703877272728703,
  "umap2": 0.288759609219031
}