{
  "umap1": 7.332003593444824,
  "umap2": 5.865326404571533
}