{
  "umap1": 0.7905512038073702,
  "umap2": 0.15386984230499023
}