{
  "umap1": 4.9749274253845215,
  "umap2": 10.786369323730469
}