{
  "umap1": 11.170286178588867,
  "umap2": 1.797654151916504
}