{
  "umap1": 0.05098982982051281,
  "umap2": 0.401695967210548
}