{
  "No direct optim ancestor": "None",
  "umap1": 0.7862878486957592,
  "umap2": 0.7173287591054339
}