{
  "umap1": 8.893863677978516,
  "umap2": 3.065077781677246
}