{
  "umap1": 0.6028306816912403,
  "umap2": 0.09996532289490134
}