{
  "No direct optim ancestor": "None",
  "umap1": 0.5864851829775337,
  "umap2": 0.8343634863741312
}