{
  "umap1": 0.8254786751301354,
  "umap2": 0.42734924509342276
}