{
  "No direct optim ancestor": "None",
  "umap1": 0.539612955483054,
  "umap2": 0.18199023991612284
}