{
  "umap1": 14.085203170776367,
  "umap2": 3.870534896850586
}