{
  "umap1": 1.1973637342453003,
  "umap2": 9.883773803710938
}