{
  "umap1": 0.7772229014023604,
  "umap2": 0.5900183574824522
}