{
  "umap1": 13.9061918258667,
  "umap2": 5.298138618469238
}