{
  "No direct optim ancestor": "None",
  "umap1": 0.5617077833376365,
  "umap2": 0.5392418017672334
}