{
  "umap1": 0.20804799032605836,
  "umap2": 0.3722313595139055
}