{
  "umap1": 0.47322066076634905,
  "umap2": 0.9479966893589867
}