{
  "umap1": 0.17289610746490547,
  "umap2": 0.8174494504790744
}