{
  "umap1": 14.326456069946289,
  "umap2": 3.4843955039978027
}