{
  "No direct optim ancestor": "None",
  "umap1": 0.8501217187868731,
  "umap2": 0.8955538452717102
}