{
  "umap1": 8.894896507263184,
  "umap2": 5.866422653198242
}