{
  "umap1": 0.018554083827911905,
  "umap2": 0.42561778961838403
}