{
  "No direct optim ancestor": "None",
  "umap1": 0.14439037074032268,
  "umap2": 0.5855697150048762
}