{
  "umap1": 12.258308410644531,
  "umap2": 1.9250879287719727
}