{
  "No direct optim ancestor": "None",
  "umap1": 0.1794648748184039,
  "umap2": 0.07399070072784009
}