{
  "umap1": 0.592430698245871,
  "umap2": 0.7864287454475225
}