{
  "umap1": 11.707613945007324,
  "umap2": 4.007346153259277
}