{
  "umap1": 0.5800647758326647,
  "umap2": 0.0007264748866177007
}