{
  "No direct optim ancestor": "None",
  "umap1": 0.6488685048029286,
  "umap2": 0.6861454975205828
}