{
  "No direct optim ancestor": "None",
  "umap1": 0.8740176577142297,
  "umap2": 0.42333013109125317
}