{
  "umap1": 11.018287658691406,
  "umap2": 1.7772819995880127
}