{
  "umap1": 0.7222374734172393,
  "umap2": 0.25884342747631706
}