{
  "umap1": 13.152888298034668,
  "umap2": 5.321351528167725
}