{
  "umap1": 0.037676727171361946,
  "umap2": 0.9985783217950398
}