{
  "No direct optim ancestor": "None",
  "umap1": 0.12328671921337286,
  "umap2": 0.5233696019367207
}