{
  "umap1": 0.4357414434235243,
  "umap2": 0.6566847134379977
}