{
  "No direct optim ancestor": "None",
  "umap1": 0.132448606070812,
  "umap2": 0.018275050210260546
}