{
  "umap1": 10.089421272277832,
  "umap2": 5.735631465911865
}