{
  "umap1": 0.7089303809723715,
  "umap2": 0.08995422466645031
}