{
  "umap1": 0.3666005786615646,
  "umap2": 0.15975197804580255
}