{
  "No direct optim ancestor": "None",
  "umap1": 0.0978760671884431,
  "umap2": 0.17336144297883227
}