{
  "umap1": 0.7076718362870658,
  "umap2": 0.9808854405883454
}