{
  "umap1": 8.43238353729248,
  "umap2": 8.842569351196289
}