{
  "umap1": 8.682493209838867,
  "umap2": 4.334746360778809
}