{
  "umap1": 8.634875297546387,
  "umap2": 3.1490108966827393
}