{
  "umap1": 0.0684564821700212,
  "umap2": 0.9502761920748758
}