{
  "umap1": 9.07022762298584,
  "umap2": 7.0202836990356445
}