{
  "umap1": 12.97265338897705,
  "umap2": 6.783589839935303
}