{
  "No direct optim ancestor": "None",
  "umap1": 0.6050358167679971,
  "umap2": 0.907373617163293
}