{
  "umap1": 12.904510498046875,
  "umap2": 5.7525739669799805
}