{
  "umap1": 0.4560371654673061,
  "umap2": 0.42819093724257107
}