{
  "umap1": 8.7576322555542,
  "umap2": 2.992143392562866
}