{
  "umap1": 13.25389289855957,
  "umap2": 1.8919323682785034
}