{
  "No direct optim ancestor": "None",
  "umap1": 0.5271834641537297,
  "umap2": 0.9821453055249195
}