{
  "umap1": 0.8425719116815911,
  "umap2": 0.9998157070619902
}