{
  "umap1": 0.6228985548338684,
  "umap2": 0.453208926645298
}