{
  "No direct optim ancestor": "None",
  "umap1": 0.782892375035611,
  "umap2": 0.569375267445612
}