{
  "umap1": 0.03311856360346521,
  "umap2": 0.4023983701287792
}