{
  "umap1": 0.8926243305734324,
  "umap2": 0.30928506494859753
}