{
  "Ancestor's direct optim goal": "a photo of a tree branch with green leaves and red berries",
  "umap1": 0.5949988285620841,
  "umap2": 0.8981328341817636
}