{
  "umap1": 0.2093920674037666,
  "umap2": 0.07362348594457302
}