{
  "umap1": 0.9156507590806123,
  "umap2": 0.28560021728569607
}