{
  "No direct optim ancestor": "None",
  "umap1": 0.8078247593836496,
  "umap2": 0.5927891114982534
}