{
  "umap1": 14.300081253051758,
  "umap2": 5.9634270668029785
}