{
  "umap1": 12.612998008728027,
  "umap2": 3.2561540603637695
}