{
  "No direct optim ancestor": "None",
  "umap1": 0.03034041921900943,
  "umap2": 0.01566425643970326
}