{
  "umap1": 0.8235268213190948,
  "umap2": 0.5523290081249456
}