{
  "No direct optim ancestor": "None",
  "umap1": 0.6152672281586664,
  "umap2": 0.16227746388407782
}