{
  "umap1": 10.771059036254883,
  "umap2": 3.0338544845581055
}