{
  "umap1": 0.24454149585638707,
  "umap2": 0.13895900950146078
}