{
  "No direct optim ancestor": "None",
  "umap1": 0.986545313275121,
  "umap2": 0.30072746138013984
}