{
  "umap1": 10.188185691833496,
  "umap2": 3.043618679046631
}