{
  "umap1": 0.04955473011389,
  "umap2": 0.9521519032579492
}