{
  "umap1": 0.8301195623106,
  "umap2": 0.6652157487655406
}