{
  "No direct optim ancestor": "None",
  "umap1": 0.19612060633867412,
  "umap2": 0.1779491958267011
}