{
  "umap1": 13.025853157043457,
  "umap2": 2.9152815341949463
}