{
  "No direct optim ancestor": "None",
  "umap1": 0.0025873303939302206,
  "umap2": 0.6065315439089684
}