{
  "umap1": 0.91369042832041,
  "umap2": 0.06944646852108805
}