{
  "umap1": 12.342863082885742,
  "umap2": 1.9955679178237915
}