{
  "umap1": 11.339924812316895,
  "umap2": 3.7909657955169678
}