{
  "umap1": 0.8067666693780823,
  "umap2": 0.7063875212388072
}