{
  "No direct optim ancestor": "None",
  "umap1": 0.8064603975313132,
  "umap2": 0.9056036380578674
}