{
  "umap1": 0.7274728813543646,
  "umap2": 0.07323154051163505
}