{
  "umap1": 11.0902738571167,
  "umap2": 1.3626844882965088
}