{
  "umap1": 8.643316268920898,
  "umap2": 5.199946403503418
}