{
  "No direct optim ancestor": "None",
  "umap1": 0.5840692368095727,
  "umap2": 0.17187683538868415
}