{
  "umap1": 0.19634285219302294,
  "umap2": 0.028874421071471534
}