{
  "umap1": 12.439250946044922,
  "umap2": 2.5637366771698
}