{
  "No direct optim ancestor": "None",
  "umap1": 0.1760596013764204,
  "umap2": 0.1694032404609931
}