{
  "umap1": 12.666482925415039,
  "umap2": 7.459659576416016
}