{
  "umap1": 0.17703801537950736,
  "umap2": 0.7866979234629166
}