{
  "No direct optim ancestor": "None",
  "umap1": 0.6940224743664225,
  "umap2": 0.9802101030612786
}