{
  "umap1": 0.21107364471070167,
  "umap2": 0.0431691302606555
}