{
  "umap1": 2.643775463104248,
  "umap2": 10.69979190826416
}