{
  "umap1": 12.176565170288086,
  "umap2": 2.7286274433135986
}