{
  "No direct optim ancestor": "None",
  "umap1": 0.01475123400749545,
  "umap2": 0.2811811145830909
}