{
  "umap1": 0.3651218660311011,
  "umap2": 0.3518638172437607
}