{
  "umap1": 0.8249218573372199,
  "umap2": 0.03706420471750693
}