{
  "No direct optim ancestor": "None",
  "umap1": 0.9962674855619371,
  "umap2": 0.3549628263081329
}