{
  "No direct optim ancestor": "None",
  "umap1": 0.34869107297577107,
  "umap2": 0.5016241547142555
}