{
  "umap1": 0.2749336566107875,
  "umap2": 0.35830652695402143
}