{
  "umap1": 11.881827354431152,
  "umap2": 1.6393119096755981
}