{
  "umap1": 0.7712424744998383,
  "umap2": 0.32853902565377546
}