{
  "Ancestor's direct optim goal": "a photo of a red six-pointed star with green outline",
  "umap1": 0.5458007108595166,
  "umap2": 0.43430036086551416
}