{
  "umap1": 2.6582083702087402,
  "umap2": 10.69308853149414
}