{
  "umap1": 0.9185601803009128,
  "umap2": 0.39619820871283307
}