{
  "umap1": 4.962736129760742,
  "umap2": 10.785195350646973
}