{
  "umap1": 0.606678173541311,
  "umap2": 0.6370243025216803
}