{
  "umap1": 14.07790756225586,
  "umap2": 6.482821941375732
}