{
  "umap1": 1.1021621227264404,
  "umap2": 9.769182205200195
}