{
  "umap1": 0.35766063271806614,
  "umap2": 0.2242123620635964
}