{
  "No direct optim ancestor": "None",
  "umap1": 0.15069721300679728,
  "umap2": 0.636361758905864
}