{
  "umap1": 0.532204719576583,
  "umap2": 0.9598316345131832
}