{
  "umap1": 13.710968017578125,
  "umap2": 4.0047173500061035
}