{
  "umap1": 13.141317367553711,
  "umap2": 7.283646583557129
}