{
  "umap1": 13.504938125610352,
  "umap2": 3.451136827468872
}