{
  "umap1": 1.0936111211776733,
  "umap2": 9.775691986083984
}