{
  "No direct optim ancestor": "None",
  "umap1": 0.5720858863897528,
  "umap2": 0.9519088263555168
}