{
  "umap1": 0.35257252914130555,
  "umap2": 0.18316176594472933
}