{
  "No direct optim ancestor": "None",
  "umap1": 0.7601806826331892,
  "umap2": 0.4272517337125157
}