{
  "umap1": 0.18735234680716406,
  "umap2": 0.2603967053105355
}