{
  "umap1": 10.980245590209961,
  "umap2": 1.6762940883636475
}