{
  "umap1": 9.309582710266113,
  "umap2": 5.9152421951293945
}