{
  "No direct optim ancestor": "None",
  "umap1": 0.7914134137944822,
  "umap2": 0.7095389788828316
}