{
  "umap1": 0.02297138341937166,
  "umap2": 0.2701821031636156
}