{
  "umap1": 9.024184226989746,
  "umap2": 6.619507312774658
}