{
  "umap1": 7.629184722900391,
  "umap2": 5.675670623779297
}