{
  "umap1": 0.23001928633519209,
  "umap2": 0.5351889394598118
}