{
  "umap1": 12.989020347595215,
  "umap2": 3.2926456928253174
}