{
  "umap1": 0.7275326954068317,
  "umap2": 0.493933122189815
}