{
  "umap1": 3.174203872680664,
  "umap2": 10.11740493774414
}