{
  "umap1": 7.979676246643066,
  "umap2": 8.820429801940918
}