{
  "No direct optim ancestor": "None",
  "umap1": 0.9185152938171391,
  "umap2": 0.47269321721787483
}