{
  "umap1": 0.2044773417475766,
  "umap2": 0.747128488928588
}