{
  "No direct optim ancestor": "None",
  "umap1": 0.19127749212187006,
  "umap2": 0.5115459518432728
}