{
  "umap1": 0.9310712857660083,
  "umap2": 0.42017370030801393
}