{
  "umap1": 14.115406036376953,
  "umap2": 5.287395477294922
}