{
  "umap1": 9.634106636047363,
  "umap2": 3.048651695251465
}