{
  "umap1": 0.16865195060286853,
  "umap2": 0.59794185529909
}