{
  "No direct optim ancestor": "None",
  "umap1": 0.2545579494733031,
  "umap2": 0.854036988269371
}