{
  "umap1": 12.286173820495605,
  "umap2": 7.036842346191406
}