{
  "umap1": 0.829958065386573,
  "umap2": 0.791133045483124
}