{
  "umap1": 12.727477073669434,
  "umap2": 6.8920512199401855
}