{
  "No direct optim ancestor": "None",
  "umap1": 0.31957839996360016,
  "umap2": 0.941686393542567
}