{
  "umap1": 0.2699175005064154,
  "umap2": 0.6907388384656297
}