{
  "umap1": 4.895802021026611,
  "umap2": 10.861932754516602
}