{
  "umap1": 0.8077467106864564,
  "umap2": 0.6352910360899812
}