{
  "umap1": 13.580523490905762,
  "umap2": 5.042305946350098
}