{
  "No direct optim ancestor": "None",
  "umap1": 0.3015014932876122,
  "umap2": 0.7731650490654445
}