{
  "umap1": 0.47120951387728827,
  "umap2": 0.816954735962502
}