{
  "umap1": 9.792706489562988,
  "umap2": 5.986424446105957
}