{
  "No direct optim ancestor": "None",
  "umap1": 0.15130968117571453,
  "umap2": 0.8841744520563747
}