{
  "umap1": 0.7068048391856058,
  "umap2": 0.08621531665054816
}