{
  "umap1": 11.440569877624512,
  "umap2": 3.1531293392181396
}