{
  "No direct optim ancestor": "None",
  "umap1": 0.5299403891567669,
  "umap2": 0.401922494848611
}