{
  "umap1": 0.06139521971173456,
  "umap2": 0.45206227939378874
}