{
  "umap1": 0.0619907728189788,
  "umap2": 0.16510685413030168
}