{
  "umap1": 2.8798468112945557,
  "umap2": 10.617307662963867
}