{
  "umap1": 0.06391539982071859,
  "umap2": 0.3741560104995697
}