{
  "No direct optim ancestor": "None",
  "umap1": 0.8723202959994864,
  "umap2": 0.3448306499725604
}