{
  "umap1": 10.663342475891113,
  "umap2": 3.744513988494873
}