{
  "umap1": 0.9559212227396257,
  "umap2": 0.4798427448182726
}