{
  "No direct optim ancestor": "None",
  "umap1": 0.5923771258776144,
  "umap2": 0.32849785127005404
}