{
  "umap1": 0.6067753367836561,
  "umap2": 0.40731411806343465
}