{
  "No direct optim ancestor": "None",
  "umap1": 0.7739381293380408,
  "umap2": 0.04967746319976829
}