{
  "umap1": 11.115154266357422,
  "umap2": 1.899810791015625
}