{
  "umap1": 1.3622068166732788,
  "umap2": 10.03294563293457
}