{
  "No direct optim ancestor": "None",
  "umap1": 0.4622957595356364,
  "umap2": 0.1472974230277594
}