{
  "umap1": 0.060653997490583866,
  "umap2": 0.17409699306265192
}