{
  "umap1": 0.07038733419761267,
  "umap2": 0.500678191280715
}