{
  "No direct optim ancestor": "None",
  "umap1": 0.9243981652895527,
  "umap2": 0.7684457607672031
}