{
  "umap1": 0.21298476212159634,
  "umap2": 0.27466264359231374
}