{
  "No direct optim ancestor": "None",
  "umap1": 0.11346525091345938,
  "umap2": 0.2065932197875181
}