{
  "umap1": 11.577049255371094,
  "umap2": 2.161043882369995
}