{
  "umap1": 13.658263206481934,
  "umap2": 4.722442150115967
}