{
  "umap1": 0.18768000066389845,
  "umap2": 0.6386039039482133
}