{
  "No direct optim ancestor": "None",
  "umap1": 0.05611362422492583,
  "umap2": 0.31215544216195457
}