{
  "umap1": 13.536081314086914,
  "umap2": 2.5853564739227295
}