{
  "umap1": 10.836320877075195,
  "umap2": 2.6962943077087402
}