{
  "umap1": 12.980646133422852,
  "umap2": 2.2507553100585938
}