{
  "umap1": 0.48651859945885656,
  "umap2": 0.6803112625520138
}