{
  "No direct optim ancestor": "None",
  "umap1": 0.0807307574212468,
  "umap2": 0.5854294784711518
}