{
  "umap1": 8.543882369995117,
  "umap2": 9.048979759216309
}