{
  "umap1": 0.488534905291202,
  "umap2": 0.556865603024165
}