{
  "No direct optim ancestor": "None",
  "umap1": 0.9192851447889913,
  "umap2": 0.3958603375325135
}