{
  "umap1": 0.63215644731357,
  "umap2": 0.03104211928522116
}