{
  "umap1": 9.739129066467285,
  "umap2": 6.142797946929932
}