{
  "umap1": 7.9505109786987305,
  "umap2": 8.92283821105957
}