{
  "umap1": 0.5575145306690956,
  "umap2": 0.7807715641756324
}