{
  "No direct optim ancestor": "None",
  "umap1": 0.4513642595972732,
  "umap2": 0.7818790530973125
}