{
  "umap1": 0.03945588527364052,
  "umap2": 0.22462664723821713
}