{
  "umap1": 11.222649574279785,
  "umap2": 1.9471036195755005
}