{
  "umap1": 0.9037168486903236,
  "umap2": 0.4460091837273443
}