{
  "No direct optim ancestor": "None",
  "umap1": 0.3918056704909856,
  "umap2": 0.15522251730141245
}