{
  "umap1": 14.24588394165039,
  "umap2": 5.8512492179870605
}