{
  "No direct optim ancestor": "None",
  "umap1": 0.8603650435870527,
  "umap2": 0.9316961858236836
}