{
  "umap1": 0.8968668613537746,
  "umap2": 0.3972985876350298
}