{
  "umap1": 0.7974593634341968,
  "umap2": 0.7280415673694995
}