{
  "No direct optim ancestor": "None",
  "umap1": 0.7718478853328823,
  "umap2": 0.9100864866411382
}