{
  "umap1": 0.2606348700203044,
  "umap2": 0.7746536346538617
}