{
  "umap1": 12.533079147338867,
  "umap2": 7.006896495819092
}