{
  "umap1": 0.24894468364050593,
  "umap2": 0.3543109669143476
}