{
  "umap1": 7.934120178222656,
  "umap2": 8.947154998779297
}