{
  "umap1": 0.9569663024146914,
  "umap2": 0.9428748291311858,
  "Direct optim goal": "a photo of a red nautilus shell with green ridges and blue chambers"
}