{
  "umap1": 0.42519602916600174,
  "umap2": 0.45211144678476634
}