{
  "umap1": 13.6453275680542,
  "umap2": 2.5084431171417236
}