{
  "No direct optim ancestor": "None",
  "umap1": 0.8972943206087981,
  "umap2": 0.9060187814076427
}