{
  "umap1": 0.8271477444697855,
  "umap2": 0.8003082577628272
}