{
  "No direct optim ancestor": "None",
  "umap1": 0.6347845491149253,
  "umap2": 0.43840760449832594
}