{
  "umap1": 0.39623113344681893,
  "umap2": 0.08491832530201693
}