{
  "umap1": 9.087657928466797,
  "umap2": 5.48341703414917
}