{
  "umap1": 0.12381041408496418,
  "umap2": 0.41464839067298065
}