{
  "No direct optim ancestor": "None",
  "umap1": 0.8426205512373726,
  "umap2": 0.9324621429574333
}