{
  "umap1": 11.691256523132324,
  "umap2": 3.172163486480713
}