{
  "umap1": 0.030106386477118607,
  "umap2": 0.12324303348226562
}