{
  "No direct optim ancestor": "None",
  "umap1": 0.602301006857398,
  "umap2": 0.2739862281910579
}