{
  "umap1": 11.014204025268555,
  "umap2": 1.6831164360046387
}