{
  "No direct optim ancestor": "None",
  "umap1": 0.04196999849690253,
  "umap2": 0.8718735094698413
}