{
  "umap1": 0.11300183731581792,
  "umap2": 0.8518116534296136
}