{
  "No direct optim ancestor": "None",
  "umap1": 0.6046948978879012,
  "umap2": 0.225818439279017
}