{
  "umap1": 14.117827415466309,
  "umap2": 3.368776321411133
}