{
  "umap1": 0.9178576231824114,
  "umap2": 0.5371995529915489
}