{
  "umap1": 10.407264709472656,
  "umap2": 2.766300916671753
}