{
  "No direct optim ancestor": "None",
  "umap1": 0.6162361953391334,
  "umap2": 0.8119688906533324
}