{
  "umap1": 0.4809017968306586,
  "umap2": 0.28726527195116014
}