{
  "No direct optim ancestor": "None",
  "umap1": 0.13855466493115842,
  "umap2": 0.5511080125004032
}