{
  "umap1": 0.0802226552104156,
  "umap2": 0.7357497301803739
}