{
  "umap1": 0.5413200045201282,
  "umap2": 0.38614198510043407
}