{
  "umap1": 2.8138458728790283,
  "umap2": 10.57973861694336
}