{
  "umap1": 11.388032913208008,
  "umap2": 1.4852440357208252
}