{
  "No direct optim ancestor": "None",
  "umap1": 0.8230226344359323,
  "umap2": 0.18727449123155349
}