{
  "umap1": 0.7334791994195035,
  "umap2": 0.3893662573572768
}