{
  "No direct optim ancestor": "None",
  "umap1": 0.12978913962393068,
  "umap2": 0.5446226635500911
}