{
  "umap1": 8.598246574401855,
  "umap2": 3.1694533824920654
}