{
  "umap1": 0.10841642069344226,
  "umap2": 0.22490794691136495
}