{
  "umap1": 0.5646814257509546,
  "umap2": 0.9658841447083493
}