{
  "No direct optim ancestor": "None",
  "umap1": 0.9719623110198929,
  "umap2": 0.8729767600765609
}