{
  "umap1": 10.43533706665039,
  "umap2": 4.785955429077148
}