{
  "No direct optim ancestor": "None",
  "umap1": 0.687663776678599,
  "umap2": 0.5857676411662516
}