{
  "umap1": 12.600103378295898,
  "umap2": 3.5617830753326416
}