{
  "umap1": 0.6216311895560329,
  "umap2": 0.8345423799159574
}