{
  "umap1": 2.853543758392334,
  "umap2": 10.649335861206055
}