{
  "No direct optim ancestor": "None",
  "umap1": 0.027394256799231242,
  "umap2": 0.7757183739344519
}