{
  "umap1": 0.6904111269640787,
  "umap2": 0.9349402545236487
}