{
  "umap1": 12.27280044555664,
  "umap2": 2.908576250076294
}