{
  "umap1": 1.050945520401001,
  "umap2": 9.696063041687012
}