{
  "umap1": 0.939956469744571,
  "umap2": 0.04098949195581558
}