{
  "umap1": 12.965546607971191,
  "umap2": 6.914722919464111
}