{
  "umap1": 0.10283712601263073,
  "umap2": 0.8235688968197804
}