{
  "umap1": 12.339077949523926,
  "umap2": 1.972354769706726
}