{
  "umap1": 0.16011375116919724,
  "umap2": 0.007358695096325918
}