{
  "No direct optim ancestor": "None",
  "umap1": 0.3702764217006309,
  "umap2": 0.10522644113165625
}