{
  "umap1": 0.3149988799745662,
  "umap2": 0.36340699406899113
}