{
  "umap1": 3.4937469959259033,
  "umap2": 10.364322662353516
}