{
  "umap1": 0.2797952075238854,
  "umap2": 0.6735283210004791
}