{
  "umap1": 0.3051743506039384,
  "umap2": 0.11030357840590888
}