{
  "No direct optim ancestor": "None",
  "umap1": 0.12273579007554025,
  "umap2": 0.39326037201857866
}