{
  "umap1": 12.277015686035156,
  "umap2": 3.5807478427886963
}