{
  "No direct optim ancestor": "None",
  "umap1": 0.24258653158826082,
  "umap2": 0.09405636473553347
}