{
  "umap1": 0.6963516913927664,
  "umap2": 0.1673263626490542
}