{
  "umap1": 12.033013343811035,
  "umap2": 2.7947027683258057
}