{
  "umap1": 13.062790870666504,
  "umap2": 2.3128433227539062
}