{
  "No direct optim ancestor": "None",
  "umap1": 0.23638437379264,
  "umap2": 0.6816817311044964
}