{
  "umap1": 0.3805193200246032,
  "umap2": 0.21029188850490144
}