{
  "umap1": 0.9992443883735621,
  "umap2": 0.5739873521402561
}