{
  "umap1": 7.481478691101074,
  "umap2": 5.787140846252441
}