{
  "No direct optim ancestor": "None",
  "umap1": 0.5603871259560602,
  "umap2": 0.2180229962662138
}