{
  "umap1": 9.163556098937988,
  "umap2": 3.3640851974487305
}