{
  "umap1": 0.860213350288089,
  "umap2": 0.283899359908787
}