{
  "No direct optim ancestor": "None",
  "umap1": 0.29223452078719603,
  "umap2": 0.21356745784349407
}