{
  "umap1": 0.9020048194314926,
  "umap2": 0.580618003697484
}