{
  "umap1": 0.5407025305119878,
  "umap2": 0.01991367638973074
}