{
  "No direct optim ancestor": "None",
  "umap1": 0.9715034993035833,
  "umap2": 0.8341857324678205
}