{
  "umap1": 10.72696590423584,
  "umap2": 1.4143059253692627
}