{
  "umap1": 0.1219073728974911,
  "umap2": 0.31972797408708853
}