{
  "No direct optim ancestor": "None",
  "umap1": 0.08859059330699637,
  "umap2": 0.689703891862349
}