{
  "umap1": 0.40867341816860114,
  "umap2": 0.34753534364204364
}