{
  "No direct optim ancestor": "None",
  "umap1": 0.8488435505479339,
  "umap2": 0.9107030625558482
}