{
  "umap1": 12.145341873168945,
  "umap2": 3.1687564849853516
}