{
  "umap1": 3.646127700805664,
  "umap2": 10.284213066101074
}