{
  "umap1": 13.765841484069824,
  "umap2": 2.7291431427001953
}