{
  "No direct optim ancestor": "None",
  "umap1": 0.09201537911171376,
  "umap2": 0.08590272318358616
}