{
  "umap1": 0.7494147683379208,
  "umap2": 0.21529933356681297
}