{
  "umap1": 0.9941702389967203,
  "umap2": 0.5912723283267656
}