{
  "umap1": 4.967075824737549,
  "umap2": 10.785309791564941
}