{
  "umap1": 0.14887343421047317,
  "umap2": 0.5630908085432766
}