{
  "No direct optim ancestor": "None",
  "umap1": 0.3622184724019464,
  "umap2": 0.4073165018903966
}