{
  "No direct optim ancestor": "None",
  "umap1": 0.18157862114773426,
  "umap2": 0.1128891893002113
}