{
  "umap1": 0.7355921811581626,
  "umap2": 0.7610471070503456
}