{
  "umap1": 9.606277465820312,
  "umap2": 2.520632266998291
}