{
  "umap1": 13.334487915039062,
  "umap2": 7.306988716125488
}