{
  "umap1": 11.988107681274414,
  "umap2": 3.484339475631714
}