{
  "umap1": 0.2964498778825251,
  "umap2": 0.3577462546408581
}