{
  "No direct optim ancestor": "None",
  "umap1": 0.1367192475897544,
  "umap2": 0.34370492445225287
}