{
  "umap1": 12.379188537597656,
  "umap2": 1.9014652967453003
}