{
  "umap1": 13.743735313415527,
  "umap2": 2.9094278812408447
}