{
  "umap1": 0.29120484575342576,
  "umap2": 0.8382152736676858
}