{
  "umap1": 11.06801700592041,
  "umap2": 3.46402645111084
}