{
  "umap1": 0.391261497132967,
  "umap2": 0.5643570244143405
}