{
  "No direct optim ancestor": "None",
  "umap1": 0.4391403700708163,
  "umap2": 0.0737426541946713
}