{
  "umap1": 0.8671753126852232,
  "umap2": 0.15753002957891982
}