{
  "umap1": 13.474247932434082,
  "umap2": 5.286954879760742
}