{
  "umap1": 8.34472370147705,
  "umap2": 7.255414009094238
}