{
  "umap1": 0.7053851454774134,
  "umap2": 0.608500963234802
}