{
  "umap1": 0.3132054290549263,
  "umap2": 0.2559548338709393
}