{
  "No direct optim ancestor": "None",
  "umap1": 0.0340796473596362,
  "umap2": 0.873888762253852
}