{
  "umap1": 0.19044627690211668,
  "umap2": 0.2881572672222382
}