{
  "umap1": 12.340107917785645,
  "umap2": 3.6814494132995605
}