{
  "No direct optim ancestor": "None",
  "umap1": 0.0304850766733753,
  "umap2": 0.7174600449753727
}