{
  "umap1": 13.678709983825684,
  "umap2": 6.944108009338379
}