{
  "umap1": 0.17280217908038253,
  "umap2": 0.3316908584429731
}