{
  "umap1": 8.57962703704834,
  "umap2": 5.1806559562683105
}