{
  "umap1": 0.10737744934441884,
  "umap2": 0.6374914708339685
}