{
  "No direct optim ancestor": "None",
  "umap1": 0.9695709195519875,
  "umap2": 0.9160538443375379
}