{
  "umap1": 7.3508219718933105,
  "umap2": 5.849423408508301
}