{
  "umap1": 0.7312513016880495,
  "umap2": 0.15611046845602627
}