{
  "umap1": 13.277925491333008,
  "umap2": 6.346439361572266
}