{
  "umap1": 10.561094284057617,
  "umap2": 5.441909313201904
}