{
  "umap1": 0.5788030854346162,
  "umap2": 0.8029988934275992
}