{
  "No direct optim ancestor": "None",
  "umap1": 0.5386001228790641,
  "umap2": 0.7296610214017749
}