{
  "umap1": 0.33305322616569677,
  "umap2": 0.940068695967218
}