{
  "No direct optim ancestor": "None",
  "umap1": 0.02826977060824598,
  "umap2": 0.7098474433740525
}