{
  "umap1": 13.10328197479248,
  "umap2": 5.286258697509766
}