{
  "umap1": 9.377420425415039,
  "umap2": 2.297834634780884
}