{
  "umap1": 11.516018867492676,
  "umap2": 3.0955543518066406
}