{
  "umap1": 3.5198261737823486,
  "umap2": 10.048867225646973
}