{
  "umap1": 0.874743801149588,
  "umap2": 0.06205072023827973
}