{
  "umap1": 10.992941856384277,
  "umap2": 3.1507766246795654
}