{
  "umap1": 0.06039932801512937,
  "umap2": 0.010475913607248866
}