{
  "umap1": 0.9718461632728577,
  "umap2": 9.646221160888672
}