{
  "umap1": 0.9688903196689161,
  "umap2": 0.06694968927000366
}