{
  "No direct optim ancestor": "None",
  "umap1": 0.13121921903737754,
  "umap2": 0.38263849462697563
}