{
  "umap1": 8.604355812072754,
  "umap2": 5.269503116607666
}