{
  "umap1": 0.15268951901557382,
  "umap2": 0.6683046221537462
}