{
  "umap1": 12.942544937133789,
  "umap2": 7.615832805633545
}