{
  "No direct optim ancestor": "None",
  "umap1": 0.3488654066780923,
  "umap2": 0.32530538881558313
}