{
  "umap1": 0.7102672108450078,
  "umap2": 0.2484239199084779
}