{
  "umap1": 3.3588504791259766,
  "umap2": 10.086793899536133
}