{
  "umap1": 0.37437756167565905,
  "umap2": 0.8634960197182219
}