{
  "No direct optim ancestor": "None",
  "umap1": 0.7970676730365979,
  "umap2": 0.5713479707912491
}