{
  "umap1": 11.190983772277832,
  "umap2": 1.4244372844696045
}