{
  "umap1": 1.3457510471343994,
  "umap2": 9.919092178344727
}