{
  "umap1": 9.706390380859375,
  "umap2": 3.715045928955078
}