{
  "No direct optim ancestor": "None",
  "umap1": 0.9266097594878846,
  "umap2": 0.8437805615097408
}