{
  "umap1": 0.6787137940178755,
  "umap2": 0.3719510195067207
}