{
  "umap1": 0.7359973594140331,
  "umap2": 0.0351682386641593
}