{
  "umap1": 12.54806137084961,
  "umap2": 7.206458568572998
}