{
  "No direct optim ancestor": "None",
  "umap1": 0.9692146380115423,
  "umap2": 0.4827514277291962
}