{
  "No direct optim ancestor": "None",
  "umap1": 0.8344307796185616,
  "umap2": 0.05971474699509938
}