{
  "umap1": 0.29462775289009757,
  "umap2": 0.9514842097218593
}