{
  "umap1": 0.8925270416353528,
  "umap2": 0.38495868860553384
}