{
  "umap1": 0.6087588062725487,
  "umap2": 0.06961440790048856
}