{
  "umap1": 4.788446426391602,
  "umap2": 10.884181022644043
}