{
  "umap1": 0.6306641041782116,
  "umap2": 0.7756130111724651
}