{
  "No direct optim ancestor": "None",
  "umap1": 0.3268047642163625,
  "umap2": 0.16339239805488215
}