{
  "No direct optim ancestor": "None",
  "umap1": 0.5106781833004261,
  "umap2": 0.7189710985912113
}