{
  "umap1": 0.7806504844483707,
  "umap2": 0.5064291682178264
}