{
  "umap1": 13.704129219055176,
  "umap2": 6.051190376281738
}