{
  "umap1": 0.6167883120739881,
  "umap2": 0.09502205618350246
}