{
  "umap1": 12.867913246154785,
  "umap2": 2.8854081630706787
}