{
  "No direct optim ancestor": "None",
  "umap1": 0.11598559904384986,
  "umap2": 0.8867700612270764
}