{
  "umap1": 0.5502050278044949,
  "umap2": 0.45282314800800694
}