{
  "No direct optim ancestor": "None",
  "umap1": 0.9680074457401403,
  "umap2": 0.2766848058971192
}