{
  "umap1": 2.9490597248077393,
  "umap2": 10.425881385803223
}