{
  "No direct optim ancestor": "None",
  "umap1": 0.5747185759222845,
  "umap2": 0.9340644994002741
}