{
  "umap1": 0.6417913551083718,
  "umap2": 0.6638074136649279
}