{
  "umap1": 10.259574890136719,
  "umap2": 2.346463918685913
}