{
  "No direct optim ancestor": "None",
  "umap1": 0.3845372998978053,
  "umap2": 0.7083624834850176
}