{
  "umap1": 12.292624473571777,
  "umap2": 2.51055908203125
}