{
  "umap1": 0.9521008849538388,
  "umap2": 0.8888576569681147
}