{
  "umap1": 13.231226921081543,
  "umap2": 4.49185848236084
}