{
  "umap1": 0.6420775245862483,
  "umap2": 0.939140144186982
}