{
  "umap1": 1.623697280883789,
  "umap2": 10.073965072631836
}