{
  "No direct optim ancestor": "None",
  "umap1": 0.47580423467230937,
  "umap2": 0.9017028697723396
}