{
  "umap1": 0.814419665676852,
  "umap2": 0.5248064674457414
}