{
  "umap1": 9.672200202941895,
  "umap2": 5.916323184967041
}