{
  "umap1": 0.18589778640263077,
  "umap2": 0.060117156580363096
}