{
  "No direct optim ancestor": "None",
  "umap1": 0.7163359511596781,
  "umap2": 0.5466254000304531
}