{
  "No direct optim ancestor": "None",
  "umap1": 0.49766508673785115,
  "umap2": 0.1264841939508028
}