{
  "umap1": 0.32065584201270514,
  "umap2": 0.007067173699639051
}