{
  "umap1": 0.40471341529573734,
  "umap2": 0.8334026758323443
}