{
  "No direct optim ancestor": "None",
  "umap1": 0.8632041384276439,
  "umap2": 0.7516941342815743
}