{
  "umap1": 9.622178077697754,
  "umap2": 3.162149667739868
}