{
  "No direct optim ancestor": "None",
  "umap1": 0.3148017994801009,
  "umap2": 0.6571728576115171
}