{
  "umap1": 0.6861590887269172,
  "umap2": 0.8396993247054898
}