{
  "umap1": 0.021507219744843042,
  "umap2": 0.46274346155180013
}