{
  "umap1": 10.273611068725586,
  "umap2": 4.445178031921387
}