{
  "No direct optim ancestor": "None",
  "umap1": 0.3710448019470114,
  "umap2": 0.19502959968962508
}