{
  "umap1": 13.744393348693848,
  "umap2": 4.88661527633667
}