{
  "umap1": 0.020941559157077405,
  "umap2": 0.41003737808500584,
  "Direct optim goal": "a square with a circle on top"
}