{
  "umap1": 0.312940866431497,
  "umap2": 0.6550069368351302
}