{
  "No direct optim ancestor": "None",
  "umap1": 0.0575607774049508,
  "umap2": 0.5535433844953233
}