{
  "No direct optim ancestor": "None",
  "umap1": 0.7507450006176292,
  "umap2": 0.10152280082955123
}