{
  "umap1": 0.47181907722016736,
  "umap2": 0.22790564937728963
}