{
  "No direct optim ancestor": "None",
  "umap1": 0.7399190998093101,
  "umap2": 0.623260659152311
}