{
  "umap1": 0.8177416266643933,
  "umap2": 0.09092696174438697
}