{
  "umap1": 11.430550575256348,
  "umap2": 2.9943206310272217
}