{
  "umap1": 10.997091293334961,
  "umap2": 1.3600677251815796
}