{
  "umap1": 0.7820887170847601,
  "umap2": 0.8354611904553951
}