{
  "umap1": 2.9835383892059326,
  "umap2": 10.589640617370605
}