{
  "umap1": 0.36082567197166526,
  "umap2": 0.48846921643357233
}