{
  "No direct optim ancestor": "None",
  "umap1": 0.09874987814883696,
  "umap2": 0.729578511508013
}