{
  "umap1": 8.84220027923584,
  "umap2": 2.8741326332092285
}