{
  "umap1": 0.9867124978201689,
  "umap2": 0.7807208329372218
}