{
  "No direct optim ancestor": "None",
  "umap1": 0.02236486361636769,
  "umap2": 0.2879555039578302
}