{
  "umap1": 0.3507930373354686,
  "umap2": 0.029707681900389082
}