{
  "umap1": 13.395761489868164,
  "umap2": 4.093210697174072
}