{
  "umap1": 9.880191802978516,
  "umap2": 1.970911979675293
}