{
  "umap1": 13.14724349975586,
  "umap2": 4.219381809234619
}