{
  "umap1": 0.04312385702425969,
  "umap2": 0.6904503648063902
}