{
  "No direct optim ancestor": "None",
  "umap1": 0.7261372837974508,
  "umap2": 0.9107183919174984
}