{
  "No direct optim ancestor": "None",
  "umap1": 0.4949325648986762,
  "umap2": 0.573949950855993
}