{
  "umap1": 0.42173829179509825,
  "umap2": 0.5383235338577855
}