{
  "umap1": 10.210197448730469,
  "umap2": 3.5619802474975586
}