{
  "umap1": 13.67231559753418,
  "umap2": 4.777047157287598
}