{
  "umap1": 0.5645957781267666,
  "umap2": 0.0877043559690519
}