{
  "No direct optim ancestor": "None",
  "umap1": 0.9821248795938051,
  "umap2": 0.6405089576971996
}