{
  "umap1": 9.929010391235352,
  "umap2": 5.413567543029785
}