{
  "No direct optim ancestor": "None",
  "umap1": 0.832078238818745,
  "umap2": 0.9731541807328788
}