{
  "umap1": 0.023687118142763475,
  "umap2": 0.940509061465648
}