{
  "umap1": 0.9824031780836656,
  "umap2": 0.4417260599450781
}