{
  "No direct optim ancestor": "None",
  "umap1": 0.5274130633034395,
  "umap2": 0.08602173769312582
}