{
  "No direct optim ancestor": "None",
  "umap1": 0.5795473047993546,
  "umap2": 0.6374733984317993
}