{
  "umap1": 11.48060131072998,
  "umap2": 1.5527358055114746
}