{
  "umap1": 0.2696637204025015,
  "umap2": 0.7387274326305678
}