{
  "umap1": 9.757606506347656,
  "umap2": 6.5206217765808105
}