{
  "umap1": 0.767640642587401,
  "umap2": 0.9518958525595008
}