{
  "No direct optim ancestor": "None",
  "umap1": 0.01623520373110554,
  "umap2": 0.13712755381251707
}