{
  "umap1": 0.7009502455216488,
  "umap2": 0.47755581280502024
}