{
  "No direct optim ancestor": "None",
  "umap1": 0.38383829209329023,
  "umap2": 0.43818873078728426
}