{
  "umap1": 11.022930145263672,
  "umap2": 1.260024070739746
}