{
  "umap1": 10.037262916564941,
  "umap2": 1.8805562257766724
}