{
  "umap1": 2.7208144664764404,
  "umap2": 10.645259857177734
}