{
  "umap1": 0.7846747367074192,
  "umap2": 0.9250907471873505
}