{
  "No direct optim ancestor": "None",
  "umap1": 0.53589380147053,
  "umap2": 0.2963836243928323
}