{
  "umap1": 10.75040054321289,
  "umap2": 1.4765918254852295
}