{
  "umap1": 0.6977867339323184,
  "umap2": 0.7829536370384105
}