{
  "umap1": 12.369723320007324,
  "umap2": 6.811801433563232
}