{
  "No direct optim ancestor": "None",
  "umap1": 0.7430460841159939,
  "umap2": 0.6707938490821779
}