{
  "umap1": 11.144198417663574,
  "umap2": 1.5810025930404663
}