{
  "umap1": 0.8610452038868159,
  "umap2": 0.4710216162007006,
  "Direct optim goal": "a close-up photo of a ladybug with red shell and green spots"
}