{
  "No direct optim ancestor": "None",
  "umap1": 0.7911438182928392,
  "umap2": 0.8217649227803014
}