{
  "umap1": 0.7613219421378972,
  "umap2": 0.061552424193530464
}