{
  "No direct optim ancestor": "None",
  "umap1": 0.3437076279130057,
  "umap2": 0.7652878363576474
}