{
  "umap1": 0.19282277008771187,
  "umap2": 0.5072271920488084
}