{
  "umap1": 14.264208793640137,
  "umap2": 5.518243789672852
}