{
  "umap1": 13.125831604003906,
  "umap2": 3.4200456142425537
}