{
  "umap1": 0.6627061032794209,
  "umap2": 0.007720379045361714
}