{
  "No direct optim ancestor": "None",
  "umap1": 0.8475531121064627,
  "umap2": 0.49848935891274593
}