{
  "umap1": 10.878230094909668,
  "umap2": 1.4148999452590942
}