{
  "umap1": 14.025912284851074,
  "umap2": 6.060736656188965
}