{
  "umap1": 14.220903396606445,
  "umap2": 2.697897434234619
}