{
  "umap1": 0.9091689585775847,
  "umap2": 0.34948396892055433
}