{
  "No direct optim ancestor": "None",
  "umap1": 0.21982051766232313,
  "umap2": 0.12842691797867667
}