{
  "umap1": 12.077560424804688,
  "umap2": 3.328500986099243
}