{
  "umap1": 0.2056332181003261,
  "umap2": 0.702763511089046
}