{
  "umap1": 2.9415061473846436,
  "umap2": 10.601675033569336
}