{
  "umap1": 0.9097227183703533,
  "umap2": 0.017091687471349037
}