{
  "umap1": 9.689433097839355,
  "umap2": 5.7749552726745605
}