{
  "umap1": 12.061110496520996,
  "umap2": 2.729813575744629
}