{
  "umap1": 12.389016151428223,
  "umap2": 2.5753283500671387
}