{
  "umap1": 8.583233833312988,
  "umap2": 7.921676158905029
}