{
  "No direct optim ancestor": "None",
  "umap1": 0.266648133445443,
  "umap2": 0.5853112192170143
}