{
  "umap1": 0.4278706855901815,
  "umap2": 0.6647104512787125
}