{
  "umap1": 0.8544632369442332,
  "umap2": 0.1859629336423746
}