{
  "umap1": 0.3410947566259379,
  "umap2": 0.16784736230467268
}