{
  "No direct optim ancestor": "None",
  "umap1": 0.8355062860203716,
  "umap2": 0.29299467204099594
}