{
  "umap1": 11.283849716186523,
  "umap2": 1.6665539741516113
}