{
  "umap1": 12.29720687866211,
  "umap2": 6.686441421508789
}