{
  "umap1": 0.8298383339866611,
  "umap2": 0.556871614338028
}