{
  "umap1": 0.6496637325884702,
  "umap2": 0.8733819265189778
}