{
  "No direct optim ancestor": "None",
  "umap1": 0.8692865155916077,
  "umap2": 0.9879743478925337
}