{
  "umap1": 12.023414611816406,
  "umap2": 5.455132484436035
}