{
  "umap1": 0.09638027341960531,
  "umap2": 0.4659304135621698
}