{
  "No direct optim ancestor": "None",
  "umap1": 0.8171595284545466,
  "umap2": 0.810061860218412
}