{
  "umap1": 9.902868270874023,
  "umap2": 2.092339515686035
}