{
  "No direct optim ancestor": "None",
  "umap1": 0.41756121099961496,
  "umap2": 0.909310787405954
}