{
  "umap1": 0.5586461440335689,
  "umap2": 0.23393435503156323
}