{
  "umap1": 9.94240951538086,
  "umap2": 3.67972731590271
}