{
  "umap1": 0.6168789458782761,
  "umap2": 0.40557745003353074
}