{
  "No direct optim ancestor": "None",
  "umap1": 0.46208429450508026,
  "umap2": 0.9812479838532315
}