{
  "umap1": 10.940338134765625,
  "umap2": 2.134709358215332
}