{
  "umap1": 0.05401071638664656,
  "umap2": 0.6639787446272054
}