{
  "umap1": 4.96177339553833,
  "umap2": 10.802711486816406
}