{
  "umap1": 14.12971305847168,
  "umap2": 5.225784778594971
}