{
  "umap1": 14.103069305419922,
  "umap2": 5.96528434753418
}