{
  "umap1": 13.404120445251465,
  "umap2": 4.573226451873779
}