{
  "No direct optim ancestor": "None",
  "umap1": 0.014791951017553151,
  "umap2": 0.10028151391706497
}