{
  "umap1": 0.5779514441420263,
  "umap2": 0.2594402948146556
}