{
  "No direct optim ancestor": "None",
  "umap1": 0.9700728661667815,
  "umap2": 0.10532555379116171
}