{
  "umap1": 0.7586105105363616,
  "umap2": 0.3742570133391552
}