{
  "umap1": 11.495543479919434,
  "umap2": 1.8754647970199585
}