{
  "umap1": 13.388946533203125,
  "umap2": 6.995601177215576
}