{
  "umap1": 0.5765942508860017,
  "umap2": 0.6768117991516376
}