{
  "No direct optim ancestor": "None",
  "umap1": 0.752052952823448,
  "umap2": 0.019817232483617775
}