{
  "No direct optim ancestor": "None",
  "umap1": 0.356005695195695,
  "umap2": 0.7204261929735956
}