{
  "umap1": 0.6119113518582391,
  "umap2": 0.7890187820381384
}