{
  "umap1": 1.1607451438903809,
  "umap2": 9.499528884887695
}