{
  "umap1": 0.6107140047902605,
  "umap2": 0.05394809515861465
}