{
  "umap1": 3.621683120727539,
  "umap2": 10.367623329162598
}