{
  "umap1": 3.568769693374634,
  "umap2": 10.037331581115723
}