{
  "umap1": 0.6120047337662211,
  "umap2": 0.39093355365771065
}