{
  "umap1": 12.373933792114258,
  "umap2": 3.087008476257324
}