{
  "No direct optim ancestor": "None",
  "umap1": 0.698671498592506,
  "umap2": 0.1409425263649836
}