{
  "umap1": 0.3951131860436913,
  "umap2": 0.3319117217639651
}