{
  "umap1": 8.8428955078125,
  "umap2": 5.804379463195801
}