{
  "No direct optim ancestor": "None",
  "umap1": 0.24794861075410124,
  "umap2": 0.7614622495937688
}