{
  "umap1": 8.635286331176758,
  "umap2": 3.150240182876587
}