{
  "umap1": 0.0711360205002024,
  "umap2": 0.20616364864478243
}