{
  "umap1": 0.10587744162853296,
  "umap2": 0.7361191476715356
}