{
  "No direct optim ancestor": "None",
  "umap1": 0.8974659134723414,
  "umap2": 0.4157122692601618
}