{
  "No direct optim ancestor": "None",
  "umap1": 0.11024005781611124,
  "umap2": 0.22286211392841937
}