{
  "umap1": 0.8031358084061525,
  "umap2": 0.9986525544665174
}