{
  "umap1": 10.404664039611816,
  "umap2": 2.40210223197937
}