{
  "umap1": 1.39496910572052,
  "umap2": 10.03685188293457
}