{
  "No direct optim ancestor": "None",
  "umap1": 0.32394657624187806,
  "umap2": 0.16522383862631917
}