{
  "umap1": 0.34004028425942956,
  "umap2": 0.7824851212954304
}