{
  "umap1": 1.0784437656402588,
  "umap2": 9.597719192504883
}