{
  "umap1": 0.46399317416330765,
  "umap2": 0.46338768832291444
}