{
  "umap1": 11.690813064575195,
  "umap2": 2.5694050788879395
}