{
  "umap1": 0.9249726420358422,
  "umap2": 0.40162458785362554
}