{
  "No direct optim ancestor": "None",
  "umap1": 0.5998803148758969,
  "umap2": 0.05087748025652228
}