{
  "umap1": 0.0877389096640444,
  "umap2": 0.011690315075198132
}