{
  "umap1": 0.6265731816594364,
  "umap2": 0.17047045169989583
}