{
  "umap1": 0.024257551461938975,
  "umap2": 0.7941632377921709
}