{
  "umap1": 8.362518310546875,
  "umap2": 7.290832042694092
}