{
  "umap1": 0.9240744906707368,
  "umap2": 0.9043310007444507
}