{
  "No direct optim ancestor": "None",
  "umap1": 0.15200934935479438,
  "umap2": 0.754886161284541
}