{
  "umap1": 9.57856273651123,
  "umap2": 1.4186369180679321
}