{
  "umap1": 0.7670092000217611,
  "umap2": 0.5277681483902076
}