{
  "No direct optim ancestor": "None",
  "umap1": 0.3252329252023639,
  "umap2": 0.5061191355565808
}