{
  "umap1": 8.566561698913574,
  "umap2": 4.458642482757568
}