{
  "umap1": 1.2211662530899048,
  "umap2": 9.66673469543457
}