{
  "umap1": 11.109844207763672,
  "umap2": 2.4017038345336914
}