{
  "umap1": 0.9794717271948116,
  "umap2": 0.6004920464032799
}