{
  "umap1": 3.101999044418335,
  "umap2": 10.546060562133789
}