{
  "umap1": 0.620579131561217,
  "umap2": 0.5940523867988906
}