{
  "No direct optim ancestor": "None",
  "umap1": 0.9544915775003873,
  "umap2": 0.26025811687287603
}