{
  "umap1": 12.534887313842773,
  "umap2": 3.2808032035827637
}