{
  "No direct optim ancestor": "None",
  "umap1": 0.6127782463585187,
  "umap2": 0.17693801984099744
}