{
  "umap1": 0.8172063556576786,
  "umap2": 0.7024737339260014
}