{
  "umap1": 0.15938120155924718,
  "umap2": 0.13896580850649876
}