{
  "umap1": 0.47240160711138446,
  "umap2": 0.4912354247274944
}