{
  "No direct optim ancestor": "None",
  "umap1": 0.1278302511024474,
  "umap2": 0.1393183044482621
}