{
  "umap1": 11.187295913696289,
  "umap2": 2.4904067516326904
}