{
  "umap1": 8.342500686645508,
  "umap2": 7.280086517333984
}