{
  "umap1": 0.5239856059026119,
  "umap2": 0.31934733320590647
}