{
  "No direct optim ancestor": "None",
  "umap1": 0.864742124161102,
  "umap2": 0.7288853186855263
}