{
  "umap1": 1.45412015914917,
  "umap2": 10.046443939208984
}