{
  "No direct optim ancestor": "None",
  "umap1": 0.41966854946770404,
  "umap2": 0.7354334954571106
}