{
  "umap1": 0.5441742361358525,
  "umap2": 0.777973341650528
}