{
  "No direct optim ancestor": "None",
  "umap1": 0.38029947819569576,
  "umap2": 0.7733727607653992
}