{
  "umap1": 0.13016208930635165,
  "umap2": 0.7980472618029579
}