{
  "umap1": 10.485158920288086,
  "umap2": 2.4988300800323486
}