{
  "No direct optim ancestor": "None",
  "umap1": 0.21347758770555925,
  "umap2": 0.2860818549938111
}