{
  "umap1": 14.240883827209473,
  "umap2": 6.335850715637207
}