{
  "umap1": 0.13211352668148846,
  "umap2": 0.1991773858596504
}