{
  "umap1": 0.5971638094046549,
  "umap2": 0.5792118423331604
}