{
  "No direct optim ancestor": "None",
  "umap1": 0.16519939582368992,
  "umap2": 0.9524952535617985
}