{
  "umap1": 13.820981979370117,
  "umap2": 2.0032975673675537
}