{
  "No direct optim ancestor": "None",
  "umap1": 0.3238029127425497,
  "umap2": 0.7313299552103221
}