{
  "umap1": 0.6320218187016705,
  "umap2": 0.7628949307144948
}