{
  "No direct optim ancestor": "None",
  "umap1": 0.8119457286157804,
  "umap2": 0.7600558923853441
}