{
  "umap1": 0.3134640818906438,
  "umap2": 0.7683830719676764
}