{
  "umap1": 9.914959907531738,
  "umap2": 4.1081953048706055
}