{
  "umap1": 0.8031666337709503,
  "umap2": 0.8457398072108835
}