{
  "No direct optim ancestor": "None",
  "umap1": 0.1570793661533878,
  "umap2": 0.3556970980416245
}