{
  "No direct optim ancestor": "None",
  "umap1": 0.6875432707205834,
  "umap2": 0.15580313364212794
}