{
  "umap1": 0.45262471150709405,
  "umap2": 0.3718570081406908
}