{
  "umap1": 12.701321601867676,
  "umap2": 6.269600868225098
}