{
  "umap1": 0.18285911661050624,
  "umap2": 0.5208564313557025
}