{
  "umap1": 8.667956352233887,
  "umap2": 5.274165630340576
}