{
  "No direct optim ancestor": "None",
  "umap1": 0.7682716652555776,
  "umap2": 0.01169299852792327
}