{
  "umap1": 0.9446927041620338,
  "umap2": 0.4130761656764629
}