{
  "No direct optim ancestor": "None",
  "umap1": 0.10940894310506699,
  "umap2": 0.9727387825359439
}