{
  "umap1": 9.978263854980469,
  "umap2": 1.2976094484329224
}