{
  "umap1": 12.759222984313965,
  "umap2": 6.04114294052124
}