{
  "umap1": 0.17558991263695978,
  "umap2": 0.547366103953858
}