{
  "No direct optim ancestor": "None",
  "umap1": 0.9970083752205101,
  "umap2": 0.8530893572201613
}