{
  "umap1": 10.997032165527344,
  "umap2": 1.7594656944274902
}