{
  "No direct optim ancestor": "None",
  "umap1": 0.5588563860146557,
  "umap2": 0.8178440892603143
}