{
  "umap1": 0.7988013758775087,
  "umap2": 0.041382314676769005
}