{
  "umap1": 10.925891876220703,
  "umap2": 2.5664775371551514
}