{
  "umap1": 0.678712328148164,
  "umap2": 0.7831981216407929
}