{
  "umap1": 8.047805786132812,
  "umap2": 9.010175704956055
}