{
  "umap1": 0.15249380330230766,
  "umap2": 0.22723563373940914
}