{
  "umap1": 12.34815502166748,
  "umap2": 2.8746697902679443
}