{
  "No direct optim ancestor": "None",
  "umap1": 0.018878638715394525,
  "umap2": 0.09815000526562223
}