{
  "umap1": 13.97443962097168,
  "umap2": 3.2260782718658447
}