{
  "No direct optim ancestor": "None",
  "umap1": 0.5779211260645389,
  "umap2": 0.10994937900961455
}