{
  "umap1": 0.2755627977731472,
  "umap2": 0.8289144977704798
}