{
  "No direct optim ancestor": "None",
  "umap1": 0.2782448743960372,
  "umap2": 0.7168976541047848
}