{
  "umap1": 13.779280662536621,
  "umap2": 5.857935905456543
}