{
  "umap1": 0.6502634425278228,
  "umap2": 0.46356260614693234
}