{
  "umap1": 3.446568012237549,
  "umap2": 9.891974449157715
}