{
  "umap1": 10.502691268920898,
  "umap2": 1.345995545387268
}