{
  "umap1": 3.535612106323242,
  "umap2": 10.33427906036377
}