{
  "umap1": 0.8782775525983432,
  "umap2": 0.6579016455420236
}