{
  "No direct optim ancestor": "None",
  "umap1": 0.5201381791487979,
  "umap2": 0.5636320162847785
}