{
  "umap1": 12.1637601852417,
  "umap2": 2.2609047889709473
}