{
  "No direct optim ancestor": "None",
  "umap1": 0.7898749700662646,
  "umap2": 0.5266704518799237
}