{
  "umap1": 0.08205004978308816,
  "umap2": 0.9923210377157725
}