{
  "umap1": 0.3823509086618617,
  "umap2": 0.2543184419321076
}