{
  "No direct optim ancestor": "None",
  "umap1": 0.24290660276132614,
  "umap2": 0.696183117980422
}