{
  "umap1": 0.7003867010571097,
  "umap2": 0.6736388131184705
}