{
  "No direct optim ancestor": "None",
  "umap1": 0.3320859813340391,
  "umap2": 0.8910130561837378
}