{
  "umap1": 11.778192520141602,
  "umap2": 2.2975637912750244
}