{
  "No direct optim ancestor": "None",
  "umap1": 0.17042527880802105,
  "umap2": 0.5865174003553393
}