{
  "umap1": 0.3687592139611112,
  "umap2": 0.42223865108095615
}