{
  "umap1": 9.71327018737793,
  "umap2": 2.7483270168304443
}