{
  "umap1": 2.978884220123291,
  "umap2": 10.638045310974121
}