{
  "umap1": 0.2635695125337688,
  "umap2": 0.6986597470521188
}