{
  "umap1": 3.4362881183624268,
  "umap2": 10.059038162231445
}