{
  "umap1": 0.53327940286077,
  "umap2": 0.6488025606436886
}