{
  "umap1": 1.3246701955795288,
  "umap2": 10.026371002197266
}