{
  "umap1": 3.7806460857391357,
  "umap2": 9.841806411743164
}