{
  "umap1": 3.878819465637207,
  "umap2": 9.86092758178711
}