{
  "umap1": 0.2972454701926167,
  "umap2": 0.40232592736414774
}