{
  "No direct optim ancestor": "None",
  "umap1": 0.7782457580709866,
  "umap2": 0.07277263538460632
}