{
  "umap1": 8.770451545715332,
  "umap2": 2.9547390937805176
}