{
  "umap1": 0.08497769696597057,
  "umap2": 0.3531590110759847
}