{
  "No direct optim ancestor": "None",
  "umap1": 0.08660693543755893,
  "umap2": 0.07474866248197676
}