{
  "No direct optim ancestor": "None",
  "umap1": 0.3317664980741808,
  "umap2": 0.45051903257117953
}