{
  "umap1": 0.08614793528330966,
  "umap2": 0.4627406147068557
}