{
  "umap1": 0.9184260436523632,
  "umap2": 0.7409585089364866
}