{
  "umap1": 13.893669128417969,
  "umap2": 2.089909791946411
}