{
  "No direct optim ancestor": "None",
  "umap1": 0.6442799348148213,
  "umap2": 0.5792251616918658
}