{
  "umap1": 3.303122043609619,
  "umap2": 10.480597496032715
}