{
  "umap1": 0.7201045723154218,
  "umap2": 0.09710548025844323
}