{
  "umap1": 10.194100379943848,
  "umap2": 1.6026250123977661
}