{
  "No direct optim ancestor": "None",
  "umap1": 0.4225465135571993,
  "umap2": 0.7236682894327718
}