{
  "umap1": 0.7397900976105395,
  "umap2": 0.5386776783201327
}