{
  "umap1": 9.074251174926758,
  "umap2": 2.862705707550049
}