{
  "No direct optim ancestor": "None",
  "umap1": 0.3979120479998889,
  "umap2": 0.720662472260407
}