{
  "umap1": 0.3220182355543727,
  "umap2": 0.6232749395961855
}