{
  "umap1": 10.581273078918457,
  "umap2": 1.5873459577560425
}