{
  "umap1": 0.7142469965050489,
  "umap2": 0.1645548234664308
}