{
  "No direct optim ancestor": "None",
  "umap1": 0.7464959209350784,
  "umap2": 0.7308485567599252
}