{
  "umap1": 0.32085130300586095,
  "umap2": 0.8342493543501033
}