{
  "umap1": 0.19355942959890182,
  "umap2": 0.7061405698329319
}