{
  "No direct optim ancestor": "None",
  "umap1": 0.953100774713453,
  "umap2": 0.639790684146615
}