{
  "umap1": 13.688566207885742,
  "umap2": 6.654316425323486
}