{
  "No direct optim ancestor": "None",
  "umap1": 0.481199230251826,
  "umap2": 0.07382455974200619
}