{
  "umap1": 0.434399562283841,
  "umap2": 0.9048817362884348
}