{
  "No direct optim ancestor": "None",
  "umap1": 0.1475518573092388,
  "umap2": 0.11382640689486867
}