{
  "umap1": 0.36966705080238405,
  "umap2": 0.5108739334156033
}