{
  "umap1": 0.9479133079366194,
  "umap2": 0.6601561582970948
}