{
  "umap1": 0.11943690184298972,
  "umap2": 0.5148463829959886
}