{
  "No direct optim ancestor": "None",
  "umap1": 0.006013568047775086,
  "umap2": 0.7134407647474583
}