{
  "umap1": 10.413516998291016,
  "umap2": 1.2406760454177856
}