{
  "umap1": 0.49257762681556616,
  "umap2": 0.0858607171883512
}