{
  "umap1": 13.45431900024414,
  "umap2": 2.2568349838256836
}