{
  "umap1": 0.18077574085964077,
  "umap2": 0.19995215892621576
}