{
  "No direct optim ancestor": "None",
  "umap1": 0.4854990913025756,
  "umap2": 0.059448387997504626
}