{
  "No direct optim ancestor": "None",
  "umap1": 0.6020304076247993,
  "umap2": 0.1649005357039104
}