{
  "umap1": 0.008015826463534936,
  "umap2": 0.8418379927070256
}