{
  "umap1": 12.726399421691895,
  "umap2": 6.704921245574951
}