{
  "umap1": 0.515184054681606,
  "umap2": 0.06353529602510066
}