{
  "umap1": 3.0766918659210205,
  "umap2": 10.468667030334473
}