{
  "umap1": 0.8230025511719521,
  "umap2": 0.7139149949265667
}