{
  "umap1": 8.819099426269531,
  "umap2": 5.6724724769592285
}