{
  "No direct optim ancestor": "None",
  "umap1": 0.2729975588001373,
  "umap2": 0.0046903340598545284
}