{
  "umap1": 0.6228010628014415,
  "umap2": 0.27223182889898656
}