{
  "umap1": 11.153393745422363,
  "umap2": 3.0518815517425537
}