{
  "No direct optim ancestor": "None",
  "umap1": 0.6390244597090153,
  "umap2": 0.98952634483207
}