{
  "umap1": 0.8569754730297622,
  "umap2": 0.5165786894526685
}