{
  "umap1": 13.054097175598145,
  "umap2": 6.7570576667785645
}