{
  "umap1": 13.442240715026855,
  "umap2": 5.302101135253906
}