{
  "umap1": 0.18385631101626865,
  "umap2": 0.5605563134164435
}