{
  "No direct optim ancestor": "None",
  "umap1": 0.13299854487633322,
  "umap2": 0.7369575220783937
}