{
  "umap1": 8.243927955627441,
  "umap2": 8.714677810668945
}