{
  "umap1": 0.3280324828940755,
  "umap2": 0.8539006318857912
}