{
  "No direct optim ancestor": "None",
  "umap1": 0.28538586320171055,
  "umap2": 0.012296758128615859
}