{
  "umap1": 8.59445571899414,
  "umap2": 3.194237232208252
}