{
  "umap1": 0.19497358073985782,
  "umap2": 0.16786109652044467
}