{
  "No direct optim ancestor": "None",
  "umap1": 0.3115803898878271,
  "umap2": 0.33729100088100006
}