{
  "umap1": 0.5723213483587205,
  "umap2": 0.47355983473203367
}