{
  "umap1": 13.095394134521484,
  "umap2": 3.0622754096984863
}