{
  "umap1": 13.965317726135254,
  "umap2": 1.9296759366989136
}