{
  "umap1": 0.17308370609347923,
  "umap2": 0.933139670670364
}