{
  "No direct optim ancestor": "None",
  "umap1": 0.13986263595304382,
  "umap2": 0.36954480877232254
}