{
  "umap1": 7.948155879974365,
  "umap2": 8.901191711425781
}