{
  "umap1": 7.5410919189453125,
  "umap2": 5.784438610076904
}