{
  "umap1": 0.6738560052569179,
  "umap2": 0.5768570039644174
}