{
  "umap1": 0.5801281000990148,
  "umap2": 0.8567377773838449
}