{
  "umap1": 3.757814407348633,
  "umap2": 10.255632400512695
}