{
  "umap1": 3.3916943073272705,
  "umap2": 10.451521873474121
}