{
  "umap1": 0.26860927146695457,
  "umap2": 0.35816655074124915
}