{
  "umap1": 12.59485149383545,
  "umap2": 6.641171455383301
}