{
  "umap1": 0.7330610148451362,
  "umap2": 0.14464918479162137
}