{
  "No direct optim ancestor": "None",
  "umap1": 0.6847286010166022,
  "umap2": 0.3957913005003578
}