{
  "No direct optim ancestor": "None",
  "umap1": 0.4036226725255353,
  "umap2": 0.6282195513160935
}