{
  "umap1": 10.900369644165039,
  "umap2": 1.181225299835205
}