{
  "umap1": 0.3917688936409288,
  "umap2": 0.24024785117063763
}