{
  "No direct optim ancestor": "None",
  "umap1": 0.718484715119654,
  "umap2": 0.36351437758826555
}