{
  "umap1": 0.45736528412965594,
  "umap2": 0.35708087766099883
}