{
  "umap1": 9.97024917602539,
  "umap2": 1.451071858406067
}