{
  "umap1": 3.1523399353027344,
  "umap2": 10.540692329406738
}