{
  "No direct optim ancestor": "None",
  "umap1": 0.04943554225978186,
  "umap2": 0.09877776194612353
}