{
  "umap1": 13.628880500793457,
  "umap2": 4.25179386138916
}