{
  "umap1": 0.5246746231421549,
  "umap2": 0.4145545192184613
}