{
  "umap1": 12.23206615447998,
  "umap2": 3.580787181854248
}