{
  "umap1": 0.800026954960002,
  "umap2": 0.8472230028140683
}