{
  "No direct optim ancestor": "None",
  "umap1": 0.9878689381806007,
  "umap2": 0.431874894828814
}