{
  "umap1": 9.773985862731934,
  "umap2": 4.714611053466797
}