{
  "umap1": 9.296589851379395,
  "umap2": 2.5519657135009766
}