{
  "No direct optim ancestor": "None",
  "umap1": 0.9608930350051588,
  "umap2": 0.11162115901441871
}