{
  "umap1": 0.8326035104377512,
  "umap2": 0.7740061919169173
}