{
  "umap1": 10.056596755981445,
  "umap2": 1.8752092123031616
}