{
  "umap1": 13.05615234375,
  "umap2": 2.8234856128692627
}