{
  "umap1": 2.8282556533813477,
  "umap2": 10.57468318939209
}