{
  "No direct optim ancestor": "None",
  "umap1": 0.8806101872157087,
  "umap2": 0.5906862171246055
}