{
  "umap1": 0.08247473039574937,
  "umap2": 0.9275882997798789
}