{
  "umap1": 8.81535530090332,
  "umap2": 3.1984238624572754
}