{
  "umap1": 0.5820023751192391,
  "umap2": 0.06928994059376625
}