{
  "umap1": 0.8614100882574515,
  "umap2": 0.9439931889909416
}