{
  "umap1": 4.879952430725098,
  "umap2": 10.876007080078125
}