{
  "umap1": 10.935588836669922,
  "umap2": 2.6119234561920166
}