{
  "umap1": 0.7766346417178582,
  "umap2": 0.6911979617331888
}