{
  "umap1": 3.447828769683838,
  "umap2": 9.900155067443848
}