{
  "umap1": 10.608482360839844,
  "umap2": 1.305336356163025
}