{
  "umap1": 1.0119500160217285,
  "umap2": 9.65505313873291
}