{
  "umap1": 0.6228231405784584,
  "umap2": 0.9512512438356407
}