{
  "umap1": 0.7902412224217733,
  "umap2": 0.6265532489011293
}