{
  "No direct optim ancestor": "None",
  "umap1": 0.8509245085948941,
  "umap2": 0.955387739742773
}