{
  "umap1": 0.4722825837725153,
  "umap2": 0.5363984539938946
}