{
  "umap1": 11.919089317321777,
  "umap2": 3.0827107429504395
}