{
  "umap1": 0.3638972397833674,
  "umap2": 0.9401794794978275
}