{
  "umap1": 0.31108017995444315,
  "umap2": 0.23383327539714438
}