{
  "No direct optim ancestor": "None",
  "umap1": 0.4983566454721581,
  "umap2": 0.9077058172740472
}