{
  "umap1": 0.3185995803902195,
  "umap2": 0.9456391391795791
}