{
  "No direct optim ancestor": "None",
  "umap1": 0.16086233825997454,
  "umap2": 0.7912236033028279
}