{
  "umap1": 0.7896814999187758,
  "umap2": 0.30338899266291863
}