{
  "umap1": 14.19454574584961,
  "umap2": 2.8718655109405518
}