{
  "No direct optim ancestor": "None",
  "umap1": 0.43907136241249467,
  "umap2": 0.24851452781701844
}