{
  "umap1": 9.382282257080078,
  "umap2": 6.015624046325684
}