{
  "umap1": 0.007381739538860899,
  "umap2": 0.3542592604180509
}