{
  "umap1": 0.601802089322739,
  "umap2": 0.40640804881312065
}