{
  "umap1": 0.500036556280776,
  "umap2": 0.9987990252684171
}