{
  "No direct optim ancestor": "None",
  "umap1": 0.3939020460419299,
  "umap2": 0.2919233691941032
}