{
  "umap1": 13.129150390625,
  "umap2": 3.067260980606079
}