{
  "umap1": 12.83194637298584,
  "umap2": 3.9902560710906982
}