{
  "umap1": 0.28095101380620024,
  "umap2": 0.036295452405198825
}