{
  "umap1": 8.605398178100586,
  "umap2": 3.190715789794922
}