{
  "umap1": 0.78842567255187,
  "umap2": 0.12739062163147397
}