{
  "umap1": 12.140101432800293,
  "umap2": 5.389814853668213
}