{
  "No direct optim ancestor": "None",
  "umap1": 0.9488991084400907,
  "umap2": 0.04159421202563518
}