{
  "umap1": 13.481887817382812,
  "umap2": 4.557336807250977
}