{
  "umap1": 11.717513084411621,
  "umap2": 1.9060721397399902
}