{
  "umap1": 0.971379118939735,
  "umap2": 0.5377311891353416
}