{
  "No direct optim ancestor": "None",
  "umap1": 0.803470935071385,
  "umap2": 0.4909292253616043
}