{
  "umap1": 12.419049263000488,
  "umap2": 7.214381694793701
}