{
  "No direct optim ancestor": "None",
  "umap1": 0.42852325302155636,
  "umap2": 0.9896049529681274
}