{
  "umap1": 0.43246063956828096,
  "umap2": 0.8286806523389941
}