{
  "umap1": 11.435824394226074,
  "umap2": 3.671994209289551
}