{
  "umap1": 0.6099868458401522,
  "umap2": 0.1725183869178385
}