{
  "No direct optim ancestor": "None",
  "umap1": 0.8277274551488117,
  "umap2": 0.7021999873765444
}