{
  "umap1": 11.401312828063965,
  "umap2": 5.5831522941589355
}