{
  "umap1": 0.9488821257744822,
  "umap2": 0.016709798516818863
}