{
  "umap1": 0.9003211639308762,
  "umap2": 0.7615002287656724
}