{
  "No direct optim ancestor": "None",
  "umap1": 0.6331376353816671,
  "umap2": 0.473644534088584
}