{
  "No direct optim ancestor": "None",
  "umap1": 0.37309783484035963,
  "umap2": 0.9568216733705659
}