{
  "umap1": 0.5131536933654225,
  "umap2": 0.8551540821035348
}