{
  "umap1": 0.6399504083673072,
  "umap2": 0.5779626325937341
}