{
  "umap1": 12.924324035644531,
  "umap2": 7.015500068664551
}