{
  "No direct optim ancestor": "None",
  "umap1": 0.9139885785251042,
  "umap2": 0.27484775237398973
}