{
  "No direct optim ancestor": "None",
  "umap1": 0.6448095362718094,
  "umap2": 0.8139322782510328
}