{
  "umap1": 12.614849090576172,
  "umap2": 7.370368480682373
}