{
  "umap1": 0.8163718173556902,
  "umap2": 0.8429810305223937
}