{
  "umap1": 11.444391250610352,
  "umap2": 1.7378888130187988
}