{
  "umap1": 0.996026676786775,
  "umap2": 0.12026930078684661
}