{
  "No direct optim ancestor": "None",
  "umap1": 0.28299992357739356,
  "umap2": 0.20926569767284298
}