{
  "umap1": 9.820084571838379,
  "umap2": 6.157263278961182
}