{
  "umap1": 0.7234136560246206,
  "umap2": 0.5955267519909229
}