{
  "No direct optim ancestor": "None",
  "umap1": 0.010129109441337714,
  "umap2": 0.7139693182532184
}