{
  "umap1": 0.43095157077568047,
  "umap2": 0.18813459660616005
}