{
  "umap1": 7.943573474884033,
  "umap2": 8.955453872680664
}