{
  "No direct optim ancestor": "None",
  "umap1": 0.3003225912879115,
  "umap2": 0.8087120935867075
}