{
  "umap1": 0.23522783238225597,
  "umap2": 0.6988380420079247
}