{
  "umap1": 9.76984977722168,
  "umap2": 2.964592933654785
}