{
  "umap1": 12.927671432495117,
  "umap2": 7.545058250427246
}