{
  "umap1": 9.45547866821289,
  "umap2": 1.6966325044631958
}