{
  "umap1": 0.2660637065099267,
  "umap2": 0.9022658768933968
}