{
  "No direct optim ancestor": "None",
  "umap1": 0.37628498057786974,
  "umap2": 0.03374098644551449
}