{
  "umap1": 11.213626861572266,
  "umap2": 7.586458206176758
}