{
  "umap1": 8.57557487487793,
  "umap2": 5.13338041305542
}