{
  "umap1": 0.5874542678863055,
  "umap2": 0.4044494413729558
}