{
  "No direct optim ancestor": "None",
  "umap1": 0.2856979756614155,
  "umap2": 0.5620110790846914
}