{
  "umap1": 11.060348510742188,
  "umap2": 4.251513481140137
}