{
  "umap1": 8.588264465332031,
  "umap2": 3.173678398132324
}