{
  "umap1": 10.801959037780762,
  "umap2": 2.824392557144165
}