{
  "umap1": 0.7696145425469446,
  "umap2": 0.30916002969903944
}