{
  "No direct optim ancestor": "None",
  "umap1": 0.6191371579162326,
  "umap2": 0.883785275735586
}