{
  "umap1": 12.642498970031738,
  "umap2": 2.4398865699768066
}