{
  "No direct optim ancestor": "None",
  "umap1": 0.09111235076284796,
  "umap2": 0.3155371748035547
}