{
  "umap1": 0.3140414776138942,
  "umap2": 0.14641996449715844
}