{
  "No direct optim ancestor": "None",
  "umap1": 0.21331886720015547,
  "umap2": 0.4683738872282157
}