{
  "umap1": 0.5169448698584126,
  "umap2": 0.5512388746618527
}