{
  "umap1": 0.5997234349376377,
  "umap2": 0.026606176702706597
}