{
  "umap1": 13.621356010437012,
  "umap2": 3.9662914276123047
}