{
  "No direct optim ancestor": "None",
  "umap1": 0.636077554275642,
  "umap2": 0.036812345246306055
}