{
  "umap1": 9.880681991577148,
  "umap2": 5.892365455627441
}