{
  "umap1": 12.95296573638916,
  "umap2": 6.9038214683532715
}