{
  "umap1": 0.525957748509932,
  "umap2": 0.8626108074785801,
  "Direct optim goal": "a photo of a red frosted donut with green sprinkles"
}