{
  "umap1": 8.070918083190918,
  "umap2": 8.925293922424316
}