{
  "umap1": 8.271932601928711,
  "umap2": 6.81300163269043
}