{
  "umap1": 11.446749687194824,
  "umap2": 3.672978162765503
}