{
  "umap1": 10.150684356689453,
  "umap2": 2.270641803741455
}