{
  "umap1": 3.3511078357696533,
  "umap2": 10.43056583404541
}