{
  "umap1": 0.37552756394888664,
  "umap2": 0.16337008219884974
}