{
  "umap1": 0.7509804285872271,
  "umap2": 0.300506364148993
}