{
  "umap1": 0.8303305477562833,
  "umap2": 0.9002342978660418
}