{
  "No direct optim ancestor": "None",
  "umap1": 0.45719800994962,
  "umap2": 0.49824254308826577
}