{
  "umap1": 13.928887367248535,
  "umap2": 4.598942279815674
}