{
  "umap1": 10.250897407531738,
  "umap2": 2.5839409828186035
}