{
  "No direct optim ancestor": "None",
  "umap1": 0.7430746871915495,
  "umap2": 0.4258767357896954
}