{
  "umap1": 0.16523564773937482,
  "umap2": 0.2285368949086023
}