{
  "umap1": 9.736224174499512,
  "umap2": 6.174556732177734
}