{
  "umap1": 8.880900382995605,
  "umap2": 4.267673015594482
}