{
  "No direct optim ancestor": "None",
  "umap1": 0.9960117533905888,
  "umap2": 0.6402647520658247
}