{
  "umap1": 0.5739561251724585,
  "umap2": 0.6712203376721959
}