{
  "No direct optim ancestor": "None",
  "umap1": 0.12117550110895703,
  "umap2": 0.9808595395960892
}