{
  "umap1": 0.20577241441801053,
  "umap2": 0.20940983698204396
}