{
  "umap1": 12.016636848449707,
  "umap2": 3.2367589473724365
}