{
  "umap1": 8.09033489227295,
  "umap2": 8.914936065673828
}