{
  "umap1": 0.800106977812278,
  "umap2": 0.3074475847738908
}