{
  "umap1": 1.1374930143356323,
  "umap2": 9.816864967346191
}