{
  "umap1": 0.5459256505331512,
  "umap2": 0.3976051312407266
}