{
  "umap1": 8.90491008758545,
  "umap2": 5.812334060668945
}