{
  "No direct optim ancestor": "None",
  "umap1": 0.40951270472166146,
  "umap2": 0.6778136225463774
}