{
  "umap1": 0.2430303037812036,
  "umap2": 0.08308798138465467
}