{
  "No direct optim ancestor": "None",
  "umap1": 0.08966512400460169,
  "umap2": 0.39670107898148355
}