{
  "umap1": 0.7529087123160638,
  "umap2": 0.12936649720997084
}