{
  "umap1": 0.7199858202639017,
  "umap2": 0.9094249303714623
}