{
  "No direct optim ancestor": "None",
  "umap1": 0.02680238150740888,
  "umap2": 0.04259476956284447
}