{
  "umap1": 12.248562812805176,
  "umap2": 2.4652528762817383
}