{
  "umap1": 0.2932448724752377,
  "umap2": 0.5623816579988858
}