{
  "No direct optim ancestor": "None",
  "umap1": 0.5710175728450512,
  "umap2": 0.5302469075508243
}