{
  "umap1": 13.704704284667969,
  "umap2": 3.6428163051605225
}