{
  "umap1": 10.816180229187012,
  "umap2": 1.469793677330017
}