{
  "umap1": 0.26825984110571466,
  "umap2": 0.6050709163409772
}