{
  "No direct optim ancestor": "None",
  "umap1": 0.5089020834613195,
  "umap2": 0.6329183839684717
}