{
  "umap1": 9.446808815002441,
  "umap2": 1.5957280397415161
}