{
  "umap1": 0.5965280216630606,
  "umap2": 0.46858049690163595
}