{
  "No direct optim ancestor": "None",
  "umap1": 0.35159351404893036,
  "umap2": 0.7288452800748154
}