{
  "umap1": 10.904169082641602,
  "umap2": 1.4820159673690796
}