{
  "umap1": 0.9552004557812054,
  "umap2": 0.18954526511485337
}