{
  "No direct optim ancestor": "None",
  "umap1": 0.9256715356313792,
  "umap2": 0.3515632654602233
}