{
  "umap1": 13.229249000549316,
  "umap2": 6.565863132476807
}