{
  "umap1": 10.593001365661621,
  "umap2": 2.5850131511688232
}