{
  "umap1": 1.5214937925338745,
  "umap2": 10.017589569091797
}