{
  "umap1": 0.7191743348447276,
  "umap2": 0.7797032552952816
}