{
  "umap1": 0.13136087836675503,
  "umap2": 0.63996159941302
}