{
  "umap1": 3.2239186763763428,
  "umap2": 10.445158958435059
}