{
  "umap1": 0.29882334812196876,
  "umap2": 0.5387605064261526
}