{
  "No direct optim ancestor": "None",
  "umap1": 0.2641362674655514,
  "umap2": 0.9471297065076246
}