{
  "umap1": 11.167746543884277,
  "umap2": 2.3496737480163574
}