{
  "umap1": 11.572941780090332,
  "umap2": 3.2409520149230957
}