{
  "No direct optim ancestor": "None",
  "umap1": 0.32408148485818544,
  "umap2": 0.9034961740294497
}