{
  "umap1": 0.19921176372688576,
  "umap2": 0.9141977075343899
}