{
  "umap1": 3.68233585357666,
  "umap2": 10.23135757446289
}