{
  "umap1": 8.587384223937988,
  "umap2": 3.218585968017578
}