{
  "umap1": 0.7725925809093506,
  "umap2": 0.7063453211748026
}