{
  "umap1": 12.663047790527344,
  "umap2": 7.159916877746582
}