{
  "umap1": 0.4196596229778723,
  "umap2": 0.4788777618903167
}