{
  "umap1": 2.876021146774292,
  "umap2": 10.565443992614746
}