{
  "umap1": 0.7782849478790796,
  "umap2": 0.2457497146744777
}