{
  "umap1": 3.0171470642089844,
  "umap2": 10.524602890014648
}