{
  "umap1": 0.6379976866412417,
  "umap2": 0.9912261968150818
}