{
  "umap1": 13.98966121673584,
  "umap2": 3.52581524848938
}