{
  "No direct optim ancestor": "None",
  "umap1": 0.23207967953763342,
  "umap2": 0.36362521672128356
}