{
  "No direct optim ancestor": "None",
  "umap1": 0.8840465899149614,
  "umap2": 0.007075778962991164
}