{
  "umap1": 0.8368008752817935,
  "umap2": 0.48221242337873027
}