{
  "umap1": 4.8494062423706055,
  "umap2": 10.9484224319458
}