{
  "umap1": 11.458771705627441,
  "umap2": 1.5289201736450195
}