{
  "umap1": 8.648721694946289,
  "umap2": 5.495029926300049
}