{
  "No direct optim ancestor": "None",
  "umap1": 0.9391183961106361,
  "umap2": 0.9069726254769214
}