{
  "umap1": 0.6735370559203232,
  "umap2": 0.44069200873852654
}