{
  "umap1": 0.7990699202771275,
  "umap2": 0.3706586241658779
}