{
  "No direct optim ancestor": "None",
  "umap1": 0.6769571528485845,
  "umap2": 0.20039493184848667
}