{
  "umap1": 12.569768905639648,
  "umap2": 3.0296788215637207
}