{
  "No direct optim ancestor": "None",
  "umap1": 0.5621045655279309,
  "umap2": 0.10468221065771488
}