{
  "umap1": 0.7075903342151075,
  "umap2": 0.5473410933272536
}