{
  "umap1": 0.2958074450225815,
  "umap2": 0.4299126818041744
}