{
  "umap1": 5.018375396728516,
  "umap2": 10.747258186340332
}