{
  "No direct optim ancestor": "None",
  "umap1": 0.4983170927569298,
  "umap2": 0.8502131508908746
}