{
  "umap1": 14.11604118347168,
  "umap2": 5.109931468963623
}