{
  "umap1": 0.32791850396131994,
  "umap2": 0.6178301038078184
}