{
  "umap1": 8.958138465881348,
  "umap2": 5.225564956665039
}