{
  "umap1": 0.51966948068344,
  "umap2": 0.047879751294726214
}