{
  "umap1": 0.0238037389243434,
  "umap2": 0.6218219063884758
}