{
  "No direct optim ancestor": "None",
  "umap1": 0.3424446116156131,
  "umap2": 0.45881018693168585
}