{
  "umap1": 8.854818344116211,
  "umap2": 5.845850944519043
}