{
  "No direct optim ancestor": "None",
  "umap1": 0.9369678437313277,
  "umap2": 0.5775459621827662
}