{
  "umap1": 0.5703092055229517,
  "umap2": 0.9123265479016879
}