{
  "No direct optim ancestor": "None",
  "umap1": 0.34899495343220877,
  "umap2": 0.15863808224000842
}