{
  "umap1": 13.863336563110352,
  "umap2": 6.899506568908691
}