{
  "umap1": 0.11126730705887322,
  "umap2": 0.5629505876670736
}