{
  "umap1": 10.997593879699707,
  "umap2": 1.8418385982513428
}