{
  "umap1": 0.46630805774936124,
  "umap2": 0.7231327427364005
}