{
  "No direct optim ancestor": "None",
  "umap1": 0.28825107009338913,
  "umap2": 0.49259564325598615
}