{
  "umap1": 0.16670977200473258,
  "umap2": 0.07733701854892827
}