{
  "umap1": 1.3709938526153564,
  "umap2": 9.833690643310547
}