{
  "umap1": 12.471652030944824,
  "umap2": 4.815593242645264
}