{
  "umap1": 11.244288444519043,
  "umap2": 2.2937777042388916
}