{
  "umap1": 0.25797442015659366,
  "umap2": 0.012536182584651612
}