{
  "No direct optim ancestor": "None",
  "umap1": 0.2745058730720512,
  "umap2": 0.3395129067297037
}