{
  "umap1": 0.14903170276373356,
  "umap2": 0.9166001675494234
}