{
  "No direct optim ancestor": "None",
  "umap1": 0.02725534371125604,
  "umap2": 0.4600758772543996
}