{
  "umap1": 12.726629257202148,
  "umap2": 3.483309745788574
}