{
  "umap1": 0.5414123210308365,
  "umap2": 0.5835845606108696
}