{
  "umap1": 3.141132116317749,
  "umap2": 10.362325668334961
}