{
  "umap1": 11.18667221069336,
  "umap2": 1.328502893447876
}