{
  "umap1": 0.9872555708057907,
  "umap2": 0.8503672200974495
}