{
  "No direct optim ancestor": "None",
  "umap1": 0.468627311135808,
  "umap2": 0.4731237873134154
}