{
  "umap1": 0.6046526230069713,
  "umap2": 0.15706700204242485
}