{
  "No direct optim ancestor": "None",
  "umap1": 0.7344421139376556,
  "umap2": 0.40470688763811524
}