{
  "umap1": 10.53596305847168,
  "umap2": 1.9516819715499878
}