{
  "No direct optim ancestor": "None",
  "umap1": 0.45066981719301447,
  "umap2": 0.24520454637222533
}