{
  "umap1": 0.3759963105653312,
  "umap2": 0.6875895666144596
}