{
  "umap1": 0.5885920692232702,
  "umap2": 0.28892156913760403
}