{
  "No direct optim ancestor": "None",
  "umap1": 0.8242489086641158,
  "umap2": 0.9292273637986548
}