{
  "No direct optim ancestor": "None",
  "umap1": 0.308391507697789,
  "umap2": 0.5331740144857592
}