{
  "umap1": 0.5717938963000134,
  "umap2": 0.9798201662465821
}