{
  "umap1": 8.427284240722656,
  "umap2": 4.6656646728515625
}