{
  "umap1": 0.021407873595169713,
  "umap2": 0.12673549631461545
}