{
  "umap1": 9.48647403717041,
  "umap2": 1.9843388795852661
}