{
  "No direct optim ancestor": "None",
  "umap1": 0.1496636830729342,
  "umap2": 0.9142862208938782
}