{
  "umap1": 1.3536375761032104,
  "umap2": 10.01717472076416
}