{
  "umap1": 0.7546249269269801,
  "umap2": 0.466549147427497
}