{
  "umap1": 14.424086570739746,
  "umap2": 5.582552909851074
}