{
  "umap1": 0.0897725000620504,
  "umap2": 0.33635242997059855
}