{
  "No direct optim ancestor": "None",
  "umap1": 0.7504421726494737,
  "umap2": 0.8565026017387731
}