{
  "umap1": 0.6643195923037432,
  "umap2": 0.62330663101137
}