{
  "umap1": 0.835299309863291,
  "umap2": 0.9411802727426697
}