{
  "No direct optim ancestor": "None",
  "umap1": 0.6166676894876161,
  "umap2": 0.9451453929050482
}