{
  "umap1": 3.1028528213500977,
  "umap2": 10.470192909240723
}