{
  "umap1": 0.4560141344967892,
  "umap2": 0.2873039164031109
}