{
  "No direct optim ancestor": "None",
  "umap1": 0.5396351602277036,
  "umap2": 0.12031653248020069
}