{
  "umap1": 0.6350338853623975,
  "umap2": 0.9902561907125523
}