{
  "No direct optim ancestor": "None",
  "umap1": 0.4917957416000861,
  "umap2": 0.05875953388489208
}