{
  "umap1": 0.9624262941072459,
  "umap2": 0.0449340254941718
}