{
  "umap1": 13.58193588256836,
  "umap2": 1.6821850538253784
}