{
  "umap1": 11.45728874206543,
  "umap2": 3.625107765197754
}