{
  "umap1": 10.298069953918457,
  "umap2": 5.711884498596191
}