{
  "umap1": 4.873925685882568,
  "umap2": 10.889158248901367
}