{
  "umap1": 3.505025625228882,
  "umap2": 10.333252906799316
}