{
  "Ancestor's direct optim goal": "a photo of a red butterfly with green spotted wings",
  "umap1": 0.8586444096794577,
  "umap2": 0.9461745670608425
}