{
  "umap1": 0.15004231345943364,
  "umap2": 0.8425405816625482
}