{
  "umap1": 7.30339241027832,
  "umap2": 5.891690731048584
}