{
  "umap1": 0.8610014543163667,
  "umap2": 0.7712514689501336
}