{
  "umap1": 4.915019989013672,
  "umap2": 10.83813190460205
}