{
  "umap1": 13.566984176635742,
  "umap2": 1.8444980382919312
}