{
  "umap1": 3.6597955226898193,
  "umap2": 9.97978687286377
}