{
  "umap1": 0.8953682233960913,
  "umap2": 0.5314066941290194
}