{
  "umap1": 10.074142456054688,
  "umap2": 5.7875447273254395
}