{
  "No direct optim ancestor": "None",
  "umap1": 0.2826054889666818,
  "umap2": 0.2721349692607802
}