{
  "umap1": 12.319433212280273,
  "umap2": 5.196968078613281
}