{
  "umap1": 0.24467944084664217,
  "umap2": 0.721379039823078
}