{
  "umap1": 11.906085968017578,
  "umap2": 1.7663687467575073
}