{
  "umap1": 0.7570126564654798,
  "umap2": 0.49889576558888127
}