{
  "No direct optim ancestor": "None",
  "umap1": 0.4338754476093498,
  "umap2": 0.4689110048640739
}