{
  "umap1": 12.387286186218262,
  "umap2": 6.219371795654297
}