{
  "umap1": 8.823999404907227,
  "umap2": 3.0003416538238525
}