{
  "umap1": 10.66148567199707,
  "umap2": 2.596531391143799
}