{
  "umap1": 3.709526777267456,
  "umap2": 10.313041687011719
}