{
  "No direct optim ancestor": "None",
  "umap1": 0.9289114146024509,
  "umap2": 0.8509353982679865
}