{
  "umap1": 12.902289390563965,
  "umap2": 6.811500549316406
}