{
  "umap1": 0.43995361357657004,
  "umap2": 0.3874926013841684
}