{
  "No direct optim ancestor": "None",
  "umap1": 0.10367035513499001,
  "umap2": 0.8700964019383716
}