{
  "umap1": 0.7919210064265023,
  "umap2": 0.11820946055319803
}