{
  "umap1": 0.9731068821391685,
  "umap2": 0.7021517890793152
}