{
  "umap1": 8.692748069763184,
  "umap2": 5.431155681610107
}