{
  "No direct optim ancestor": "None",
  "umap1": 0.997295394301031,
  "umap2": 0.45416791391876277
}