{
  "umap1": 12.06187629699707,
  "umap2": 3.0137760639190674
}