{
  "umap1": 11.366534233093262,
  "umap2": 3.5264978408813477
}