{
  "umap1": 0.7452864010158777,
  "umap2": 0.01961304843848921
}