{
  "No direct optim ancestor": "None",
  "umap1": 0.3776552582029725,
  "umap2": 0.7506557321500039
}