{
  "umap1": 10.283955574035645,
  "umap2": 5.162403106689453
}