{
  "No direct optim ancestor": "None",
  "umap1": 0.2719653594676962,
  "umap2": 0.18400906849806375
}