{
  "umap1": 0.8684550043857404,
  "umap2": 0.4361427906819738
}