{
  "umap1": 11.279722213745117,
  "umap2": 3.393071174621582
}