{
  "No direct optim ancestor": "None",
  "umap1": 0.27243287463864907,
  "umap2": 0.26222711785651376
}