{
  "umap1": 0.5277658983515752,
  "umap2": 0.676010070192224
}