{
  "No direct optim ancestor": "None",
  "umap1": 0.75118014946785,
  "umap2": 0.3496951726768627
}