{
  "umap1": 0.03740649009698804,
  "umap2": 0.5563120068765977
}