{
  "umap1": 13.445778846740723,
  "umap2": 4.220724105834961
}