{
  "umap1": 0.35416268182788957,
  "umap2": 0.871029518073796
}