{
  "umap1": 9.255356788635254,
  "umap2": 2.406724452972412
}