{
  "umap1": 13.11796760559082,
  "umap2": 6.213861465454102
}