{
  "umap1": 0.9784168131968746,
  "umap2": 0.0020724312172450965
}