{
  "umap1": 12.0899658203125,
  "umap2": 4.3076372146606445
}