{
  "No direct optim ancestor": "None",
  "umap1": 0.5248132585710282,
  "umap2": 0.5623298485776888
}