{
  "No direct optim ancestor": "None",
  "umap1": 0.6269737969802174,
  "umap2": 0.35116382923811007
}