{
  "umap1": 0.5510476084473036,
  "umap2": 0.5431150688527321
}