{
  "umap1": 14.305514335632324,
  "umap2": 5.705451488494873
}