{
  "umap1": 14.070906639099121,
  "umap2": 6.231250762939453
}