{
  "umap1": 10.469114303588867,
  "umap2": 2.1263225078582764
}