{
  "umap1": 0.8317220032056709,
  "umap2": 0.6526618376414811
}