{
  "umap1": 13.046303749084473,
  "umap2": 6.405027866363525
}