{
  "umap1": 14.261651039123535,
  "umap2": 5.610548496246338
}