{
  "No direct optim ancestor": "None",
  "umap1": 0.7244904731069095,
  "umap2": 0.5568146571704572
}