{
  "umap1": 0.05479037849503332,
  "umap2": 0.03632631713767598
}