{
  "umap1": 0.15914437889698152,
  "umap2": 0.6983732412073667
}