{
  "No direct optim ancestor": "None",
  "umap1": 0.827329724275413,
  "umap2": 0.08678958007148041
}