{
  "No direct optim ancestor": "None",
  "umap1": 0.9658678274079128,
  "umap2": 0.9135615356402373
}