{
  "umap1": 0.5653437294428064,
  "umap2": 0.35287323162792794
}