{
  "umap1": 9.788381576538086,
  "umap2": 3.6576597690582275
}