{
  "umap1": 10.670700073242188,
  "umap2": 1.7403435707092285
}