{
  "umap1": 13.033153533935547,
  "umap2": 4.617973804473877
}