{
  "umap1": 14.286823272705078,
  "umap2": 5.078501224517822
}