{
  "No direct optim ancestor": "None",
  "umap1": 0.7599242920472937,
  "umap2": 0.005614254417655173
}