{
  "umap1": 0.1433108757089121,
  "umap2": 0.011685466441413772
}