{
  "umap1": 13.413189888000488,
  "umap2": 6.10996150970459
}