{
  "umap1": 9.929330825805664,
  "umap2": 4.334626197814941
}