{
  "umap1": 10.139657020568848,
  "umap2": 2.7160956859588623
}