{
  "No direct optim ancestor": "None",
  "umap1": 0.2598544565290075,
  "umap2": 0.22345084708894658
}