{
  "umap1": 0.8384141127240087,
  "umap2": 0.028630609335958068
}