{
  "umap1": 1.0447049140930176,
  "umap2": 9.630030632019043
}