{
  "umap1": 0.31972937561908576,
  "umap2": 0.5542321486855044
}