{
  "umap1": 0.10508063055933714,
  "umap2": 0.8509896127709556
}