{
  "umap1": 10.845807075500488,
  "umap2": 2.295407772064209
}