{
  "No direct optim ancestor": "None",
  "umap1": 0.8996369405994273,
  "umap2": 0.13403528140498422
}