{
  "umap1": 0.5412256805153879,
  "umap2": 0.8853600795825606
}