{
  "umap1": 3.944699764251709,
  "umap2": 9.971302032470703
}