{
  "umap1": 0.2891222222252279,
  "umap2": 0.29478147494192397
}