{
  "No direct optim ancestor": "None",
  "umap1": 0.9498840399696323,
  "umap2": 0.016487441811495973
}