{
  "umap1": 9.458990097045898,
  "umap2": 4.581058502197266
}