{
  "umap1": 0.7904130441940987,
  "umap2": 0.7002888809611382
}