{
  "No direct optim ancestor": "None",
  "umap1": 0.7536109516332496,
  "umap2": 0.7689317143623233
}