{
  "umap1": 9.934812545776367,
  "umap2": 1.2688102722167969
}