{
  "umap1": 10.14305591583252,
  "umap2": 5.584856033325195
}