{
  "No direct optim ancestor": "None",
  "umap1": 0.3416465168670897,
  "umap2": 0.07904193915145541
}