{
  "umap1": 0.9502097132510686,
  "umap2": 0.3294764197891181
}