{
  "umap1": 14.017309188842773,
  "umap2": 2.6765596866607666
}