{
  "umap1": 13.636889457702637,
  "umap2": 2.2455146312713623
}