{
  "No direct optim ancestor": "None",
  "umap1": 0.35618758969421993,
  "umap2": 0.4153052213358036
}