{
  "umap1": 0.45471871553760923,
  "umap2": 0.05060359443932794
}