{
  "umap1": 3.8484764099121094,
  "umap2": 9.829737663269043
}