{
  "umap1": 0.8735591834762015,
  "umap2": 0.2081946705408093
}