{
  "umap1": 3.7374913692474365,
  "umap2": 10.228765487670898
}