{
  "umap1": 0.355005868863734,
  "umap2": 0.4612748480525489
}