{
  "No direct optim ancestor": "None",
  "umap1": 0.09932914075822874,
  "umap2": 0.5517552678441044
}