{
  "umap1": 12.041341781616211,
  "umap2": 3.8202643394470215
}