{
  "umap1": 0.9321586867608639,
  "umap2": 0.39145169070063746
}