{
  "No direct optim ancestor": "None",
  "umap1": 0.9948728605071888,
  "umap2": 0.5615507208683684
}