{
  "umap1": 12.18340015411377,
  "umap2": 2.2015018463134766
}