{
  "umap1": 3.408919334411621,
  "umap2": 10.314093589782715
}