{
  "umap1": 10.55212688446045,
  "umap2": 2.151989221572876
}