{
  "umap1": 0.8727925926018342,
  "umap2": 0.7337965358947477
}