{
  "No direct optim ancestor": "None",
  "umap1": 0.14486755320516365,
  "umap2": 0.44368422622151094
}