{
  "umap1": 13.723780632019043,
  "umap2": 5.88372278213501
}