{
  "umap1": 0.6618344016891794,
  "umap2": 0.0986134799110554
}