{
  "No direct optim ancestor": "None",
  "umap1": 0.2838003601108191,
  "umap2": 0.4742893551753421
}