{
  "umap1": 0.07451486417554776,
  "umap2": 0.9614680830745188
}