{
  "umap1": 9.717864036560059,
  "umap2": 6.6457200050354
}