{
  "umap1": 0.778238677655906,
  "umap2": 0.40793557735606945
}