{
  "No direct optim ancestor": "None",
  "umap1": 0.7552667177746774,
  "umap2": 0.8676671905434999
}