{
  "umap1": 10.974751472473145,
  "umap2": 2.543276071548462
}