{
  "umap1": 0.9095764994039983,
  "umap2": 0.5501155461911067
}