{
  "No direct optim ancestor": "None",
  "umap1": 0.7150840051183259,
  "umap2": 0.7131292238487774
}