{
  "umap1": 0.47659666884645013,
  "umap2": 0.9366090275315454
}