{
  "umap1": 12.429996490478516,
  "umap2": 3.1037869453430176
}