{
  "No direct optim ancestor": "None",
  "umap1": 0.04758453744340663,
  "umap2": 0.4271028075876543
}