{
  "umap1": 0.31098787769206815,
  "umap2": 0.38239355805336717
}