{
  "No direct optim ancestor": "None",
  "umap1": 0.9489208512244436,
  "umap2": 0.8206614060847802
}