{
  "umap1": 14.607943534851074,
  "umap2": 4.110963344573975
}