{
  "umap1": 0.27708335470158496,
  "umap2": 0.7580309879215867
}