{
  "No direct optim ancestor": "None",
  "umap1": 0.49423380933226524,
  "umap2": 0.07552504015173733
}