{
  "umap1": 3.001110076904297,
  "umap2": 10.50653076171875
}