{
  "umap1": 0.7855956625598294,
  "umap2": 0.07972611674684749
}