{
  "No direct optim ancestor": "None",
  "umap1": 0.5177915837453421,
  "umap2": 0.8549046537512709
}