{
  "umap1": 13.455482482910156,
  "umap2": 2.2140233516693115
}