{
  "No direct optim ancestor": "None",
  "umap1": 0.5300497117245969,
  "umap2": 0.7635870139489227
}