{
  "umap1": 0.4263558790323103,
  "umap2": 0.6109653699476688
}