{
  "umap1": 0.4770394445714434,
  "umap2": 0.2728682677996347
}