{
  "umap1": 9.594306945800781,
  "umap2": 5.418758392333984
}