{
  "No direct optim ancestor": "None",
  "umap1": 0.9183521904956594,
  "umap2": 0.5600030622530572
}