{
  "umap1": 0.23180162357111933,
  "umap2": 0.7782818251128171,
  "Direct optim goal": "a photo of a turtle shell with red hexagons and green borders"
}