{
  "umap1": 8.277246475219727,
  "umap2": 6.801578044891357
}