{
  "umap1": 10.607708930969238,
  "umap2": 2.290004014968872
}