{
  "umap1": 12.004901885986328,
  "umap2": 4.63830041885376
}