{
  "umap1": 0.320523362620004,
  "umap2": 0.3605381621601804
}