{
  "No direct optim ancestor": "None",
  "umap1": 0.008683342882207401,
  "umap2": 0.6571454090120286
}