{
  "umap1": 9.622724533081055,
  "umap2": 1.7437331676483154
}