{
  "umap1": 0.8685827833305203,
  "umap2": 0.1286469950375918
}