{
  "No direct optim ancestor": "None",
  "umap1": 0.7160037008333098,
  "umap2": 0.8340468285457936
}