{
  "No direct optim ancestor": "None",
  "umap1": 0.226559440811548,
  "umap2": 0.9172851140723763
}