{
  "umap1": 0.27621455735333045,
  "umap2": 0.3069525924075974
}