{
  "umap1": 3.102109432220459,
  "umap2": 10.590721130371094
}