{
  "umap1": 0.13749495262023492,
  "umap2": 0.96284188330405
}