{
  "umap1": 11.012066841125488,
  "umap2": 2.7429144382476807
}