{
  "No direct optim ancestor": "None",
  "umap1": 0.5907798536480722,
  "umap2": 0.024676536638879032
}