{
  "umap1": 0.2143190384803092,
  "umap2": 0.4790638085903155
}