{
  "umap1": 12.980463027954102,
  "umap2": 5.866481781005859
}