{
  "No direct optim ancestor": "None",
  "umap1": 0.18162633080733537,
  "umap2": 0.9195550178061968
}