{
  "umap1": 0.44607231722530005,
  "umap2": 0.10702688170364671
}