{
  "No direct optim ancestor": "None",
  "umap1": 0.6280526777902483,
  "umap2": 0.5775676159733452
}