{
  "umap1": 0.9872075664795742,
  "umap2": 0.4373001082044563
}