{
  "No direct optim ancestor": "None",
  "umap1": 0.5527961370725974,
  "umap2": 0.8029047000735151
}