{
  "umap1": 12.825668334960938,
  "umap2": 2.9614157676696777
}