{
  "umap1": 0.6281187336361603,
  "umap2": 0.14350562926596933
}