{
  "No direct optim ancestor": "None",
  "umap1": 0.7012895238312478,
  "umap2": 0.8052099449109671
}