{
  "umap1": 12.914043426513672,
  "umap2": 6.817896366119385
}