{
  "No direct optim ancestor": "None",
  "umap1": 0.37130284877291564,
  "umap2": 0.5391640166836875
}