{
  "umap1": 0.6111743766820419,
  "umap2": 0.7041914104288429
}