{
  "umap1": 10.299805641174316,
  "umap2": 1.2929210662841797
}