{
  "umap1": 0.747003030163367,
  "umap2": 0.6323025087497506
}