{
  "Ancestor's direct optim goal": "a photo of a red crab with green claws and blue legs",
  "umap1": 0.9642595565768481,
  "umap2": 0.4524958629732154
}