{
  "umap1": 13.875214576721191,
  "umap2": 3.295111894607544
}