{
  "umap1": 14.10377311706543,
  "umap2": 3.518176555633545
}