{
  "No direct optim ancestor": "None",
  "umap1": 0.6638564956552453,
  "umap2": 0.21561650452875936
}