{
  "umap1": 9.966712951660156,
  "umap2": 2.8523597717285156
}