{
  "umap1": 0.8193209749757423,
  "umap2": 0.6906514411108731
}