{
  "umap1": 0.9622617309792617,
  "umap2": 0.6518547510249852
}