{
  "umap1": 12.612715721130371,
  "umap2": 5.015826225280762
}