{
  "umap1": 0.10955462239241553,
  "umap2": 0.8912653363340242
}