{
  "umap1": 3.648714303970337,
  "umap2": 10.297904968261719
}