{
  "umap1": 12.987715721130371,
  "umap2": 2.5425562858581543
}