{
  "No direct optim ancestor": "None",
  "umap1": 0.9471636035840202,
  "umap2": 0.0047660626969473485
}