{
  "umap1": 0.014385593080402659,
  "umap2": 0.20058063839182227
}