{
  "umap1": 8.678455352783203,
  "umap2": 4.484776496887207
}