{
  "umap1": 0.15880323529165075,
  "umap2": 0.02821049014142385
}