{
  "No direct optim ancestor": "None",
  "umap1": 0.884927762240948,
  "umap2": 0.47605939232841
}