{
  "No direct optim ancestor": "None",
  "umap1": 0.36880430148841803,
  "umap2": 0.6690482044171415
}