{
  "umap1": 0.9132036588492323,
  "umap2": 0.5215316757585956
}