{
  "umap1": 13.018296241760254,
  "umap2": 6.988534450531006
}