{
  "No direct optim ancestor": "None",
  "umap1": 0.9165017563336098,
  "umap2": 0.9037043782273168
}