{
  "umap1": 0.5234174674958149,
  "umap2": 0.050940256467920886
}