{
  "umap1": 2.894303560256958,
  "umap2": 10.382777214050293
}