{
  "umap1": 12.132689476013184,
  "umap2": 3.212094783782959
}