{
  "umap1": 0.7491460302203377,
  "umap2": 0.21465874592314482
}