{
  "No direct optim ancestor": "None",
  "umap1": 0.37777175772638794,
  "umap2": 0.5880731207920834
}