{
  "umap1": 0.4143805748945626,
  "umap2": 0.5177456598590173
}