{
  "No direct optim ancestor": "None",
  "umap1": 0.6779703603598751,
  "umap2": 0.9876452157511504
}