{
  "umap1": 11.241180419921875,
  "umap2": 1.399646520614624
}