{
  "umap1": 0.5232939130249252,
  "umap2": 0.6865172225370018
}