{
  "No direct optim ancestor": "None",
  "umap1": 0.4029467811231584,
  "umap2": 0.19365996623855997
}