{
  "umap1": 10.88225269317627,
  "umap2": 1.1391849517822266
}