{
  "No direct optim ancestor": "None",
  "umap1": 0.6021599077031589,
  "umap2": 0.4319049266838765
}