{
  "umap1": 12.694524765014648,
  "umap2": 5.211991786956787
}