{
  "umap1": 0.20387890091953076,
  "umap2": 0.14620007547931457
}