{
  "umap1": 0.06938175550782433,
  "umap2": 0.04037320579112591
}