{
  "No direct optim ancestor": "None",
  "umap1": 0.6020658439721491,
  "umap2": 0.2083280096089979
}