{
  "umap1": 12.558491706848145,
  "umap2": 3.8705947399139404
}