{
  "umap1": 3.4264075756073,
  "umap2": 9.842689514160156
}