{
  "umap1": 0.42032521880529206,
  "umap2": 0.27565081187174034
}