{
  "umap1": 0.6753927927327305,
  "umap2": 0.2305525668895433
}