{
  "No direct optim ancestor": "None",
  "umap1": 0.23688559493330108,
  "umap2": 0.9923077367394713
}