{
  "umap1": 10.101517677307129,
  "umap2": 1.9902108907699585
}