{
  "umap1": 0.5615823285088819,
  "umap2": 0.8626688927793424
}