{
  "No direct optim ancestor": "None",
  "umap1": 0.01761532469218019,
  "umap2": 0.5259315799546902
}