{
  "umap1": 0.5702603339660705,
  "umap2": 0.3967690641245448
}