{
  "umap1": 4.938470363616943,
  "umap2": 10.80642032623291
}