{
  "umap1": 0.826139982174785,
  "umap2": 0.06513397924000586
}