{
  "umap1": 0.46589240379778085,
  "umap2": 0.6653882589416834
}