{
  "No direct optim ancestor": "None",
  "umap1": 0.5834009431883789,
  "umap2": 0.6842887424926712
}