{
  "umap1": 0.20746748078103694,
  "umap2": 0.22508963407310267
}