{
  "umap1": 0.8581448239616761,
  "umap2": 0.3875129194360242
}