{
  "No direct optim ancestor": "None",
  "umap1": 0.23548078715400877,
  "umap2": 0.11087229270886145
}