{
  "umap1": 0.015690260059926686,
  "umap2": 0.7916808998352187
}