{
  "umap1": 0.33713061674158995,
  "umap2": 0.42533843215014
}