{
  "No direct optim ancestor": "None",
  "umap1": 0.7943141550953519,
  "umap2": 0.814200566850296
}