{
  "umap1": 12.084659576416016,
  "umap2": 3.115886688232422
}