{
  "umap1": 1.3247971534729004,
  "umap2": 10.00894546508789
}