{
  "umap1": 0.6950962303816827,
  "umap2": 0.8272480535685194
}