{
  "umap1": 13.10187816619873,
  "umap2": 3.1827449798583984
}