{
  "umap1": 0.38111464096557657,
  "umap2": 0.0715738829779542
}