{
  "No direct optim ancestor": "None",
  "umap1": 0.5594834169743852,
  "umap2": 0.7246963591263731
}