{
  "No direct optim ancestor": "None",
  "umap1": 0.003198330362276791,
  "umap2": 0.26137428776893434
}