{
  "umap1": 0.4753253237894228,
  "umap2": 0.6969598178774339
}