{
  "umap1": 14.054885864257812,
  "umap2": 1.839224100112915
}