{
  "umap1": 3.3646645545959473,
  "umap2": 9.94723129272461
}