{
  "No direct optim ancestor": "None",
  "umap1": 0.18546086074618995,
  "umap2": 0.11636042031351179
}