{
  "umap1": 12.102989196777344,
  "umap2": 3.775005340576172
}