{
  "umap1": 0.9344693791225448,
  "umap2": 0.6414867247878288
}