{
  "umap1": 14.166731834411621,
  "umap2": 5.547952651977539
}