{
  "umap1": 0.4073044495015006,
  "umap2": 0.40886732324397046
}