{
  "No direct optim ancestor": "None",
  "umap1": 0.6435552079484403,
  "umap2": 0.5719334229908515
}