{
  "umap1": 14.19769287109375,
  "umap2": 5.604435443878174
}