{
  "umap1": 9.229757308959961,
  "umap2": 4.720033168792725
}