{
  "umap1": 12.684016227722168,
  "umap2": 4.2642035484313965
}