{
  "umap1": 0.39168762387567024,
  "umap2": 0.7125122325883634
}