{
  "No direct optim ancestor": "None",
  "umap1": 0.8170755268076698,
  "umap2": 0.2188571508813283
}