{
  "umap1": 2.9559757709503174,
  "umap2": 10.507977485656738
}