{
  "No direct optim ancestor": "None",
  "umap1": 0.7583349758784943,
  "umap2": 0.17117616262080426
}