{
  "umap1": 13.872910499572754,
  "umap2": 6.702046871185303
}