{
  "umap1": 0.2663331809927614,
  "umap2": 0.9735851767582807
}