{
  "umap1": 13.967851638793945,
  "umap2": 1.8956626653671265
}