{
  "umap1": 0.7518069571198716,
  "umap2": 0.29686484635539956
}