{
  "No direct optim ancestor": "None",
  "umap1": 0.7452982928333617,
  "umap2": 0.42156323198654266
}