{
  "No direct optim ancestor": "None",
  "umap1": 0.6570725077039185,
  "umap2": 0.3669511292031459
}