{
  "umap1": 0.8903432770192282,
  "umap2": 0.04807382260617643
}