{
  "umap1": 12.790438652038574,
  "umap2": 3.4080939292907715
}