{
  "No direct optim ancestor": "None",
  "umap1": 0.7346503564295769,
  "umap2": 0.9068897955773713
}