{
  "umap1": 0.31045920979179786,
  "umap2": 0.7437962113627574
}