{
  "umap1": 0.8927775841952145,
  "umap2": 0.07643845732487586
}