{
  "No direct optim ancestor": "None",
  "umap1": 0.5449641173654478,
  "umap2": 0.07373768521963076
}