{
  "umap1": 3.064744234085083,
  "umap2": 10.378056526184082
}