{
  "umap1": 0.21006451938872772,
  "umap2": 0.6465584002542587
}