{
  "umap1": 13.20048999786377,
  "umap2": 6.132593154907227
}