{
  "No direct optim ancestor": "None",
  "umap1": 0.33328376239512836,
  "umap2": 0.5204348239284246
}