{
  "umap1": 0.4834630682704313,
  "umap2": 0.30181692133489746
}