{
  "umap1": 0.41104682691057914,
  "umap2": 0.9138156028611086
}