{
  "umap1": 7.934446811676025,
  "umap2": 8.922957420349121
}