{
  "umap1": 0.031048086783737605,
  "umap2": 0.5536265381349973
}