{
  "umap1": 13.627118110656738,
  "umap2": 4.680049419403076
}