{
  "No direct optim ancestor": "None",
  "umap1": 0.10083679165442627,
  "umap2": 0.5446781028627377
}