{
  "umap1": 10.663350105285645,
  "umap2": 1.4147659540176392
}