{
  "umap1": 0.520150063208846,
  "umap2": 0.9945012844608264
}