{
  "No direct optim ancestor": "None",
  "umap1": 0.40225344128083806,
  "umap2": 0.03119627115629864
}