{
  "umap1": 11.977142333984375,
  "umap2": 2.6283106803894043
}