{
  "No direct optim ancestor": "None",
  "umap1": 0.9052993514313323,
  "umap2": 0.06574432096482019
}