{
  "umap1": 0.5178778444792009,
  "umap2": 0.1941952602452629
}