{
  "umap1": 3.4645071029663086,
  "umap2": 9.900274276733398
}