{
  "umap1": 4.961143493652344,
  "umap2": 10.783003807067871
}