{
  "umap1": 7.314842700958252,
  "umap2": 5.8766021728515625
}