{
  "umap1": 0.4437655725959112,
  "umap2": 0.8274237151085759
}