{
  "No direct optim ancestor": "None",
  "umap1": 0.9573219490107986,
  "umap2": 0.46770176300796407
}