{
  "umap1": 9.420475006103516,
  "umap2": 6.044764518737793
}