{
  "umap1": 12.182438850402832,
  "umap2": 3.571702480316162
}