{
  "umap1": 13.065162658691406,
  "umap2": 7.574663162231445
}