{
  "No direct optim ancestor": "None",
  "umap1": 0.06636928149697363,
  "umap2": 0.12623113345110148
}