{
  "umap1": 0.7220968278092922,
  "umap2": 0.36735125980681316
}