{
  "No direct optim ancestor": "None",
  "umap1": 0.824939156778951,
  "umap2": 0.7243104395257051
}