{
  "umap1": 0.352768826287881,
  "umap2": 0.6840433089209689
}