{
  "umap1": 12.739518165588379,
  "umap2": 7.325528144836426
}