{
  "umap1": 13.855782508850098,
  "umap2": 6.484893798828125
}