{
  "No direct optim ancestor": "None",
  "umap1": 0.6544499831533799,
  "umap2": 0.8507971716941614
}