{
  "umap1": 0.9483891520621374,
  "umap2": 0.5505446814082083
}