{
  "umap1": 0.7484704900186105,
  "umap2": 0.24686884008522936
}