{
  "umap1": 0.05706876785645143,
  "umap2": 0.03376815544554235
}