{
  "umap1": 13.586979866027832,
  "umap2": 4.180976390838623
}