{
  "No direct optim ancestor": "None",
  "umap1": 0.5613297981764535,
  "umap2": 0.30636389949054776
}