{
  "umap1": 10.166282653808594,
  "umap2": 2.5372090339660645
}