{
  "umap1": 10.146125793457031,
  "umap2": 1.3889330625534058
}