{
  "umap1": 2.778154134750366,
  "umap2": 10.43361759185791
}