{
  "umap1": 12.223028182983398,
  "umap2": 2.487962007522583
}