{
  "No direct optim ancestor": "None",
  "umap1": 0.8756767984685864,
  "umap2": 0.4146543427363071
}