{
  "umap1": 0.17924358875663893,
  "umap2": 0.289529424367457
}