{
  "umap1": 0.03847213731857635,
  "umap2": 0.47235744283107295
}