{
  "umap1": 3.8975741863250732,
  "umap2": 9.864572525024414
}