{
  "umap1": 3.110029458999634,
  "umap2": 10.470770835876465
}