{
  "umap1": 0.03039637761641789,
  "umap2": 0.7065479586263073
}