{
  "umap1": 0.2164940153433822,
  "umap2": 0.3114028528072068
}