{
  "umap1": 0.45235762993027995,
  "umap2": 0.9624263486256841
}