{
  "No direct optim ancestor": "None",
  "umap1": 0.504851089961807,
  "umap2": 0.6502189186451155
}