{
  "umap1": 0.07907218281301531,
  "umap2": 0.2522631742553294
}