{
  "umap1": 11.441999435424805,
  "umap2": 1.8500006198883057
}