{
  "umap1": 0.01737306890115109,
  "umap2": 0.40073368603844417
}