{
  "No direct optim ancestor": "None",
  "umap1": 0.5135690726985408,
  "umap2": 0.282327736730399
}