{
  "No direct optim ancestor": "None",
  "umap1": 0.08278006841652197,
  "umap2": 0.8505537155044757
}