{
  "umap1": 0.2504785293128351,
  "umap2": 0.8420345845972205
}