{
  "umap1": 10.221955299377441,
  "umap2": 2.456779956817627
}