{
  "umap1": 2.707099676132202,
  "umap2": 10.67410659790039
}