{
  "umap1": 0.560428208189748,
  "umap2": 0.10007468022870547
}