{
  "No direct optim ancestor": "None",
  "umap1": 0.4241008889874275,
  "umap2": 0.7623754948496777
}