{
  "umap1": 0.12356377898358284,
  "umap2": 0.5194460402702847
}