{
  "umap1": 8.693155288696289,
  "umap2": 5.370248794555664
}