{
  "umap1": 13.918505668640137,
  "umap2": 2.4139387607574463
}