{
  "umap1": 0.2300808016062147,
  "umap2": 0.17398129378357752
}