{
  "No direct optim ancestor": "None",
  "umap1": 0.5867429764412291,
  "umap2": 0.4866552251498367
}