{
  "umap1": 7.34186315536499,
  "umap2": 5.854560852050781
}