{
  "umap1": 0.4130720584446357,
  "umap2": 0.6567466859157706
}