{
  "umap1": 10.205443382263184,
  "umap2": 6.036928653717041
}