{
  "No direct optim ancestor": "None",
  "umap1": 0.1586467671174948,
  "umap2": 0.5561062381421766
}