{
  "umap1": 0.8405089006362582,
  "umap2": 0.14490620458561343
}