{
  "umap1": 11.587241172790527,
  "umap2": 2.3423473834991455
}