{
  "No direct optim ancestor": "None",
  "umap1": 0.1738734452242181,
  "umap2": 0.955808178494924
}