{
  "umap1": 0.5536415804104866,
  "umap2": 0.23413606865075876
}