{
  "No direct optim ancestor": "None",
  "umap1": 0.6502246294614306,
  "umap2": 0.4049533277845164
}