{
  "umap1": 12.884645462036133,
  "umap2": 3.27860689163208
}