{
  "umap1": 0.6047878445953403,
  "umap2": 0.8304195972273384
}