{
  "No direct optim ancestor": "None",
  "umap1": 0.30175167942609105,
  "umap2": 0.7009763391971707
}