{
  "umap1": 12.853612899780273,
  "umap2": 7.4626007080078125
}