{
  "No direct optim ancestor": "None",
  "umap1": 0.7739313859649765,
  "umap2": 0.548197688807841
}