{
  "umap1": 0.6491705170242461,
  "umap2": 0.13331512455016115
}