{
  "umap1": 0.9323394601978015,
  "umap2": 0.5729121630773707
}