{
  "umap1": 3.000458002090454,
  "umap2": 10.527496337890625
}