{
  "umap1": 0.3585287081390719,
  "umap2": 0.23902417661363495
}