{
  "umap1": 10.327095031738281,
  "umap2": 2.5996663570404053
}