{
  "No direct optim ancestor": "None",
  "umap1": 0.3395002642767475,
  "umap2": 0.22378288243208877
}