{
  "umap1": 0.11954509533899937,
  "umap2": 0.7293522303420366
}