{
  "No direct optim ancestor": "None",
  "umap1": 0.3848314907161231,
  "umap2": 0.904645992958828
}