{
  "umap1": 10.394129753112793,
  "umap2": 4.983270645141602
}