{
  "No direct optim ancestor": "None",
  "umap1": 0.9292752179165173,
  "umap2": 0.08475761654933867
}