{
  "umap1": 0.021899771193219397,
  "umap2": 0.1988939344061209
}