{
  "No direct optim ancestor": "None",
  "umap1": 0.5251614645527021,
  "umap2": 0.7407780807390156
}