{
  "umap1": 0.37975937227723444,
  "umap2": 0.9983175694732345
}