{
  "umap1": 0.3193439478069833,
  "umap2": 0.985755401469234
}