{
  "No direct optim ancestor": "None",
  "umap1": 0.4442215513130775,
  "umap2": 0.23178027945187996
}