{
  "umap1": 9.372401237487793,
  "umap2": 5.976943016052246
}