{
  "No direct optim ancestor": "None",
  "umap1": 0.8935851083129833,
  "umap2": 0.05937292772764291
}