{
  "umap1": 0.7972892710361981,
  "umap2": 0.9939081978863288
}