{
  "umap1": 3.5897536277770996,
  "umap2": 10.315194129943848
}