{
  "umap1": 0.4271306215963938,
  "umap2": 0.8426100303623356
}