{
  "umap1": 0.014978965786083487,
  "umap2": 0.5607605210497258
}