{
  "No direct optim ancestor": "None",
  "umap1": 0.4573151877626769,
  "umap2": 0.6483638102326664
}