{
  "umap1": 14.36814022064209,
  "umap2": 5.9263081550598145
}