{
  "No direct optim ancestor": "None",
  "umap1": 0.8642505947812301,
  "umap2": 0.685395075920632
}