{
  "umap1": 0.16311372325731077,
  "umap2": 0.7656528768761428
}