{
  "umap1": 0.07155902178628293,
  "umap2": 0.5363528755026647
}