{
  "No direct optim ancestor": "None",
  "umap1": 0.556698816578977,
  "umap2": 0.06631968874697292
}