{
  "No direct optim ancestor": "None",
  "umap1": 0.6239541677907537,
  "umap2": 0.987549450031093
}