{
  "umap1": 12.599549293518066,
  "umap2": 1.628224492073059
}