{
  "umap1": 0.18922369333265365,
  "umap2": 0.7513858897283046
}