{
  "umap1": 0.3189641732873508,
  "umap2": 0.9191451663508825
}