{
  "No direct optim ancestor": "None",
  "umap1": 0.8762388186770103,
  "umap2": 0.41429067285661814
}