{
  "umap1": 12.52242374420166,
  "umap2": 2.986442804336548
}