{
  "umap1": 0.056891189637464534,
  "umap2": 0.6449825282368593
}