{
  "No direct optim ancestor": "None",
  "umap1": 0.5237339395291383,
  "umap2": 0.7620996135692732
}