{
  "umap1": 0.8496748827801954,
  "umap2": 0.10440442235473002
}