{
  "umap1": 1.7311116456985474,
  "umap2": 10.114739418029785
}