{
  "No direct optim ancestor": "None",
  "umap1": 0.1458410213972856,
  "umap2": 0.36750445787510433
}