{
  "umap1": 0.5602331826113065,
  "umap2": 0.31749001588084025
}