{
  "umap1": 13.341641426086426,
  "umap2": 2.591603994369507
}