{
  "umap1": 0.2075742241695322,
  "umap2": 0.0555263673975146
}