{
  "No direct optim ancestor": "None",
  "umap1": 0.5765720261265085,
  "umap2": 0.27497661033870113
}