{
  "No direct optim ancestor": "None",
  "umap1": 0.4102311239884686,
  "umap2": 0.9641522359014103
}