{
  "umap1": 0.2285911477911109,
  "umap2": 0.2646631398843873
}