{
  "umap1": 0.34090526623565753,
  "umap2": 0.8664236801893533
}