{
  "umap1": 11.733128547668457,
  "umap2": 1.652961015701294
}