{
  "umap1": 8.8504056930542,
  "umap2": 5.748360633850098
}