{
  "umap1": 0.953755724817898,
  "umap2": 0.6153065333154019
}