{
  "No direct optim ancestor": "None",
  "umap1": 0.7311403330402975,
  "umap2": 0.15008868186930613
}