{
  "No direct optim ancestor": "None",
  "umap1": 0.01464349793758013,
  "umap2": 0.7788089285512244
}