{
  "umap1": 0.9593340253806354,
  "umap2": 0.19874012444253775
}