{
  "umap1": 9.365509986877441,
  "umap2": 4.013845443725586
}