{
  "No direct optim ancestor": "None",
  "umap1": 0.16646950675769423,
  "umap2": 0.4965581667768244
}