{
  "umap1": 0.13981331427159538,
  "umap2": 0.41552231109156157
}