{
  "umap1": 3.895070791244507,
  "umap2": 9.715617179870605
}