{
  "umap1": 0.06105171659021713,
  "umap2": 0.19174220400133268
}