{
  "umap1": 0.5658603595078862,
  "umap2": 0.8850328440186105
}