{
  "umap1": 0.800553855014772,
  "umap2": 0.20786315084581508
}