{
  "umap1": 7.33294677734375,
  "umap2": 5.86595344543457
}