{
  "umap1": 11.982473373413086,
  "umap2": 3.9845733642578125
}