{
  "umap1": 10.534211158752441,
  "umap2": 2.954988479614258
}