{
  "No direct optim ancestor": "None",
  "umap1": 0.025052572895346126,
  "umap2": 0.5879750724242614
}