{
  "umap1": 0.3167172441950096,
  "umap2": 0.5765764092121063
}