{
  "No direct optim ancestor": "None",
  "umap1": 0.4244619380478445,
  "umap2": 0.46897615397629233
}