{
  "umap1": 0.6081924294712003,
  "umap2": 0.8837075905360671
}