{
  "umap1": 13.691360473632812,
  "umap2": 2.8992552757263184
}