{
  "umap1": 3.066918134689331,
  "umap2": 10.448275566101074
}