{
  "umap1": 0.33354342995399777,
  "umap2": 0.18223454942529127
}