{
  "umap1": 9.840118408203125,
  "umap2": 4.457482814788818
}