{
  "umap1": 0.42689326335345323,
  "umap2": 0.6269617842428233
}