{
  "No direct optim ancestor": "None",
  "umap1": 0.02862916003778071,
  "umap2": 0.29132568926056546
}