{
  "umap1": 10.853973388671875,
  "umap2": 3.652109384536743
}