{
  "umap1": 3.0930261611938477,
  "umap2": 10.555337905883789
}