{
  "umap1": 0.6050298347049278,
  "umap2": 0.6787221200243406
}