{
  "umap1": 13.37134075164795,
  "umap2": 6.336413383483887
}