{
  "umap1": 11.122998237609863,
  "umap2": 1.3178890943527222
}