{
  "No direct optim ancestor": "None",
  "umap1": 0.09504049019940597,
  "umap2": 0.1479964420453146
}