{
  "umap1": 0.37398472952132433,
  "umap2": 0.9873970418899777
}