{
  "umap1": 13.244221687316895,
  "umap2": 6.186999320983887
}