{
  "No direct optim ancestor": "None",
  "umap1": 0.40850504996825976,
  "umap2": 0.28428845216904963
}