{
  "umap1": 0.8856972775071057,
  "umap2": 0.570933781632161
}