{
  "umap1": 11.412467002868652,
  "umap2": 3.0370304584503174
}