{
  "No direct optim ancestor": "None",
  "umap1": 0.3535058240125363,
  "umap2": 0.07586439254407473
}