{
  "umap1": 0.09023698602659913,
  "umap2": 0.817770029940014
}