{
  "umap1": 0.40100255875652335,
  "umap2": 0.28554086582584115
}