{
  "No direct optim ancestor": "None",
  "umap1": 0.7050247316669022,
  "umap2": 0.17629404093643608
}