{
  "umap1": 0.8022579224391004,
  "umap2": 0.8585218106988061
}