{
  "umap1": 1.0402932167053223,
  "umap2": 9.670088768005371
}