{
  "No direct optim ancestor": "None",
  "umap1": 0.2565607458109428,
  "umap2": 0.07788440978773281
}