{
  "umap1": 0.5713733567560769,
  "umap2": 0.2950877416710401
}