{
  "umap1": 13.507317543029785,
  "umap2": 5.744811058044434
}