{
  "umap1": 0.6615659566979479,
  "umap2": 0.3166531576990089
}