{
  "No direct optim ancestor": "None",
  "umap1": 0.7226940271309091,
  "umap2": 0.7450972268749754
}