{
  "umap1": 12.131612777709961,
  "umap2": 3.9050135612487793
}