{
  "umap1": 0.3440470225864638,
  "umap2": 0.15466642299696376
}