{
  "No direct optim ancestor": "None",
  "umap1": 0.29706011686653844,
  "umap2": 0.40762894667397076
}