{
  "No direct optim ancestor": "None",
  "umap1": 0.3355655992087354,
  "umap2": 0.43803293102928087
}