{
  "umap1": 0.040900364100741604,
  "umap2": 0.7463252802575214
}