{
  "No direct optim ancestor": "None",
  "umap1": 0.28929697233228824,
  "umap2": 0.4604745674202467
}