{
  "umap1": 0.2504483409223812,
  "umap2": 0.8096597373312786
}