{
  "No direct optim ancestor": "None",
  "umap1": 0.04567317637632662,
  "umap2": 0.3559402645782077
}