{
  "umap1": 13.84006404876709,
  "umap2": 2.4952306747436523
}