{
  "umap1": 0.8868458069578701,
  "umap2": 0.11466276736982917
}