{
  "umap1": 0.624068880722513,
  "umap2": 0.19183412853425574
}