{
  "No direct optim ancestor": "None",
  "umap1": 0.2126241824551719,
  "umap2": 0.3440058438463135
}