{
  "umap1": 12.992191314697266,
  "umap2": 7.2786102294921875
}