{
  "umap1": 0.6685687969527953,
  "umap2": 0.5343764014443311
}