{
  "umap1": 9.041175842285156,
  "umap2": 6.550138473510742
}