{
  "umap1": 3.0559442043304443,
  "umap2": 10.322057723999023
}