{
  "umap1": 0.30601372300442076,
  "umap2": 0.9221020050957128
}