{
  "umap1": 8.346467018127441,
  "umap2": 7.267415523529053
}