{
  "No direct optim ancestor": "None",
  "umap1": 0.9603686340112175,
  "umap2": 0.1472032801847294
}