{
  "umap1": 0.9311624645562303,
  "umap2": 0.9783842625371354
}