{
  "umap1": 0.7612784711853545,
  "umap2": 0.4180350923065249
}