{
  "No direct optim ancestor": "None",
  "umap1": 0.7569501280280573,
  "umap2": 0.9485835701116685
}