{
  "umap1": 0.7820300816517453,
  "umap2": 0.2498185249187479
}