{
  "No direct optim ancestor": "None",
  "umap1": 0.42451519124673043,
  "umap2": 0.5959648599590265
}