{
  "umap1": 13.810935020446777,
  "umap2": 6.881516456604004
}