{
  "No direct optim ancestor": "None",
  "umap1": 0.4813077526340631,
  "umap2": 0.31736565212121914
}