{
  "umap1": 0.9059228666935446,
  "umap2": 0.7934086443233611
}