{
  "umap1": 11.527427673339844,
  "umap2": 3.398866653442383
}