{
  "umap1": 0.14960848156520268,
  "umap2": 0.3951258520791706
}