{
  "No direct optim ancestor": "None",
  "umap1": 0.006974350553274888,
  "umap2": 0.9742272023202644
}