{
  "umap1": 12.814371109008789,
  "umap2": 7.17036247253418
}