{
  "umap1": 0.428673308955659,
  "umap2": 0.18697723965004676
}