{
  "No direct optim ancestor": "None",
  "umap1": 0.9781516806801127,
  "umap2": 0.5572468645732209
}