{
  "umap1": 13.762195587158203,
  "umap2": 4.811390399932861
}