{
  "umap1": 0.5475171089298497,
  "umap2": 0.0034418890278806735
}