{
  "No direct optim ancestor": "None",
  "umap1": 0.024585867277806428,
  "umap2": 0.8393132481128295
}