{
  "No direct optim ancestor": "None",
  "umap1": 0.9767507189325586,
  "umap2": 0.9023790217538221
}