{
  "umap1": 0.6744690016025315,
  "umap2": 0.20171252249820337
}