{
  "No direct optim ancestor": "None",
  "umap1": 0.6136599415465215,
  "umap2": 0.5895458615090294
}