{
  "umap1": 0.39810843340820146,
  "umap2": 0.08798366687970949
}