{
  "umap1": 3.412243604660034,
  "umap2": 10.382865905761719
}