{
  "umap1": 11.364520072937012,
  "umap2": 2.906411647796631
}