{
  "No direct optim ancestor": "None",
  "umap1": 0.8673143960701158,
  "umap2": 0.6299269579515336
}