{
  "umap1": 0.9449494800016491,
  "umap2": 0.46801321553034714
}