{
  "umap1": 13.212430000305176,
  "umap2": 6.406505584716797
}