{
  "No direct optim ancestor": "None",
  "umap1": 0.7808170408602654,
  "umap2": 0.6694436386778219
}