{
  "umap1": 0.5413558238156471,
  "umap2": 0.45937316259482064
}