{
  "umap1": 10.038575172424316,
  "umap2": 1.248814344406128
}