{
  "umap1": 0.22960429043892516,
  "umap2": 0.5930075738228483
}