{
  "umap1": 3.363884925842285,
  "umap2": 9.87322998046875
}