{
  "umap1": 11.654553413391113,
  "umap2": 2.6106081008911133
}