{
  "umap1": 10.269598960876465,
  "umap2": 5.712681770324707
}