{
  "umap1": 11.60672664642334,
  "umap2": 3.412489891052246
}