{
  "No direct optim ancestor": "None",
  "umap1": 0.41455205825644004,
  "umap2": 0.5781983489158891
}