{
  "umap1": 0.08258536800906346,
  "umap2": 0.7658488623577479
}