{
  "umap1": 13.659066200256348,
  "umap2": 1.9782507419586182
}