{
  "umap1": 0.10716647458592099,
  "umap2": 0.663142457747833
}