{
  "No direct optim ancestor": "None",
  "umap1": 0.12681586007882617,
  "umap2": 0.754783578199474
}