{
  "No direct optim ancestor": "None",
  "umap1": 0.03569976337117109,
  "umap2": 0.09176977252006757
}