{
  "umap1": 0.6910650321768006,
  "umap2": 0.23234583677716203
}