{
  "umap1": 0.6989404870765726,
  "umap2": 0.33971057802328386
}