{
  "umap1": 1.0394257307052612,
  "umap2": 9.665603637695312
}