{
  "umap1": 4.877488613128662,
  "umap2": 10.887633323669434
}