{
  "umap1": 10.01961898803711,
  "umap2": 6.196383953094482
}