{
  "umap1": 3.346071481704712,
  "umap2": 10.448394775390625
}