{
  "umap1": 0.9556527542262971,
  "umap2": 0.6729311939136616
}