{
  "umap1": 9.819524765014648,
  "umap2": 1.3462345600128174
}