{
  "umap1": 0.16678496656042263,
  "umap2": 0.06540275895933811
}