{
  "No direct optim ancestor": "None",
  "umap1": 0.3368709361628105,
  "umap2": 0.8075382635296716
}