{
  "umap1": 9.321025848388672,
  "umap2": 2.9418482780456543
}