{
  "umap1": 0.9848127958819276,
  "umap2": 0.38249492208560376
}