{
  "No direct optim ancestor": "None",
  "umap1": 0.4810046712289119,
  "umap2": 0.08151639635709751
}