{
  "umap1": 13.500265121459961,
  "umap2": 5.5409016609191895
}