{
  "No direct optim ancestor": "None",
  "umap1": 0.08084017001314059,
  "umap2": 0.04000314621494638
}