{
  "umap1": 0.6955498624470081,
  "umap2": 0.577614562341546
}