{
  "umap1": 13.880881309509277,
  "umap2": 1.8851544857025146
}