{
  "umap1": 0.7024314823220387,
  "umap2": 0.5845893384880182
}