{
  "No direct optim ancestor": "None",
  "umap1": 0.21989402019949023,
  "umap2": 0.34353716480199004
}