{
  "umap1": 13.694023132324219,
  "umap2": 6.491327285766602
}