{
  "umap1": 0.7805769486317277,
  "umap2": 0.49755202846339075
}