{
  "No direct optim ancestor": "None",
  "umap1": 0.35279654770476376,
  "umap2": 0.0982926722235713
}