{
  "umap1": 9.03291130065918,
  "umap2": 6.9713239669799805
}