{
  "umap1": 0.2840926159639108,
  "umap2": 0.545388415576687
}