{
  "No direct optim ancestor": "None",
  "umap1": 0.10028035086669185,
  "umap2": 0.970278854196174
}