{
  "umap1": 0.6808892679045779,
  "umap2": 0.8238295155292445
}