{
  "umap1": 0.8406028962624618,
  "umap2": 0.8228465470089054
}