{
  "No direct optim ancestor": "None",
  "umap1": 0.5396099445679092,
  "umap2": 0.0505171824599272
}