{
  "umap1": 0.6243226619930669,
  "umap2": 0.5310237319999053
}