{
  "No direct optim ancestor": "None",
  "umap1": 0.7245310902007094,
  "umap2": 0.9960722346439821
}