{
  "umap1": 9.531282424926758,
  "umap2": 1.3901782035827637
}