{
  "umap1": 0.7725260662316566,
  "umap2": 0.8767856726988578
}