{
  "umap1": 13.361457824707031,
  "umap2": 7.379894733428955
}