{
  "umap1": 0.7760966097515714,
  "umap2": 0.42820171447269495
}