{
  "No direct optim ancestor": "None",
  "umap1": 0.460337332018374,
  "umap2": 0.875604289078047
}