{
  "umap1": 0.9306867369447185,
  "umap2": 0.10014150906962205
}