{
  "umap1": 3.8480567932128906,
  "umap2": 9.821788787841797
}