{
  "No direct optim ancestor": "None",
  "umap1": 0.08860032812546736,
  "umap2": 0.8866401344624308
}