{
  "umap1": 0.05700676370968716,
  "umap2": 0.46455077477335627
}