{
  "No direct optim ancestor": "None",
  "umap1": 0.8754126876349378,
  "umap2": 0.1981959469672937
}