{
  "umap1": 0.06038782650508834,
  "umap2": 0.5332820546515135
}