{
  "umap1": 8.827112197875977,
  "umap2": 3.0164871215820312
}