{
  "No direct optim ancestor": "None",
  "umap1": 0.845750351738814,
  "umap2": 0.9495193486056297
}