{
  "umap1": 0.13691604992560613,
  "umap2": 0.07605502273697062
}