{
  "umap1": 0.7641786745345445,
  "umap2": 0.1852283091402056
}