{
  "No direct optim ancestor": "None",
  "umap1": 0.3056728831674195,
  "umap2": 0.6099480995637385
}