{
  "umap1": 11.574175834655762,
  "umap2": 2.3675200939178467
}