{
  "umap1": 0.07863974037483024,
  "umap2": 0.7541539852142634
}