{
  "No direct optim ancestor": "None",
  "umap1": 0.6041070860378223,
  "umap2": 0.843047309524815
}