{
  "umap1": 0.1605279819839538,
  "umap2": 0.5851338295615105
}