{
  "umap1": 3.089813470840454,
  "umap2": 10.5711088180542
}