{
  "umap1": 0.5092487174994269,
  "umap2": 0.016222368266112674
}