{
  "umap1": 11.683248519897461,
  "umap2": 2.5435166358947754
}