{
  "No direct optim ancestor": "None",
  "umap1": 0.7036930127199545,
  "umap2": 0.752258439155413
}