{
  "umap1": 0.41736844361052594,
  "umap2": 0.2914663234242023
}