{
  "No direct optim ancestor": "None",
  "umap1": 0.7915655973895015,
  "umap2": 0.6488850993887558
}