{
  "umap1": 14.295783042907715,
  "umap2": 3.519277811050415
}