{
  "No direct optim ancestor": "None",
  "umap1": 0.693083709531706,
  "umap2": 0.8812728271818903
}