{
  "umap1": 0.4732247944873824,
  "umap2": 0.704221146073098
}