{
  "umap1": 3.639561653137207,
  "umap2": 10.31263542175293
}