{
  "umap1": 0.6712014498991776,
  "umap2": 0.3373615293882727
}