{
  "No direct optim ancestor": "None",
  "umap1": 0.1689073145783554,
  "umap2": 0.9241411934728828
}