{
  "umap1": 0.6082246954651059,
  "umap2": 0.8268366567322751
}