{
  "umap1": 3.552903175354004,
  "umap2": 9.833337783813477
}