{
  "umap1": 0.2464759052569403,
  "umap2": 0.0031691521743607565
}