{
  "No direct optim ancestor": "None",
  "umap1": 0.4755758121661011,
  "umap2": 0.15208037222764492
}