{
  "umap1": 0.69618745900099,
  "umap2": 0.5117809627560811
}