{
  "umap1": 1.3029823303222656,
  "umap2": 9.991106986999512
}