{
  "umap1": 3.7482388019561768,
  "umap2": 9.811293601989746
}