{
  "No direct optim ancestor": "None",
  "umap1": 0.10384987975658921,
  "umap2": 0.2650218286016379
}