{
  "umap1": 0.8764247543247932,
  "umap2": 0.8210790541832013
}