{
  "umap1": 14.180871963500977,
  "umap2": 5.468622207641602
}