{
  "umap1": 13.362059593200684,
  "umap2": 6.32258939743042
}