{
  "umap1": 8.3673734664917,
  "umap2": 7.221219539642334
}