{
  "umap1": 0.9345435596184746,
  "umap2": 0.9074556088666591
}