{
  "umap1": 0.8170800070274824,
  "umap2": 0.5672225358409195
}