{
  "umap1": 9.523143768310547,
  "umap2": 5.962474822998047
}