{
  "No direct optim ancestor": "None",
  "umap1": 0.8565396840071141,
  "umap2": 0.4680382658220139
}