{
  "umap1": 10.340815544128418,
  "umap2": 5.967214107513428
}