{
  "umap1": 1.0976659059524536,
  "umap2": 9.619561195373535
}