{
  "umap1": 12.190603256225586,
  "umap2": 2.9014663696289062
}