{
  "umap1": 10.866602897644043,
  "umap2": 5.166303634643555
}