{
  "umap1": 0.2683373538424493,
  "umap2": 0.5911958215455726
}