{
  "umap1": 7.914863109588623,
  "umap2": 8.922500610351562
}