{
  "umap1": 10.02498722076416,
  "umap2": 5.7420549392700195
}