{
  "umap1": 0.8501281145804123,
  "umap2": 0.5950733620436138
}