{
  "No direct optim ancestor": "None",
  "umap1": 0.7018633263790509,
  "umap2": 0.3751062830527392
}