{
  "umap1": 0.6236497669283732,
  "umap2": 0.48599316603890785
}