{
  "No direct optim ancestor": "None",
  "umap1": 0.6453278882660571,
  "umap2": 0.5998048996856515
}