{
  "umap1": 0.8664109646920639,
  "umap2": 0.9032820089939942
}