{
  "umap1": 10.01921272277832,
  "umap2": 2.2645013332366943
}