{
  "No direct optim ancestor": "None",
  "umap1": 0.1200021984011086,
  "umap2": 0.5618730737093446
}