{
  "umap1": 12.168082237243652,
  "umap2": 2.6346466541290283
}