{
  "No direct optim ancestor": "None",
  "umap1": 0.00011573719893809287,
  "umap2": 0.735382668312423
}