{
  "umap1": 0.9687962547205121,
  "umap2": 0.7743726978154656
}