{
  "umap1": 0.05898707711513773,
  "umap2": 0.7517306890060008
}