{
  "umap1": 14.002931594848633,
  "umap2": 2.52146315574646
}