{
  "No direct optim ancestor": "None",
  "umap1": 0.022686479284417027,
  "umap2": 0.8540025888251522
}