{
  "umap1": 13.689221382141113,
  "umap2": 2.1327099800109863
}