{
  "umap1": 8.901641845703125,
  "umap2": 5.413990497589111
}