{
  "umap1": 11.436996459960938,
  "umap2": 1.6657874584197998
}