{
  "umap1": 13.678899765014648,
  "umap2": 2.133251428604126
}