{
  "Ancestor's direct optim goal": "an orange triangle",
  "umap1": 0.5665382759063549,
  "umap2": 0.9413579645751505
}