{
  "umap1": 8.057696342468262,
  "umap2": 8.87243366241455
}