{
  "umap1": 0.16162049046659221,
  "umap2": 0.8095154085301686
}