{
  "umap1": 13.59217357635498,
  "umap2": 4.64778470993042
}