{
  "umap1": 0.40236761210581207,
  "umap2": 0.764926262995091
}