{
  "umap1": 10.5768461227417,
  "umap2": 3.0319879055023193
}