{
  "No direct optim ancestor": "None",
  "umap1": 0.1800391592787587,
  "umap2": 0.5917409923346049
}