{
  "No direct optim ancestor": "None",
  "umap1": 0.5370175176664248,
  "umap2": 0.6764173593297966
}