{
  "umap1": 0.2668093943064729,
  "umap2": 0.7010015448785948
}