{
  "umap1": 11.810973167419434,
  "umap2": 2.8785274028778076
}