{
  "umap1": 0.5080605629361118,
  "umap2": 0.5958683781296582
}