{
  "No direct optim ancestor": "None",
  "umap1": 0.9648584509173542,
  "umap2": 0.24795275308285547
}