{
  "umap1": 14.02824878692627,
  "umap2": 2.1263206005096436
}