{
  "umap1": 0.25385435372215703,
  "umap2": 0.1171671367180408
}