{
  "umap1": 9.786234855651855,
  "umap2": 2.8512470722198486
}