{
  "No direct optim ancestor": "None",
  "umap1": 0.3304998058598323,
  "umap2": 0.22907363398125313
}