{
  "umap1": 10.661757469177246,
  "umap2": 3.033754587173462
}