{
  "No direct optim ancestor": "None",
  "umap1": 0.17459346301110723,
  "umap2": 0.9502778318703223
}