{
  "umap1": 0.2901754902286666,
  "umap2": 0.5256720271380484
}