{
  "umap1": 0.9116504582423723,
  "umap2": 0.46923225840164395
}