{
  "umap1": 9.842814445495605,
  "umap2": 1.7244502305984497
}