{
  "No direct optim ancestor": "None",
  "umap1": 0.8328825806576651,
  "umap2": 0.2705335313737889
}