{
  "umap1": 3.162943124771118,
  "umap2": 10.47935962677002
}