{
  "umap1": 13.801313400268555,
  "umap2": 3.7066051959991455
}