{
  "No direct optim ancestor": "None",
  "umap1": 0.13775490443778937,
  "umap2": 0.8441089179562612
}