{
  "umap1": 0.05692917724295998,
  "umap2": 0.5275072811675704
}