{
  "umap1": 12.403170585632324,
  "umap2": 4.012283802032471
}