{
  "umap1": 0.6620611755279269,
  "umap2": 0.26144768697358034
}