{
  "No direct optim ancestor": "None",
  "umap1": 0.22300552726669276,
  "umap2": 0.3535303796132797
}