{
  "umap1": 1.142554759979248,
  "umap2": 9.553674697875977
}