{
  "umap1": 0.7122772457136445,
  "umap2": 0.12233397556724135
}