{
  "No direct optim ancestor": "None",
  "umap1": 0.11587145661489362,
  "umap2": 0.3334795241251072
}