{
  "umap1": 12.693801879882812,
  "umap2": 2.7279250621795654
}