{
  "umap1": 0.4817273710352975,
  "umap2": 0.8794162376288019
}