{
  "umap1": 0.2559630310277953,
  "umap2": 0.7045448889288468
}