{
  "No direct optim ancestor": "None",
  "umap1": 0.8536207063765318,
  "umap2": 0.40205149987706545
}