{
  "umap1": 10.8871431350708,
  "umap2": 3.4591808319091797
}