{
  "No direct optim ancestor": "None",
  "umap1": 0.12116337936772992,
  "umap2": 0.5564247318690113
}