{
  "umap1": 0.6489627921535849,
  "umap2": 0.731665717815373
}