{
  "umap1": 0.5432699011009506,
  "umap2": 0.3045610435954972
}