{
  "No direct optim ancestor": "None",
  "umap1": 0.216397433956518,
  "umap2": 0.7247769220449705
}