{
  "No direct optim ancestor": "None",
  "umap1": 0.7406008740999394,
  "umap2": 0.249940988414332
}