{
  "umap1": 0.7370934936443713,
  "umap2": 0.28138693025889916
}