{
  "umap1": 13.206207275390625,
  "umap2": 6.7614946365356445
}