{
  "umap1": 12.892433166503906,
  "umap2": 5.346194744110107
}