{
  "umap1": 13.648252487182617,
  "umap2": 3.9354989528656006
}