{
  "umap1": 10.23046875,
  "umap2": 5.642721176147461
}