{
  "umap1": 14.103363037109375,
  "umap2": 5.749189853668213
}