{
  "umap1": 0.6650798865307286,
  "umap2": 0.028453129442969738
}