{
  "No direct optim ancestor": "None",
  "umap1": 0.04937589534945508,
  "umap2": 0.9647282972773313
}