{
  "umap1": 14.205526351928711,
  "umap2": 6.073753356933594
}