{
  "umap1": 0.9395733303860776,
  "umap2": 0.7607132571461223
}