{
  "No direct optim ancestor": "None",
  "umap1": 0.6470226010100504,
  "umap2": 0.33371393742807187
}