{
  "umap1": 0.3952884147060285,
  "umap2": 0.8523869565142183
}