{
  "No direct optim ancestor": "None",
  "umap1": 0.5421524051920438,
  "umap2": 0.32680385650293264
}