{
  "umap1": 13.821465492248535,
  "umap2": 6.020155429840088
}