{
  "No direct optim ancestor": "None",
  "umap1": 0.8239190565751495,
  "umap2": 0.10129237088264897
}