{
  "umap1": 0.9315075441155889,
  "umap2": 0.8447673334321849
}