{
  "umap1": 9.432479858398438,
  "umap2": 2.168139934539795
}