{
  "umap1": 0.12719363143613016,
  "umap2": 0.9402764305467985
}