{
  "umap1": 10.941997528076172,
  "umap2": 1.7359188795089722
}