{
  "No direct optim ancestor": "None",
  "umap1": 0.3931234676471943,
  "umap2": 0.7994296713138845
}