{
  "umap1": 12.70984172821045,
  "umap2": 3.8048925399780273
}