{
  "umap1": 0.31044005353943904,
  "umap2": 0.5635720154630174
}