{
  "No direct optim ancestor": "None",
  "umap1": 0.046998631165547256,
  "umap2": 0.015125951988661734
}