{
  "No direct optim ancestor": "None",
  "umap1": 0.17652891786336855,
  "umap2": 0.7890831569025701
}