{
  "umap1": 10.78320598602295,
  "umap2": 1.3532013893127441
}