{
  "umap1": 0.14375803518664287,
  "umap2": 0.3339496366081759
}