{
  "umap1": 0.9616376346675939,
  "umap2": 0.7045429258613274
}