{
  "umap1": 1.0156359672546387,
  "umap2": 9.62689208984375
}