{
  "umap1": 0.6322508933869899,
  "umap2": 0.12677846766360634
}