{
  "No direct optim ancestor": "None",
  "umap1": 0.060032351407986906,
  "umap2": 0.9024700197479174
}