{
  "umap1": 0.5313270651479709,
  "umap2": 0.6042425466008586
}