{
  "No direct optim ancestor": "None",
  "umap1": 0.2896184915079111,
  "umap2": 0.866902174515685
}