{
  "umap1": 13.25944995880127,
  "umap2": 4.795646667480469
}