{
  "umap1": 0.7514226017301558,
  "umap2": 0.674904885209978
}