{
  "umap1": 11.16908073425293,
  "umap2": 1.5541393756866455
}