{
  "No direct optim ancestor": "None",
  "umap1": 0.20477935370383504,
  "umap2": 0.047262912337974194
}