{
  "umap1": 13.720861434936523,
  "umap2": 6.786550521850586
}