{
  "umap1": 10.297529220581055,
  "umap2": 5.110172748565674
}