{
  "umap1": 0.6498230787736887,
  "umap2": 0.242275331864648
}