{
  "No direct optim ancestor": "None",
  "umap1": 0.9347640383127799,
  "umap2": 0.7270565154269886
}