{
  "umap1": 11.384751319885254,
  "umap2": 1.734765887260437
}