{
  "umap1": 0.7650699614021191,
  "umap2": 0.8412319635174628
}