{
  "No direct optim ancestor": "None",
  "umap1": 0.10536593900086078,
  "umap2": 0.6082107361791809
}