{
  "umap1": 8.52048110961914,
  "umap2": 4.914687156677246
}