{
  "umap1": 13.683146476745605,
  "umap2": 3.3868491649627686
}