{
  "No direct optim ancestor": "None",
  "umap1": 0.9885669006000743,
  "umap2": 0.09664921620746458
}