{
  "umap1": 0.14163302235877595,
  "umap2": 0.420902239976375
}