{
  "umap1": 0.955937748290996,
  "umap2": 0.29232642491556504
}