{
  "umap1": 13.406702995300293,
  "umap2": 3.604818344116211
}