{
  "umap1": 0.7810290887494797,
  "umap2": 0.07934987250457581
}