{
  "No direct optim ancestor": "None",
  "umap1": 0.4240111940121375,
  "umap2": 0.9429624452508975
}