{
  "umap1": 1.049505591392517,
  "umap2": 9.661474227905273
}