{
  "umap1": 0.1570342961861425,
  "umap2": 0.4023792187594567
}