{
  "umap1": 11.845584869384766,
  "umap2": 4.471357345581055
}