{
  "umap1": 0.6994537893464398,
  "umap2": 0.2192042000328034,
  "Direct optim goal": "a photo of a watermelon slice with red flesh, green rind, and blue seeds"
}