{
  "umap1": 8.020087242126465,
  "umap2": 8.903355598449707
}