{
  "umap1": 0.15989521510134264,
  "umap2": 0.019191064516314138
}