{
  "No direct optim ancestor": "None",
  "umap1": 0.44250576557788446,
  "umap2": 0.008168968466992554
}