{
  "umap1": 9.747817993164062,
  "umap2": 2.598747730255127
}