{
  "umap1": 0.22830139858033138,
  "umap2": 0.26831989588186445
}