{
  "umap1": 0.5711661957583076,
  "umap2": 0.298261577889097
}