{
  "umap1": 0.4940543884013031,
  "umap2": 0.495295186952441
}