{
  "umap1": 3.9017350673675537,
  "umap2": 9.817522048950195
}