{
  "umap1": 0.2671453921251097,
  "umap2": 0.9394313813858631
}