{
  "No direct optim ancestor": "None",
  "umap1": 0.42664315342775605,
  "umap2": 0.4012203981653072
}