{
  "umap1": 0.8253457491280258,
  "umap2": 0.693565932504232
}