{
  "umap1": 13.935117721557617,
  "umap2": 2.2806808948516846
}