{
  "umap1": 0.08963827134518165,
  "umap2": 0.11902023832894804
}