{
  "umap1": 0.8566736219638422,
  "umap2": 0.9380439060631134
}