{
  "No direct optim ancestor": "None",
  "umap1": 0.2978376959332608,
  "umap2": 0.5140645385998369
}