{
  "umap1": 10.044605255126953,
  "umap2": 1.7892082929611206
}