{
  "No direct optim ancestor": "None",
  "umap1": 0.444884390759569,
  "umap2": 0.12012807265162684
}