{
  "umap1": 0.531417804581488,
  "umap2": 0.8092594094459388
}