{
  "umap1": 2.8728179931640625,
  "umap2": 10.334538459777832
}