{
  "umap1": 0.6165695494677271,
  "umap2": 0.2868633888686991
}