{
  "umap1": 0.4441210659402268,
  "umap2": 0.6458987788151737
}