{
  "umap1": 11.228639602661133,
  "umap2": 1.4355627298355103
}