{
  "No direct optim ancestor": "None",
  "umap1": 0.7653621393491706,
  "umap2": 0.34666327694739696
}