{
  "umap1": 0.8896940770898534,
  "umap2": 0.18687212189512248
}