{
  "umap1": 12.898767471313477,
  "umap2": 7.335179805755615
}