{
  "umap1": 13.98298454284668,
  "umap2": 5.443863391876221
}