{
  "umap1": 0.4243090919853576,
  "umap2": 0.9566417945171833
}