{
  "umap1": 12.815780639648438,
  "umap2": 5.383306503295898
}