{
  "umap1": 0.15993328161458475,
  "umap2": 0.19736581781177231
}