{
  "umap1": 12.684663772583008,
  "umap2": 2.9996888637542725
}