{
  "umap1": 0.5155452316008425,
  "umap2": 0.8745788755862878
}