{
  "No direct optim ancestor": "None",
  "umap1": 0.25705045664842874,
  "umap2": 0.9509755100774072
}