{
  "umap1": 0.9468327060559693,
  "umap2": 0.7738117196800215
}