{
  "umap1": 0.4877008409271908,
  "umap2": 0.12652095783253103
}