{
  "umap1": 10.434978485107422,
  "umap2": 2.6742734909057617
}