{
  "No direct optim ancestor": "None",
  "umap1": 0.04088241249207525,
  "umap2": 0.21381628422588905
}