{
  "umap1": 10.078125953674316,
  "umap2": 1.1648643016815186
}