{
  "umap1": 3.0042927265167236,
  "umap2": 10.326014518737793
}