{
  "umap1": 0.5209091017502041,
  "umap2": 0.006790126013595299
}