{
  "umap1": 0.806621167277374,
  "umap2": 0.16542162590030085
}