{
  "umap1": 11.546418190002441,
  "umap2": 2.1677017211914062
}