{
  "umap1": 0.3149390998273296,
  "umap2": 0.25574271408961335
}