{
  "No direct optim ancestor": "None",
  "umap1": 0.9946719471366792,
  "umap2": 0.3864444897247935
}