{
  "No direct optim ancestor": "None",
  "umap1": 0.21916590929762947,
  "umap2": 0.8602679718874292
}