{
  "umap1": 0.18721466601768266,
  "umap2": 0.6395163536706522
}