{
  "umap1": 13.715399742126465,
  "umap2": 6.279832363128662
}