{
  "umap1": 13.585200309753418,
  "umap2": 4.357903480529785
}