{
  "umap1": 0.4516811788372984,
  "umap2": 0.5006692238433867
}