{
  "No direct optim ancestor": "None",
  "umap1": 0.8681227216906849,
  "umap2": 0.5904314837874713
}