{
  "umap1": 13.394914627075195,
  "umap2": 6.322702407836914
}