{
  "umap1": 11.31257152557373,
  "umap2": 2.577590227127075
}