{
  "umap1": 10.3543062210083,
  "umap2": 4.335995197296143
}