{
  "umap1": 11.43001651763916,
  "umap2": 1.8434147834777832
}