{
  "umap1": 13.818225860595703,
  "umap2": 6.235119819641113
}