{
  "umap1": 0.14105240706086053,
  "umap2": 0.6111860703522493
}