{
  "No direct optim ancestor": "None",
  "umap1": 0.4091102625447275,
  "umap2": 0.4824680810295474
}