{
  "No direct optim ancestor": "None",
  "umap1": 0.8711288971816192,
  "umap2": 0.2219727125168185
}