{
  "umap1": 0.28097871416562437,
  "umap2": 0.47716058660590077
}