{
  "umap1": 0.4600328997010563,
  "umap2": 0.27428434953670056
}