{
  "umap1": 9.786042213439941,
  "umap2": 2.9658989906311035
}