{
  "umap1": 0.46254984442594504,
  "umap2": 0.3888414418100269
}