{
  "No direct optim ancestor": "None",
  "umap1": 0.7833902864383323,
  "umap2": 0.6152758696394219
}