{
  "umap1": 0.914467693018542,
  "umap2": 0.802014465526444
}