{
  "No direct optim ancestor": "None",
  "umap1": 0.9558684942176557,
  "umap2": 0.8860618699702247
}