{
  "umap1": 3.9301860332489014,
  "umap2": 9.801090240478516
}