{
  "umap1": 0.3043948706095434,
  "umap2": 0.9354861730654402
}