{
  "No direct optim ancestor": "None",
  "umap1": 0.45148851712530114,
  "umap2": 0.6908109753161767
}