{
  "umap1": 0.2248841864016976,
  "umap2": 0.24063531434969032
}