{
  "umap1": 11.650666236877441,
  "umap2": 3.342007875442505
}