{
  "No direct optim ancestor": "None",
  "umap1": 0.25687295279725997,
  "umap2": 0.17977082982707793
}