{
  "No direct optim ancestor": "None",
  "umap1": 0.46992325843258576,
  "umap2": 0.9761403859306903
}