{
  "umap1": 0.0061122040396078825,
  "umap2": 0.3757599342738662
}