{
  "umap1": 8.826650619506836,
  "umap2": 3.179520606994629
}