{
  "umap1": 0.7660838516379154,
  "umap2": 0.8117150354648511
}