{
  "No direct optim ancestor": "None",
  "umap1": 0.24174357286038972,
  "umap2": 0.08938829641469648
}