{
  "No direct optim ancestor": "None",
  "umap1": 0.12772332689137555,
  "umap2": 0.9551835327340565
}