{
  "umap1": 0.7009239386768998,
  "umap2": 0.9683760413027277
}