{
  "umap1": 1.017094612121582,
  "umap2": 9.627828598022461
}