{
  "umap1": 0.3606974627487688,
  "umap2": 0.2571327675101158
}