{
  "umap1": 10.253746032714844,
  "umap2": 1.160478949546814
}