{
  "No direct optim ancestor": "None",
  "umap1": 0.08404471810242009,
  "umap2": 0.9530937666744075
}