{
  "umap1": 3.581364631652832,
  "umap2": 10.352828979492188
}