{
  "umap1": 0.7315582496778639,
  "umap2": 0.5345417473258521
}