{
  "No direct optim ancestor": "None",
  "umap1": 0.9980815136695308,
  "umap2": 0.5493409418723952
}