{
  "No direct optim ancestor": "None",
  "umap1": 0.53975936283255,
  "umap2": 0.9043983262451161
}