{
  "umap1": 10.961396217346191,
  "umap2": 1.6819484233856201
}