{
  "umap1": 0.5153240669818652,
  "umap2": 0.887847174295401
}