{
  "No direct optim ancestor": "None",
  "umap1": 0.6790283512204603,
  "umap2": 0.7969426860840485
}