{
  "umap1": 12.455513000488281,
  "umap2": 3.698709487915039
}