{
  "umap1": 0.28912577127194017,
  "umap2": 0.35817312439154336
}