{
  "umap1": 8.271883010864258,
  "umap2": 6.79727840423584
}