{
  "umap1": 0.03142900946696425,
  "umap2": 0.7155272774948811
}