{
  "umap1": 11.518622398376465,
  "umap2": 1.740536093711853
}