{
  "No direct optim ancestor": "None",
  "umap1": 0.6492912596287683,
  "umap2": 0.38539148575935456
}