{
  "umap1": 0.08222354193439263,
  "umap2": 0.6849885049884852
}