{
  "umap1": 13.663318634033203,
  "umap2": 2.1869089603424072
}