{
  "umap1": 4.866075038909912,
  "umap2": 10.854013442993164
}