{
  "umap1": 14.011874198913574,
  "umap2": 6.013162612915039
}