{
  "No direct optim ancestor": "None",
  "umap1": 0.9323404086214483,
  "umap2": 0.9089908671776831
}