{
  "umap1": 0.9697031879504214,
  "umap2": 0.00780375737190564
}