{
  "umap1": 0.6642720944841356,
  "umap2": 0.4847549209823041
}