{
  "umap1": 14.134626388549805,
  "umap2": 5.4033942222595215
}