{
  "No direct optim ancestor": "None",
  "umap1": 0.2411194281004576,
  "umap2": 0.9159376488806567
}