{
  "No direct optim ancestor": "None",
  "umap1": 0.7375828557370188,
  "umap2": 0.404171992720299
}