{
  "umap1": 13.669333457946777,
  "umap2": 5.205014705657959
}