{
  "umap1": 0.8924969725544054,
  "umap2": 0.44027928287984763
}