{
  "umap1": 12.15364933013916,
  "umap2": 3.587050199508667
}