{
  "umap1": 12.689581871032715,
  "umap2": 3.4813485145568848
}