{
  "No direct optim ancestor": "None",
  "umap1": 0.8446174974559062,
  "umap2": 0.023134859579310052
}