{
  "umap1": 0.937231927653078,
  "umap2": 0.3317438948980773
}