{
  "umap1": 0.27705416537953265,
  "umap2": 0.8680220005613521
}