{
  "No direct optim ancestor": "None",
  "umap1": 0.3642395855832574,
  "umap2": 0.6028921503989595
}