{
  "umap1": 12.792258262634277,
  "umap2": 7.437712669372559
}