{
  "umap1": 9.85442066192627,
  "umap2": 5.556437015533447
}