{
  "umap1": 0.7952845709059604,
  "umap2": 0.8505258304976785
}