{
  "umap1": 1.0743248462677002,
  "umap2": 9.609230995178223
}