{
  "umap1": 0.7794184050012108,
  "umap2": 0.975960703796954
}