{
  "umap1": 12.967339515686035,
  "umap2": 3.9653091430664062
}