{
  "umap1": 0.17273704782740706,
  "umap2": 0.4067642849530072
}