{
  "No direct optim ancestor": "None",
  "umap1": 0.4045484738017743,
  "umap2": 0.15338488260028404
}