{
  "umap1": 0.4240728230144962,
  "umap2": 0.7985106604262044
}