{
  "umap1": 0.1755253955531514,
  "umap2": 0.9475322040018045
}