{
  "umap1": 8.700112342834473,
  "umap2": 3.1863951683044434
}