{
  "umap1": 0.0149286552454585,
  "umap2": 0.6163596263587472
}