{
  "umap1": 2.913243532180786,
  "umap2": 10.637228012084961
}