{
  "umap1": 0.8881417376122023,
  "umap2": 0.6769477579282038
}