{
  "No direct optim ancestor": "None",
  "umap1": 0.914757307119325,
  "umap2": 0.4021649522179336
}