{
  "umap1": 12.529193878173828,
  "umap2": 2.0001232624053955
}