{
  "umap1": 8.511626243591309,
  "umap2": 4.592601776123047
}