{
  "umap1": 0.8073064336035544,
  "umap2": 0.4069463254583683
}