{
  "No direct optim ancestor": "None",
  "umap1": 0.5575970492475569,
  "umap2": 0.19350908694521685
}