{
  "umap1": 0.5642201365270423,
  "umap2": 0.7146116891348859
}