{
  "No direct optim ancestor": "None",
  "umap1": 0.09017838887765617,
  "umap2": 0.45786769852149056
}