{
  "umap1": 11.415949821472168,
  "umap2": 2.14656400680542
}