{
  "umap1": 0.5635932342259594,
  "umap2": 0.1016765806069363
}