{
  "No direct optim ancestor": "None",
  "umap1": 0.7443512460031733,
  "umap2": 0.6333999346195132
}