{
  "umap1": 13.861148834228516,
  "umap2": 6.211457252502441
}