{
  "umap1": 8.289387702941895,
  "umap2": 8.902570724487305
}