{
  "umap1": 10.627253532409668,
  "umap2": 3.095654249191284
}