{
  "umap1": 13.08507251739502,
  "umap2": 7.117000102996826
}