{
  "umap1": 11.246530532836914,
  "umap2": 2.1182820796966553
}