{
  "umap1": 0.9093327509065602,
  "umap2": 0.04615213911500715
}