{
  "umap1": 11.003134727478027,
  "umap2": 2.883735418319702
}