{
  "No direct optim ancestor": "None",
  "umap1": 0.6477460207720106,
  "umap2": 0.6599388296787688
}