{
  "umap1": 0.441623442488255,
  "umap2": 0.44585783903011456
}