{
  "No direct optim ancestor": "None",
  "umap1": 0.10051575522314027,
  "umap2": 0.41631510847279807
}