{
  "umap1": 0.7495795396610815,
  "umap2": 0.12324258078761696
}