{
  "umap1": 13.653143882751465,
  "umap2": 5.223751068115234
}