{
  "umap1": 0.3766998711991353,
  "umap2": 0.29591743714320795
}