{
  "No direct optim ancestor": "None",
  "umap1": 0.6593212383867518,
  "umap2": 0.35483186648050746
}