{
  "umap1": 0.9760192859047516,
  "umap2": 0.2484173529980992
}