{
  "umap1": 3.237175464630127,
  "umap2": 10.463706970214844
}