{
  "umap1": 9.601293563842773,
  "umap2": 1.888914942741394
}