{
  "umap1": 10.983619689941406,
  "umap2": 1.5537689924240112
}