{
  "umap1": 0.9039455908149143,
  "umap2": 0.3920071172602976
}