{
  "umap1": 9.130616188049316,
  "umap2": 6.935621738433838
}