{
  "No direct optim ancestor": "None",
  "umap1": 0.624298406965308,
  "umap2": 0.6599087842107896
}