{
  "umap1": 8.656783103942871,
  "umap2": 5.416274547576904
}