{
  "umap1": 0.25123026487104394,
  "umap2": 0.9281720352627173
}