{
  "umap1": 10.886533737182617,
  "umap2": 1.4721496105194092
}