{
  "No direct optim ancestor": "None",
  "umap1": 0.888344908573837,
  "umap2": 0.6118179513243225
}