{
  "umap1": 0.9160156399102486,
  "umap2": 0.8447289189928967
}