{
  "umap1": 11.82352066040039,
  "umap2": 2.394005537033081
}