{
  "umap1": 13.701062202453613,
  "umap2": 4.385926246643066
}