{
  "umap1": 9.99439811706543,
  "umap2": 5.580113410949707
}