{
  "umap1": 11.264426231384277,
  "umap2": 1.669859528541565
}