{
  "umap1": 0.04606521936744279,
  "umap2": 0.24756356442566751
}