{
  "No direct optim ancestor": "None",
  "umap1": 0.521080387413502,
  "umap2": 0.34822449655393317
}