{
  "umap1": 8.90308666229248,
  "umap2": 3.2744171619415283
}