{
  "umap1": 0.03830141758604422,
  "umap2": 0.3527787975119041,
  "Direct optim goal": "a photo of an octopus with red body, green spots, and blue tentacles"
}