{
  "Ancestor's direct optim goal": "a photo of a red dragonfly with translucent green wings",
  "umap1": 0.2961442641539832,
  "umap2": 0.6362367641840422
}