{
  "No direct optim ancestor": "None",
  "umap1": 0.32174023657115947,
  "umap2": 0.829747936364329
}