{
  "umap1": 0.22671247888973378,
  "umap2": 0.629995361271808
}