{
  "umap1": 12.620532989501953,
  "umap2": 6.59874153137207
}