{
  "umap1": 0.29284742053969715,
  "umap2": 0.32191039196181737
}