{
  "No direct optim ancestor": "None",
  "umap1": 0.29840462429770287,
  "umap2": 0.9306699439872614
}