{
  "umap1": 13.696141242980957,
  "umap2": 2.531691789627075
}