{
  "No direct optim ancestor": "None",
  "umap1": 0.33683182951412627,
  "umap2": 0.29779820000215584
}