{
  "umap1": 0.0395009739690545,
  "umap2": 0.8634632101154125
}