{
  "umap1": 13.945616722106934,
  "umap2": 3.9869110584259033
}