{
  "No direct optim ancestor": "None",
  "umap1": 0.2880241507368235,
  "umap2": 0.8588228316724843
}