{
  "umap1": 0.7955277526010153,
  "umap2": 0.9675455509759903
}