{
  "umap1": 11.183207511901855,
  "umap2": 1.928176760673523
}