{
  "umap1": 12.676126480102539,
  "umap2": 2.5665266513824463
}