{
  "No direct optim ancestor": "None",
  "umap1": 0.18330949401307772,
  "umap2": 0.04283245498499966
}