{
  "umap1": 0.4755900479797909,
  "umap2": 0.6399019976721244
}