{
  "umap1": 10.116453170776367,
  "umap2": 1.129414677619934
}