{
  "umap1": 0.9820464502782096,
  "umap2": 0.41979840595908247
}