{
  "No direct optim ancestor": "None",
  "umap1": 0.7093780051921407,
  "umap2": 0.37727576375558414
}