{
  "umap1": 0.25524258827997126,
  "umap2": 0.11108060878638648
}