{
  "umap1": 3.3889734745025635,
  "umap2": 10.446968078613281
}