{
  "umap1": 0.5438465583481956,
  "umap2": 0.8967559021109985
}