{
  "umap1": 13.876169204711914,
  "umap2": 5.620346546173096
}