{
  "No direct optim ancestor": "None",
  "umap1": 0.11097589318427814,
  "umap2": 0.40070590888927826
}