{
  "umap1": 0.6752316513216716,
  "umap2": 0.7107565706900741
}