{
  "umap1": 13.916681289672852,
  "umap2": 4.750691890716553
}