{
  "umap1": 10.648365020751953,
  "umap2": 1.9373281002044678
}