{
  "umap1": 0.22953952548066436,
  "umap2": 0.5955308972377529
}