{
  "No direct optim ancestor": "None",
  "umap1": 0.6036678078707103,
  "umap2": 0.13553029091605961
}