{
  "umap1": 0.13962104703187472,
  "umap2": 0.33453465602305155
}