{
  "umap1": 1.3194786310195923,
  "umap2": 9.997537612915039
}