{
  "No direct optim ancestor": "None",
  "umap1": 0.9642070184461337,
  "umap2": 0.9054765458462578
}