{
  "umap1": 0.6948997131386396,
  "umap2": 0.5708633309254487
}