{
  "umap1": 3.7929670810699463,
  "umap2": 9.840328216552734
}