{
  "No direct optim ancestor": "None",
  "umap1": 0.3365361536528366,
  "umap2": 0.2628182057494417
}