{
  "umap1": 0.7023423929316768,
  "umap2": 0.9017013684751484
}