{
  "umap1": 2.7446231842041016,
  "umap2": 10.68620777130127
}