{
  "umap1": 0.9565362996506755,
  "umap2": 0.4471631641566288
}