{
  "umap1": 5.02328634262085,
  "umap2": 10.7401123046875
}