{
  "umap1": 0.07674990323952335,
  "umap2": 0.13853796455805256
}