{
  "No direct optim ancestor": "None",
  "umap1": 0.249314143635867,
  "umap2": 0.33160452297111953
}