{
  "umap1": 12.889238357543945,
  "umap2": 3.29468035697937
}