{
  "umap1": 0.11561220667608318,
  "umap2": 0.0674818703324589
}