{
  "No direct optim ancestor": "None",
  "umap1": 0.4934493601036931,
  "umap2": 0.1128298039393909
}