{
  "umap1": 12.070257186889648,
  "umap2": 2.251096725463867
}