{
  "umap1": 0.7437355345022161,
  "umap2": 0.5001949861497827
}