{
  "No direct optim ancestor": "None",
  "umap1": 0.02735249810192686,
  "umap2": 0.8434807320634119
}