{
  "umap1": 0.6245822653253804,
  "umap2": 0.0799651709484086
}