{
  "No direct optim ancestor": "None",
  "umap1": 0.40142954409423726,
  "umap2": 0.2921192448672899
}