{
  "umap1": 0.32343829916796996,
  "umap2": 0.4210594332008267
}