{
  "umap1": 3.2136950492858887,
  "umap2": 10.45178508758545
}