{
  "umap1": 10.745384216308594,
  "umap2": 1.3936728239059448
}