{
  "umap1": 0.32604933815540005,
  "umap2": 0.6351136488326151
}