{
  "umap1": 0.2557645043361142,
  "umap2": 0.1359118641503464
}