{
  "No direct optim ancestor": "None",
  "umap1": 0.5015696382135393,
  "umap2": 0.5994017600062279
}