{
  "umap1": 0.037184545489856724,
  "umap2": 0.22839588800063604
}