{
  "umap1": 2.9791550636291504,
  "umap2": 10.48392391204834
}