{
  "umap1": 0.4809119830606474,
  "umap2": 0.8197935650809192
}