{
  "umap1": 12.52003288269043,
  "umap2": 3.7738137245178223
}