{
  "umap1": 12.303764343261719,
  "umap2": 2.323641538619995
}