{
  "umap1": 0.2537652641375835,
  "umap2": 0.6254920233124578
}