{
  "umap1": 14.107904434204102,
  "umap2": 5.207024574279785
}