{
  "umap1": 0.2851138546710309,
  "umap2": 0.15536668768824835
}