{
  "umap1": 0.9917455475323659,
  "umap2": 0.4026033740083911
}