{
  "No direct optim ancestor": "None",
  "umap1": 0.6436622089442249,
  "umap2": 0.6317422983787978
}