{
  "umap1": 12.679421424865723,
  "umap2": 2.737922191619873
}