{
  "umap1": 0.13445728281003533,
  "umap2": 0.6861834876483478
}