{
  "No direct optim ancestor": "None",
  "umap1": 0.527826929226471,
  "umap2": 0.40357633030338924
}