{
  "No direct optim ancestor": "None",
  "umap1": 0.7503011509846481,
  "umap2": 0.3339319363250107
}