{
  "umap1": 9.782951354980469,
  "umap2": 3.1707775592803955
}