{
  "umap1": 0.9049920199679146,
  "umap2": 0.9349788306412156
}