{
  "umap1": 10.087458610534668,
  "umap2": 2.10258412361145
}