{
  "umap1": 10.171205520629883,
  "umap2": 5.786443710327148
}