{
  "No direct optim ancestor": "None",
  "umap1": 0.43478391923675863,
  "umap2": 0.39203689821140963
}