{
  "umap1": 0.7237193350745394,
  "umap2": 0.4777882296014795
}