{
  "umap1": 11.475456237792969,
  "umap2": 1.5968221426010132
}