{
  "No direct optim ancestor": "None",
  "umap1": 0.2196050267147548,
  "umap2": 0.742480113522219
}