{
  "umap1": 0.03555429897012907,
  "umap2": 0.4069885547459777
}