{
  "umap1": 12.223114967346191,
  "umap2": 6.946816921234131
}