{
  "umap1": 0.517702244965586,
  "umap2": 0.07505918556624669
}