{
  "umap1": 10.91427993774414,
  "umap2": 1.3505843877792358
}