{
  "umap1": 8.890172004699707,
  "umap2": 6.4442949295043945
}