{
  "umap1": 12.477519989013672,
  "umap2": 2.616891622543335
}