{
  "umap1": 0.5340738711587046,
  "umap2": 0.5105475404236638
}