{
  "No direct optim ancestor": "None",
  "umap1": 0.01389448523672121,
  "umap2": 0.9983259542649894
}