{
  "umap1": 12.578089714050293,
  "umap2": 2.4944422245025635
}