{
  "umap1": 0.429280398697824,
  "umap2": 0.5471397415925192
}