{
  "No direct optim ancestor": "None",
  "umap1": 0.7656466151311598,
  "umap2": 0.1022262614239231
}