{
  "umap1": 0.28671672526374903,
  "umap2": 0.35742533038028823
}