{
  "No direct optim ancestor": "None",
  "umap1": 0.16550747452427916,
  "umap2": 0.12555060656381256
}