{
  "umap1": 13.111430168151855,
  "umap2": 4.452101230621338
}