{
  "umap1": 0.1050605701223658,
  "umap2": 0.7517253049089946
}