{
  "No direct optim ancestor": "None",
  "umap1": 0.1853087895986507,
  "umap2": 0.07114870477785129
}