{
  "No direct optim ancestor": "None",
  "umap1": 0.054496148337193184,
  "umap2": 0.004212089654457518
}