{
  "umap1": 0.34350390794105123,
  "umap2": 0.7288116727533414
}