{
  "No direct optim ancestor": "None",
  "umap1": 0.11364697320235362,
  "umap2": 0.9553497678075638
}