{
  "umap1": 0.6530673990820828,
  "umap2": 0.569823138522998
}