{
  "umap1": 12.862710952758789,
  "umap2": 7.040982723236084
}