{
  "umap1": 12.197664260864258,
  "umap2": 2.7978711128234863
}