{
  "umap1": 0.8870148814576294,
  "umap2": 0.10106178421297984
}