{
  "umap1": 0.35410772631682663,
  "umap2": 0.17889605648550366
}