{
  "No direct optim ancestor": "None",
  "umap1": 0.35180700243203034,
  "umap2": 0.8161686500142569
}