{
  "umap1": 0.5627276836174959,
  "umap2": 0.6408973460013468
}