{
  "umap1": 0.9256578363019867,
  "umap2": 0.2364260945547494
}