{
  "umap1": 13.253695487976074,
  "umap2": 7.083763122558594
}