{
  "No direct optim ancestor": "None",
  "umap1": 0.6321400924138294,
  "umap2": 0.8361298269104542
}