{
  "umap1": 0.240971561240786,
  "umap2": 0.9599228719766449
}