{
  "No direct optim ancestor": "None",
  "umap1": 0.200095424618296,
  "umap2": 0.7944228371514132
}