{
  "umap1": 13.824045181274414,
  "umap2": 2.3463075160980225
}