{
  "umap1": 0.056651557013687515,
  "umap2": 0.11266958109746328
}