{
  "umap1": 0.3357935164565993,
  "umap2": 0.36131502118786807
}