{
  "No direct optim ancestor": "None",
  "umap1": 0.2622462528133991,
  "umap2": 0.8894996393562391
}