{
  "umap1": 0.4515640887327971,
  "umap2": 0.6525947124529687
}