{
  "umap1": 11.746172904968262,
  "umap2": 3.4134278297424316
}