{
  "No direct optim ancestor": "None",
  "umap1": 0.7009978434238909,
  "umap2": 0.8884838054270632
}