{
  "umap1": 0.7414256790312632,
  "umap2": 0.23495802519727582
}