{
  "umap1": 12.448766708374023,
  "umap2": 7.054274082183838
}