{
  "umap1": 14.195039749145508,
  "umap2": 5.30281400680542
}