{
  "umap1": 10.534916877746582,
  "umap2": 1.411886215209961
}