{
  "umap1": 10.644674301147461,
  "umap2": 2.39780855178833
}