{
  "No direct optim ancestor": "None",
  "umap1": 0.31323899230213703,
  "umap2": 0.941145861139849
}