{
  "umap1": 14.243395805358887,
  "umap2": 5.738476276397705
}