{
  "umap1": 0.7099512675112599,
  "umap2": 0.9222058710161489
}