{
  "umap1": 0.9599958359260278,
  "umap2": 0.7195566393426369
}