{
  "No direct optim ancestor": "None",
  "umap1": 0.6942283010955766,
  "umap2": 0.0966249303489124
}