{
  "umap1": 0.966323543967386,
  "umap2": 0.9485400336897434
}