{
  "No direct optim ancestor": "None",
  "umap1": 0.09806642578872993,
  "umap2": 0.19627579010708995
}