{
  "umap1": 13.464568138122559,
  "umap2": 4.159177780151367
}