{
  "umap1": 12.779134750366211,
  "umap2": 3.4071285724639893
}