{
  "umap1": 0.04042396034218243,
  "umap2": 0.9675455895393263
}