{
  "No direct optim ancestor": "None",
  "umap1": 0.8336009082141816,
  "umap2": 0.3488009695938056
}