{
  "umap1": 0.6655296767630603,
  "umap2": 0.14831735711121485
}