{
  "umap1": 0.8992088423699554,
  "umap2": 0.30238912582103006
}