{
  "umap1": 3.248706817626953,
  "umap2": 10.479969024658203
}