{
  "No direct optim ancestor": "None",
  "umap1": 0.7144373476177014,
  "umap2": 0.16103271491762383
}