{
  "umap1": 0.6066984392345002,
  "umap2": 0.5944552780813583
}