{
  "umap1": 12.285815238952637,
  "umap2": 3.4919891357421875
}