{
  "umap1": 0.8426035272147014,
  "umap2": 0.5834559794755071
}