{
  "No direct optim ancestor": "None",
  "umap1": 0.64312421787824,
  "umap2": 0.3919805499910478
}