{
  "umap1": 13.482473373413086,
  "umap2": 1.8360315561294556
}