{
  "umap1": 10.060500144958496,
  "umap2": 1.2145967483520508
}