{
  "umap1": 7.276954174041748,
  "umap2": 6.0363922119140625
}