{
  "umap1": 0.10724506112338772,
  "umap2": 0.04999485034415163
}