{
  "No direct optim ancestor": "None",
  "umap1": 0.8181570297302062,
  "umap2": 0.8145757949902923
}