{
  "umap1": 5.015100479125977,
  "umap2": 10.744651794433594
}