{
  "umap1": 13.638435363769531,
  "umap2": 3.3977553844451904
}