{
  "umap1": 12.980091094970703,
  "umap2": 3.6758012771606445
}