{
  "umap1": 13.098977088928223,
  "umap2": 3.7892608642578125
}