{
  "umap1": 0.768445533476808,
  "umap2": 0.8709694988746703
}