{
  "No direct optim ancestor": "None",
  "umap1": 0.4794955224769062,
  "umap2": 0.17538756908789066
}