{
  "No direct optim ancestor": "None",
  "umap1": 0.9346673316596253,
  "umap2": 0.8250091743497597
}