{
  "umap1": 10.33447551727295,
  "umap2": 3.4918901920318604
}