{
  "umap1": 0.8690205276654996,
  "umap2": 0.13297394782901029
}