{
  "umap1": 0.20320845342707516,
  "umap2": 0.5893925685772834
}