{
  "umap1": 2.888967514038086,
  "umap2": 10.499874114990234
}