{
  "umap1": 0.44866998984599393,
  "umap2": 0.6660869048828186
}