{
  "umap1": 12.340302467346191,
  "umap2": 7.6471476554870605
}