{
  "No direct optim ancestor": "None",
  "umap1": 0.15855552320539867,
  "umap2": 0.11962641437058641
}