{
  "No direct optim ancestor": "None",
  "umap1": 0.6613993941386469,
  "umap2": 0.2601384762128153
}