{
  "umap1": 0.7769980209244352,
  "umap2": 0.22163143118081707
}