{
  "No direct optim ancestor": "None",
  "umap1": 0.8413352049719603,
  "umap2": 0.9723751862998876
}