{
  "umap1": 0.7605207143465722,
  "umap2": 0.18743475000269094
}