{
  "umap1": 11.007516860961914,
  "umap2": 4.92121696472168
}