{
  "No direct optim ancestor": "None",
  "umap1": 0.41076362730570604,
  "umap2": 0.3782345840921759
}