{
  "umap1": 0.09307852787366366,
  "umap2": 0.50827754719404
}