{
  "umap1": 14.149861335754395,
  "umap2": 5.232036113739014
}