{
  "umap1": 12.428043365478516,
  "umap2": 2.547165632247925
}