{
  "umap1": 10.858857154846191,
  "umap2": 1.3467501401901245
}