{
  "No direct optim ancestor": "None",
  "umap1": 0.33426778510916677,
  "umap2": 0.20399917312258986
}