{
  "umap1": 0.8616436741262017,
  "umap2": 0.05766930883333998
}