{
  "umap1": 0.5550229284924263,
  "umap2": 0.6738473550024066
}