{
  "No direct optim ancestor": "None",
  "umap1": 0.703306916869117,
  "umap2": 0.2832610261033446
}