{
  "umap1": 12.956472396850586,
  "umap2": 2.544832229614258
}