{
  "umap1": 10.0208740234375,
  "umap2": 6.175971984863281
}