{
  "umap1": 14.335028648376465,
  "umap2": 3.390139102935791
}