{
  "umap1": 11.95947551727295,
  "umap2": 2.602743148803711
}