{
  "umap1": 0.05614698946431884,
  "umap2": 0.05710961040519924
}