{
  "No direct optim ancestor": "None",
  "umap1": 0.3418100844673415,
  "umap2": 0.0358003944757288
}