{
  "umap1": 0.601848753995445,
  "umap2": 0.5123221154271747
}