{
  "umap1": 11.383543014526367,
  "umap2": 3.777367115020752
}