{
  "No direct optim ancestor": "None",
  "umap1": 0.7273781863218829,
  "umap2": 0.9053768629310003
}