{
  "umap1": 4.8949294090271,
  "umap2": 10.865741729736328
}