{
  "umap1": 0.41414465216952756,
  "umap2": 0.8039219648118844
}