{
  "umap1": 11.358027458190918,
  "umap2": 1.5266896486282349
}