{
  "No direct optim ancestor": "None",
  "umap1": 0.21750284991570223,
  "umap2": 0.15863904876596369
}