{
  "umap1": 13.067922592163086,
  "umap2": 2.536956787109375
}