{
  "umap1": 0.023824346368853777,
  "umap2": 0.005005218411824663
}