{
  "umap1": 0.9095806794425754,
  "umap2": 0.1892840950826663
}