{
  "umap1": 11.394122123718262,
  "umap2": 3.6526715755462646
}