{
  "umap1": 0.7877480031644414,
  "umap2": 0.30834762602585364
}