{
  "umap1": 13.155620574951172,
  "umap2": 2.37587308883667
}