{
  "No direct optim ancestor": "None",
  "umap1": 0.3933996858364236,
  "umap2": 0.19527397502953725
}