{
  "umap1": 13.385457992553711,
  "umap2": 1.858443260192871
}