{
  "umap1": 0.6215870185712685,
  "umap2": 0.6871763121879468
}