{
  "umap1": 9.938546180725098,
  "umap2": 6.869455337524414
}