{
  "umap1": 2.8595614433288574,
  "umap2": 10.524988174438477
}