{
  "umap1": 3.3731019496917725,
  "umap2": 10.281618118286133
}