{
  "umap1": 0.7671612190722656,
  "umap2": 0.5298572346468362
}