{
  "No direct optim ancestor": "None",
  "umap1": 0.6095392829636322,
  "umap2": 0.5319486653891333
}