{
  "umap1": 8.655020713806152,
  "umap2": 5.265347957611084
}