{
  "umap1": 0.5767343491070579,
  "umap2": 0.44161434213349204
}