{
  "umap1": 0.979878117810332,
  "umap2": 0.13018680267321503
}