{
  "umap1": 4.9474711418151855,
  "umap2": 10.813370704650879
}