{
  "umap1": 0.37276667528144447,
  "umap2": 0.737954610759029
}