{
  "No direct optim ancestor": "None",
  "umap1": 0.2816988017823475,
  "umap2": 0.7914776702947531
}