{
  "umap1": 10.066557884216309,
  "umap2": 2.6392228603363037
}