{
  "No direct optim ancestor": "None",
  "umap1": 0.5838942878029217,
  "umap2": 0.6492188217872262
}