{
  "umap1": 10.973502159118652,
  "umap2": 2.811253786087036
}