{
  "umap1": 0.6712747097722289,
  "umap2": 0.2553678830391579
}