{
  "umap1": 11.400581359863281,
  "umap2": 3.086351156234741
}