{
  "No direct optim ancestor": "None",
  "umap1": 0.48234503341355417,
  "umap2": 0.47955644410516896
}