{
  "umap1": 0.22249014313801185,
  "umap2": 0.8896091402623881
}