{
  "umap1": 10.097845077514648,
  "umap2": 2.1988160610198975
}