{
  "No direct optim ancestor": "None",
  "umap1": 0.16645030187732568,
  "umap2": 0.5637545746013357
}