{
  "umap1": 0.32215564534366203,
  "umap2": 0.8499271393927246
}