{
  "No direct optim ancestor": "None",
  "umap1": 0.5729209209423131,
  "umap2": 0.5685128027454899
}