{
  "umap1": 13.74350357055664,
  "umap2": 3.511720895767212
}