{
  "umap1": 0.5700005470588424,
  "umap2": 0.7342540903418964
}