{
  "umap1": 0.29559075227882703,
  "umap2": 0.49552406324571874
}