{
  "umap1": 1.1924879550933838,
  "umap2": 9.892664909362793
}