{
  "umap1": 12.457263946533203,
  "umap2": 6.859388828277588
}