{
  "umap1": 0.6599340048396749,
  "umap2": 0.7617373394249698
}