{
  "No direct optim ancestor": "None",
  "umap1": 0.7929226633106886,
  "umap2": 0.3133965298377669
}