{
  "umap1": 0.7933945030786445,
  "umap2": 0.7935436107082459
}