{
  "No direct optim ancestor": "None",
  "umap1": 0.02475438629210458,
  "umap2": 0.13673585033085234
}