{
  "umap1": 0.19088153467790936,
  "umap2": 0.05013350869373279
}