{
  "umap1": 0.6885898367751615,
  "umap2": 0.04244770809383258
}