{
  "umap1": 8.611233711242676,
  "umap2": 3.1496083736419678
}