{
  "umap1": 13.813294410705566,
  "umap2": 2.7589118480682373
}