{
  "umap1": 0.5228858183146018,
  "umap2": 0.6165387004668766
}