{
  "umap1": 0.3356948840471651,
  "umap2": 0.102083426219719
}