{
  "No direct optim ancestor": "None",
  "umap1": 0.06863242621346433,
  "umap2": 0.9591445742172967
}