{
  "umap1": 11.226478576660156,
  "umap2": 4.0565876960754395
}