{
  "umap1": 12.4732027053833,
  "umap2": 3.242997407913208
}