{
  "umap1": 0.022615112010939242,
  "umap2": 0.36611397933802414
}