{
  "umap1": 12.534865379333496,
  "umap2": 1.6982557773590088
}