{
  "No direct optim ancestor": "None",
  "umap1": 0.4724415929933079,
  "umap2": 0.27960523121439784
}