{
  "No direct optim ancestor": "None",
  "umap1": 0.4974125731376189,
  "umap2": 0.3775683451344989
}