{
  "umap1": 0.409458385821711,
  "umap2": 0.9555960329538978
}