{
  "umap1": 10.889500617980957,
  "umap2": 2.2121529579162598
}