{
  "umap1": 10.790910720825195,
  "umap2": 1.1551129817962646
}