{
  "No direct optim ancestor": "None",
  "umap1": 0.11772883985039828,
  "umap2": 0.5892645099609002
}