{
  "umap1": 0.23493621906680506,
  "umap2": 0.29822703746232493
}