{
  "umap1": 13.806446075439453,
  "umap2": 1.8462507724761963
}