{
  "No direct optim ancestor": "None",
  "umap1": 0.415318949448201,
  "umap2": 0.5002809169970728
}