{
  "umap1": 0.22135541634953737,
  "umap2": 0.13391614423147258
}