{
  "umap1": 0.0686186328155749,
  "umap2": 0.5247376987611925
}