{
  "umap1": 3.618722915649414,
  "umap2": 10.393730163574219
}