{
  "umap1": 12.649154663085938,
  "umap2": 7.6728620529174805
}