{
  "umap1": 4.959450721740723,
  "umap2": 10.791345596313477
}