{
  "umap1": 13.97469425201416,
  "umap2": 5.298042297363281
}