{
  "umap1": 9.458950996398926,
  "umap2": 4.437639236450195
}