{
  "No direct optim ancestor": "None",
  "umap1": 0.16877787555983548,
  "umap2": 0.7051452037694268
}