{
  "umap1": 0.8093309813616706,
  "umap2": 0.07444971446069648
}