{
  "umap1": 13.687566757202148,
  "umap2": 3.9228787422180176
}