{
  "umap1": 10.786290168762207,
  "umap2": 2.2965381145477295
}