{
  "umap1": 12.34069538116455,
  "umap2": 2.665757656097412
}