{
  "umap1": 14.309203147888184,
  "umap2": 5.1586012840271
}