{
  "umap1": 12.656976699829102,
  "umap2": 2.5009727478027344
}