{
  "No direct optim ancestor": "None",
  "umap1": 0.8530235482366142,
  "umap2": 0.861122155066106
}