{
  "umap1": 0.4179533777673907,
  "umap2": 0.8143398109367589
}