{
  "umap1": 0.5374387533288565,
  "umap2": 0.41221277711421545
}