{
  "umap1": 13.23817253112793,
  "umap2": 6.976398944854736
}