{
  "No direct optim ancestor": "None",
  "umap1": 0.9574693764683029,
  "umap2": 0.2957528676707114
}