{
  "No direct optim ancestor": "None",
  "umap1": 0.17741650655133834,
  "umap2": 0.7974473345834683
}