{
  "umap1": 0.3502354913803214,
  "umap2": 0.754771362432403
}