{
  "umap1": 9.631966590881348,
  "umap2": 6.474212646484375
}