{
  "umap1": 0.01659671427769982,
  "umap2": 0.025248007793833738
}