{
  "umap1": 0.8145381412694379,
  "umap2": 0.8001507161611785
}