{
  "umap1": 9.570137023925781,
  "umap2": 5.797435283660889
}