{
  "No direct optim ancestor": "None",
  "umap1": 0.723900406999787,
  "umap2": 0.06782298189959723
}