{
  "umap1": 9.624788284301758,
  "umap2": 5.8707661628723145
}