{
  "No direct optim ancestor": "None",
  "umap1": 0.8849795143093784,
  "umap2": 0.8769808249126188
}