{
  "umap1": 0.042454306363073235,
  "umap2": 0.5782101386481978
}