{
  "No direct optim ancestor": "None",
  "umap1": 0.7270159436745309,
  "umap2": 0.38238908506090863
}