{
  "umap1": 0.7520446735515502,
  "umap2": 0.6298379243863923
}