{
  "umap1": 11.037110328674316,
  "umap2": 1.5065642595291138
}