{
  "No direct optim ancestor": "None",
  "umap1": 0.5228652989336942,
  "umap2": 0.7739823838336681
}