{
  "umap1": 0.5595966297354623,
  "umap2": 0.8558307400088363
}