{
  "umap1": 0.3588995420025122,
  "umap2": 0.709745332012245
}