{
  "umap1": 0.45206012854341393,
  "umap2": 0.06042880123777772
}