{
  "umap1": 13.892401695251465,
  "umap2": 3.5226776599884033
}