{
  "No direct optim ancestor": "None",
  "umap1": 0.820419731929398,
  "umap2": 0.3948776102092003
}