{
  "umap1": 12.669136047363281,
  "umap2": 7.606225967407227
}