{
  "umap1": 0.3110834886792565,
  "umap2": 0.40014943677222536
}