{
  "No direct optim ancestor": "None",
  "umap1": 0.4196801320077943,
  "umap2": 0.6717829764782015
}