{
  "umap1": 8.66385269165039,
  "umap2": 5.222094535827637
}