{
  "umap1": 12.192564010620117,
  "umap2": 2.5027663707733154
}