{
  "No direct optim ancestor": "None",
  "umap1": 0.979495628589607,
  "umap2": 0.5492565122635062
}