{
  "umap1": 0.5195281090220175,
  "umap2": 0.6917390095633025
}