{
  "umap1": 12.6474027633667,
  "umap2": 2.5695183277130127
}