{
  "No direct optim ancestor": "None",
  "umap1": 0.414240601994579,
  "umap2": 0.9125445227495133
}