{
  "umap1": 0.22617834973257445,
  "umap2": 0.3304607635667631
}