{
  "No direct optim ancestor": "None",
  "umap1": 0.9847073433182432,
  "umap2": 0.4667106519182377
}