{
  "umap1": 0.8026902676047667,
  "umap2": 0.7022142071969403
}