{
  "umap1": 8.612631797790527,
  "umap2": 5.40856409072876
}