{
  "umap1": 4.999272346496582,
  "umap2": 10.756053924560547
}