{
  "umap1": 0.18883160815750843,
  "umap2": 0.16926861824241202
}