{
  "umap1": 0.1735369791334891,
  "umap2": 0.525153207736549
}