{
  "No direct optim ancestor": "None",
  "umap1": 0.7449169719631662,
  "umap2": 0.4091552883447078
}