{
  "umap1": 0.23228035981881545,
  "umap2": 0.7774720013498106
}