{
  "umap1": 13.710700988769531,
  "umap2": 4.018110275268555
}