{
  "umap1": 12.991623878479004,
  "umap2": 6.507421016693115
}