{
  "umap1": 3.4941232204437256,
  "umap2": 9.996734619140625
}