{
  "umap1": 0.9223298541115664,
  "umap2": 0.3141754823755706
}