{
  "umap1": 12.360652923583984,
  "umap2": 3.0079007148742676
}