{
  "No direct optim ancestor": "None",
  "umap1": 0.8930086425765439,
  "umap2": 0.9462741811344458
}