{
  "umap1": 0.4628428194241361,
  "umap2": 0.9654803615602895
}