{
  "No direct optim ancestor": "None",
  "umap1": 0.8031891078536683,
  "umap2": 0.40500945891451934
}