{
  "umap1": 0.25751180121964534,
  "umap2": 0.8047254672772133
}