{
  "umap1": 9.689992904663086,
  "umap2": 2.8978710174560547
}