{
  "umap1": 14.41563892364502,
  "umap2": 5.792752265930176
}