{
  "umap1": 12.013629913330078,
  "umap2": 2.592738151550293
}