{
  "No direct optim ancestor": "None",
  "umap1": 0.1676876695351488,
  "umap2": 0.7843133334028338
}