{
  "umap1": 0.10862778619828206,
  "umap2": 0.08978803244278144
}