{
  "umap1": 0.1257675388993874,
  "umap2": 0.7717590896238612
}