{
  "No direct optim ancestor": "None",
  "umap1": 0.8176010198616236,
  "umap2": 0.8826561660843826
}