{
  "umap1": 12.42979907989502,
  "umap2": 1.832634449005127
}