{
  "umap1": 11.401522636413574,
  "umap2": 6.057928562164307
}