{
  "No direct optim ancestor": "None",
  "umap1": 0.8047818307492713,
  "umap2": 0.9566185013995209
}