{
  "umap1": 0.677088690930645,
  "umap2": 0.4957149647603005
}