{
  "umap1": 0.5023254366774333,
  "umap2": 0.6304010190261088
}