{
  "No direct optim ancestor": "None",
  "umap1": 0.3510070100003847,
  "umap2": 0.5783724525544344
}