{
  "umap1": 8.714194297790527,
  "umap2": 5.197463512420654
}