{
  "umap1": 11.800822257995605,
  "umap2": 1.534806728363037
}