{
  "umap1": 0.11205987247746019,
  "umap2": 0.7127041985898878
}