{
  "umap1": 12.874841690063477,
  "umap2": 5.0667405128479
}