{
  "No direct optim ancestor": "None",
  "umap1": 0.7483279595498207,
  "umap2": 0.8933761143138328
}