{
  "No direct optim ancestor": "None",
  "umap1": 0.5650499403342526,
  "umap2": 0.6697423917534646
}