{
  "umap1": 0.5484595725501045,
  "umap2": 0.8928061602022366
}