{
  "umap1": 12.550873756408691,
  "umap2": 3.2694382667541504
}