{
  "umap1": 13.75933837890625,
  "umap2": 5.507097244262695
}