{
  "umap1": 0.7114926788370447,
  "umap2": 0.005719795743952427
}