{
  "No direct optim ancestor": "None",
  "umap1": 0.6539071442551724,
  "umap2": 0.2704326786618666
}