{
  "umap1": 8.741554260253906,
  "umap2": 9.304353713989258
}