{
  "umap1": 13.908624649047852,
  "umap2": 4.423549175262451
}