{
  "No direct optim ancestor": "None",
  "umap1": 0.12442882750207362,
  "umap2": 0.7138717068762336
}