{
  "umap1": 0.3455165157536252,
  "umap2": 0.7686894137954231
}