{
  "umap1": 13.671412467956543,
  "umap2": 2.2933881282806396
}