{
  "umap1": 2.7064127922058105,
  "umap2": 10.673504829406738
}