{
  "umap1": 0.7415779602193526,
  "umap2": 0.3586832626484521
}