{
  "No direct optim ancestor": "None",
  "umap1": 0.4728784621751607,
  "umap2": 0.1640649395324183
}