{
  "umap1": 0.4077890627823647,
  "umap2": 0.6529254669148629
}