{
  "umap1": 11.349686622619629,
  "umap2": 2.9556586742401123
}