{
  "No direct optim ancestor": "None",
  "umap1": 0.3603995625079961,
  "umap2": 0.04801740844569258
}