{
  "umap1": 11.73238754272461,
  "umap2": 4.205745220184326
}