{
  "umap1": 0.22667079411985402,
  "umap2": 0.7962259932344881
}