{
  "No direct optim ancestor": "None",
  "umap1": 0.5320111370234778,
  "umap2": 0.5642770680914655
}