{
  "umap1": 0.9093834557050651,
  "umap2": 0.7721041971911228
}