{
  "umap1": 12.911795616149902,
  "umap2": 5.170666217803955
}