{
  "No direct optim ancestor": "None",
  "umap1": 0.09904011444528171,
  "umap2": 0.041934752382569496
}