{
  "No direct optim ancestor": "None",
  "umap1": 0.19801315464215363,
  "umap2": 0.9036616445990954
}