{
  "umap1": 0.36214528685018554,
  "umap2": 0.1847627722089743
}