{
  "umap1": 9.759138107299805,
  "umap2": 6.055327892303467
}