{
  "No direct optim ancestor": "None",
  "umap1": 0.1742760519468748,
  "umap2": 0.1680862915446235
}