{
  "umap1": 0.6442391544792024,
  "umap2": 0.9658370571144508
}