{
  "No direct optim ancestor": "None",
  "umap1": 0.3090042726516995,
  "umap2": 0.5943408615566462
}