{
  "umap1": 0.9587881313241465,
  "umap2": 0.17221518939306335
}