{
  "umap1": 13.286552429199219,
  "umap2": 6.183518886566162
}