{
  "umap1": 0.8421658860052197,
  "umap2": 0.10176704787371005
}