{
  "umap1": 2.9586853981018066,
  "umap2": 10.552901268005371
}