{
  "umap1": 0.7258007459087525,
  "umap2": 0.05676362981611727
}