{
  "umap1": 0.6452923493459107,
  "umap2": 0.244143813966907
}