{
  "No direct optim ancestor": "None",
  "umap1": 0.05078462310126186,
  "umap2": 0.5627724784811355
}