{
  "No direct optim ancestor": "None",
  "umap1": 0.6158296147670148,
  "umap2": 0.8239425655056236
}