{
  "umap1": 0.8713299213136001,
  "umap2": 0.8803742212303907
}