{
  "umap1": 13.651017189025879,
  "umap2": 1.9908843040466309
}