{
  "No direct optim ancestor": "None",
  "umap1": 0.8010216696695923,
  "umap2": 0.4244272658400122
}