{
  "umap1": 0.974161154959658,
  "umap2": 0.9771683772060298
}