{
  "umap1": 1.5568523406982422,
  "umap2": 10.009078025817871
}