{
  "umap1": 1.0569274425506592,
  "umap2": 9.646016120910645
}