{
  "umap1": 2.713965892791748,
  "umap2": 10.670604705810547
}