{
  "umap1": 0.7506461652186445,
  "umap2": 0.9611301499222943
}