{
  "No direct optim ancestor": "None",
  "umap1": 0.533867108270232,
  "umap2": 0.7590654620763295
}