{
  "umap1": 0.346756400586121,
  "umap2": 0.8836264176601579
}