{
  "umap1": 13.234281539916992,
  "umap2": 6.146527290344238
}