{
  "umap1": 13.146966934204102,
  "umap2": 4.546984672546387
}