{
  "umap1": 13.578057289123535,
  "umap2": 6.851822376251221
}