{
  "No direct optim ancestor": "None",
  "umap1": 0.7773883149806812,
  "umap2": 0.9380512123568057
}