{
  "umap1": 0.6618619692044614,
  "umap2": 0.6216195952017268
}