{
  "umap1": 12.48561954498291,
  "umap2": 6.841567039489746
}