{
  "umap1": 0.11470362592637728,
  "umap2": 0.18501900538828608
}