{
  "umap1": 4.943802356719971,
  "umap2": 10.821138381958008
}