{
  "umap1": 12.419733047485352,
  "umap2": 1.9415631294250488
}