{
  "umap1": 0.5919286515709303,
  "umap2": 0.14615881940525677
}