{
  "No direct optim ancestor": "None",
  "umap1": 0.966948026685441,
  "umap2": 0.7602096860526172
}