{
  "No direct optim ancestor": "None",
  "umap1": 0.24263330547249573,
  "umap2": 0.1698555284099712
}