{
  "umap1": 0.5783681724222857,
  "umap2": 0.9188137122151323
}