{
  "umap1": 12.431384086608887,
  "umap2": 1.680768370628357
}