{
  "umap1": 12.55360221862793,
  "umap2": 6.642498016357422
}