{
  "umap1": 8.675281524658203,
  "umap2": 5.366372585296631
}