{
  "No direct optim ancestor": "None",
  "umap1": 0.6110417791668775,
  "umap2": 0.47130124790456496
}