{
  "umap1": 0.4791484883993229,
  "umap2": 0.6823424516461181
}