{
  "umap1": 8.710433006286621,
  "umap2": 2.9451849460601807
}