{
  "umap1": 13.736640930175781,
  "umap2": 7.056118488311768
}