{
  "umap1": 0.2446256259288222,
  "umap2": 0.3518807315798256
}