{
  "No direct optim ancestor": "None",
  "umap1": 0.5549373736580899,
  "umap2": 0.6790229599397178
}