{
  "umap1": 13.8723783493042,
  "umap2": 2.0683326721191406
}