{
  "umap1": 0.8129951097615649,
  "umap2": 0.9463612155552747
}