{
  "No direct optim ancestor": "None",
  "umap1": 0.3168683058267072,
  "umap2": 0.010295176370103798
}