{
  "umap1": 9.517101287841797,
  "umap2": 1.6376065015792847
}