{
  "umap1": 0.8858857932480896,
  "umap2": 0.993687744606605
}