{
  "No direct optim ancestor": "None",
  "umap1": 0.5453611313230609,
  "umap2": 0.44676442764502144
}