{
  "umap1": 12.422191619873047,
  "umap2": 6.649514675140381
}