{
  "No direct optim ancestor": "None",
  "umap1": 0.7922198367354815,
  "umap2": 0.994329588749588
}