{
  "umap1": 0.3104326018092539,
  "umap2": 0.7630772359026741
}