{
  "No direct optim ancestor": "None",
  "umap1": 0.1012446977419097,
  "umap2": 0.2679334861855024
}