{
  "umap1": 0.3228832412128352,
  "umap2": 0.09429164070830942
}