{
  "umap1": 10.932676315307617,
  "umap2": 2.4156250953674316
}