{
  "umap1": 12.365151405334473,
  "umap2": 6.993492126464844
}