{
  "Ancestor's direct optim goal": "a photo of a peacock feather with green barbs and red eye spots",
  "umap1": 0.6215065000225061,
  "umap2": 0.4908936262365582
}