{
  "umap1": 0.19319149111352651,
  "umap2": 0.29606704808857276
}