{
  "umap1": 0.42453039666827386,
  "umap2": 0.44670980317332387
}