{
  "umap1": 12.2174711227417,
  "umap2": 6.953816890716553
}