{
  "No direct optim ancestor": "None",
  "umap1": 0.6765872463338599,
  "umap2": 0.4030146935184513
}