{
  "umap1": 0.24870026789143884,
  "umap2": 0.11765203707347283
}