{
  "umap1": 10.839434623718262,
  "umap2": 1.6188468933105469
}