{
  "umap1": 8.9358491897583,
  "umap2": 3.1247072219848633
}