{
  "umap1": 0.727667881733877,
  "umap2": 0.013809994235622347
}