{
  "No direct optim ancestor": "None",
  "umap1": 0.4552245648828094,
  "umap2": 0.18682425977205064
}