{
  "umap1": 0.4537944341237413,
  "umap2": 0.21698148780650095
}