{
  "umap1": 9.667137145996094,
  "umap2": 5.778947353363037
}