{
  "No direct optim ancestor": "None",
  "umap1": 0.26749291888524385,
  "umap2": 0.7447657866412585
}