{
  "umap1": 0.8256461041936698,
  "umap2": 0.33924191731387154
}