{
  "No direct optim ancestor": "None",
  "umap1": 0.49171866827814614,
  "umap2": 0.7427988008067364
}