{
  "umap1": 0.7439779084121635,
  "umap2": 0.6461577080728462
}