{
  "umap1": 9.603446960449219,
  "umap2": 3.488818645477295
}