{
  "No direct optim ancestor": "None",
  "umap1": 0.13687924398007767,
  "umap2": 0.19079039604203407
}