{
  "umap1": 0.16717650796918415,
  "umap2": 0.8075496754942773
}