{
  "No direct optim ancestor": "None",
  "umap1": 0.27972938263762537,
  "umap2": 0.1025903701310662
}