{
  "umap1": 0.9221292898062611,
  "umap2": 0.3230044058391828
}