{
  "umap1": 4.953056335449219,
  "umap2": 10.808344841003418
}