{
  "umap1": 13.16053581237793,
  "umap2": 2.1967594623565674
}