{
  "umap1": 10.308566093444824,
  "umap2": 6.3686723709106445
}