{
  "No direct optim ancestor": "None",
  "umap1": 0.08705368884404519,
  "umap2": 0.728043567412846
}