{
  "umap1": 0.8813273045957062,
  "umap2": 0.4307401842159595
}