{
  "No direct optim ancestor": "None",
  "umap1": 0.5887661926254759,
  "umap2": 0.726943836929792
}