{
  "umap1": 12.543427467346191,
  "umap2": 2.6450319290161133
}