{
  "umap1": 0.7977282201910934,
  "umap2": 0.3190571786796159
}