{
  "umap1": 13.991578102111816,
  "umap2": 1.938778042793274
}