{
  "umap1": 3.394615411758423,
  "umap2": 10.002695083618164
}