{
  "umap1": 0.0633781362485083,
  "umap2": 0.7296266740806612
}