{
  "No direct optim ancestor": "None",
  "umap1": 0.5849546807424336,
  "umap2": 0.6704074270708534
}