{
  "umap1": 0.7689923321569174,
  "umap2": 0.23558133171509377
}