{
  "umap1": 0.014686455341698879,
  "umap2": 0.4322119218426729
}