{
  "No direct optim ancestor": "None",
  "umap1": 0.3590429197970586,
  "umap2": 0.3079036698105242
}