{
  "No direct optim ancestor": "None",
  "umap1": 0.9710516123085691,
  "umap2": 0.08886268153626631
}