{
  "umap1": 0.3977884337809722,
  "umap2": 0.8077262961040517
}