{
  "umap1": 0.8088459059668633,
  "umap2": 0.7638527988412253
}