{
  "No direct optim ancestor": "None",
  "umap1": 0.011139093194600824,
  "umap2": 0.1605529754705125
}