{
  "umap1": 0.8735781957578321,
  "umap2": 0.22336467681823113
}