{
  "No direct optim ancestor": "None",
  "umap1": 0.6972672752455797,
  "umap2": 0.13274647487469804
}