{
  "umap1": 0.913015505942687,
  "umap2": 0.5750208545278512
}