{
  "No direct optim ancestor": "None",
  "umap1": 0.2247766633990571,
  "umap2": 0.28047501445445244
}