{
  "umap1": 0.1758664899359279,
  "umap2": 0.10640143051668915
}