{
  "umap1": 13.057239532470703,
  "umap2": 4.132509708404541
}