{
  "umap1": 0.6466367554285964,
  "umap2": 0.3461186864352419
}