{
  "umap1": 0.9773076357679239,
  "umap2": 0.7761565085117387
}