{
  "umap1": 13.020842552185059,
  "umap2": 7.1716790199279785
}