{
  "No direct optim ancestor": "None",
  "umap1": 0.4223561174365845,
  "umap2": 0.6416611697219243
}