{
  "umap1": 13.941317558288574,
  "umap2": 4.325252056121826
}