{
  "umap1": 0.09502559072702244,
  "umap2": 0.9268770417195874
}