{
  "umap1": 0.12389452913978627,
  "umap2": 0.1833293393065727
}