{
  "No direct optim ancestor": "None",
  "umap1": 0.05968528476511059,
  "umap2": 0.7920586885371476
}