{
  "umap1": 12.840201377868652,
  "umap2": 2.606044054031372
}