{
  "umap1": 13.408365249633789,
  "umap2": 2.79672908782959
}