{
  "umap1": 0.43361263866779876,
  "umap2": 0.6826815235709128
}