{
  "umap1": 12.59521198272705,
  "umap2": 7.164126396179199
}