{
  "umap1": 0.840714490543054,
  "umap2": 0.5246692093232053
}