{
  "umap1": 0.13506465980137983,
  "umap2": 0.2675712910731105
}