{
  "No direct optim ancestor": "None",
  "umap1": 0.290941245630408,
  "umap2": 0.15746671619416475
}