{
  "No direct optim ancestor": "None",
  "umap1": 0.8035811118597366,
  "umap2": 0.26299141565769646
}