{
  "umap1": 0.13628111414592614,
  "umap2": 0.7070070586800606
}