{
  "umap1": 11.384751319885254,
  "umap2": 3.6495094299316406
}