{
  "No direct optim ancestor": "None",
  "umap1": 0.5979500577648095,
  "umap2": 0.9502309876939261
}