{
  "umap1": 10.454941749572754,
  "umap2": 2.674482583999634
}