{
  "umap1": 0.11255763646402106,
  "umap2": 0.89170389246917
}