{
  "No direct optim ancestor": "None",
  "umap1": 0.03052909289361294,
  "umap2": 0.5467877303888453
}