{
  "umap1": 12.547036170959473,
  "umap2": 3.2883808612823486
}