{
  "umap1": 0.7459557140709051,
  "umap2": 0.47256229779202463
}