{
  "umap1": 3.8580589294433594,
  "umap2": 10.104470252990723
}