{
  "umap1": 0.1447368476059233,
  "umap2": 0.9939689462621966
}