{
  "No direct optim ancestor": "None",
  "umap1": 0.6711099612782122,
  "umap2": 0.2633058985931426
}