{
  "umap1": 0.5660656135937179,
  "umap2": 0.8624227232344183
}