{
  "No direct optim ancestor": "None",
  "umap1": 0.14173034105791038,
  "umap2": 0.8019776985888389
}