{
  "umap1": 11.341708183288574,
  "umap2": 1.4453390836715698
}