{
  "umap1": 11.118592262268066,
  "umap2": 1.552027702331543
}