{
  "umap1": 0.7324470753783419,
  "umap2": 0.28964160255854343
}