{
  "No direct optim ancestor": "None",
  "umap1": 0.8306014027844839,
  "umap2": 0.43751907216717434
}