{
  "umap1": 12.56592082977295,
  "umap2": 3.1747329235076904
}