{
  "No direct optim ancestor": "None",
  "umap1": 0.8633294902783932,
  "umap2": 0.6194034047209591
}