{
  "umap1": 0.6247252523149867,
  "umap2": 0.8504746976131012
}