{
  "umap1": 12.30330753326416,
  "umap2": 2.7627854347229004
}