{
  "umap1": 0.6181294681920604,
  "umap2": 0.33052785628441395
}