{
  "umap1": 0.009458828111229223,
  "umap2": 0.26392415663265967
}