{
  "No direct optim ancestor": "None",
  "umap1": 0.6041716020225981,
  "umap2": 0.5012679155536225
}