{
  "umap1": 10.855945587158203,
  "umap2": 1.1242895126342773
}