{
  "umap1": 0.08965458962921169,
  "umap2": 0.6827565031686588
}