{
  "No direct optim ancestor": "None",
  "umap1": 0.6626665557746778,
  "umap2": 0.3105035488787453
}