{
  "umap1": 0.04426254335766444,
  "umap2": 0.1441048697823487
}