{
  "umap1": 10.09286880493164,
  "umap2": 1.4319576025009155
}