{
  "No direct optim ancestor": "None",
  "umap1": 0.7346929156740899,
  "umap2": 0.7393590285841086
}