{
  "umap1": 10.654378890991211,
  "umap2": 2.9635231494903564
}