{
  "umap1": 0.46864266384848974,
  "umap2": 0.24036586601185328
}