{
  "No direct optim ancestor": "None",
  "umap1": 0.09296688548166299,
  "umap2": 0.0003947174341654147
}