{
  "umap1": 12.973326683044434,
  "umap2": 6.260945796966553
}