{
  "umap1": 0.9796328642800455,
  "umap2": 0.7791456499964421
}