{
  "No direct optim ancestor": "None",
  "umap1": 0.918270497660324,
  "umap2": 0.05957715142620068
}