{
  "umap1": 4.879034996032715,
  "umap2": 10.86005687713623
}