{
  "umap1": 0.8387752667008913,
  "umap2": 0.2434329430441381
}