{
  "umap1": 0.4337115071264229,
  "umap2": 0.6213807719031598
}