{
  "No direct optim ancestor": "None",
  "umap1": 0.38230462614748906,
  "umap2": 0.07794110719577874
}