{
  "umap1": 11.346750259399414,
  "umap2": 2.1441893577575684
}