{
  "umap1": 0.8797415022631188,
  "umap2": 0.8897336380229081
}