{
  "No direct optim ancestor": "None",
  "umap1": 0.7902847380515551,
  "umap2": 0.4443180279453982
}