{
  "umap1": 8.46740436553955,
  "umap2": 4.805634021759033
}