{
  "umap1": 12.089888572692871,
  "umap2": 3.6407928466796875
}