{
  "umap1": 0.46486827480913984,
  "umap2": 0.4793093132228471
}