{
  "No direct optim ancestor": "None",
  "umap1": 0.44377987504642513,
  "umap2": 0.0444848624909252
}