{
  "umap1": 5.035467624664307,
  "umap2": 10.785402297973633
}