{
  "umap1": 0.37119799585647406,
  "umap2": 0.9016625384181488
}