{
  "umap1": 12.871867179870605,
  "umap2": 3.7981297969818115
}