{
  "umap1": 0.12170796482844448,
  "umap2": 0.4065719392288132
}