{
  "No direct optim ancestor": "None",
  "umap1": 0.31393647290520443,
  "umap2": 0.25772936816224823
}