{
  "No direct optim ancestor": "None",
  "umap1": 0.43048524256762777,
  "umap2": 0.4778603799647949
}