{
  "umap1": 0.9650864542833403,
  "umap2": 0.11962519355443857
}