{
  "umap1": 11.427896499633789,
  "umap2": 2.501375198364258
}