{
  "umap1": 0.900225546105468,
  "umap2": 0.7982531901366201
}