{
  "No direct optim ancestor": "None",
  "umap1": 0.1751208663275282,
  "umap2": 0.8820814373876337
}