{
  "umap1": 0.30006350232660395,
  "umap2": 0.8597933879587426
}