{
  "umap1": 0.3562330634281373,
  "umap2": 0.03694251011669736
}