{
  "No direct optim ancestor": "None",
  "umap1": 0.4302156928505163,
  "umap2": 0.5601241075976858
}