{
  "umap1": 10.894888877868652,
  "umap2": 1.8895765542984009
}