{
  "umap1": 0.7160205487960989,
  "umap2": 0.9174647496295106
}