{
  "No direct optim ancestor": "None",
  "umap1": 0.02415140442645536,
  "umap2": 0.4998212598221743
}