{
  "umap1": 0.33220589723337424,
  "umap2": 0.8108836264956276
}