{
  "umap1": 12.992095947265625,
  "umap2": 3.2313714027404785
}