{
  "No direct optim ancestor": "None",
  "umap1": 0.0985624032287763,
  "umap2": 0.7142745222090364
}