{
  "umap1": 10.769969940185547,
  "umap2": 1.5966219902038574
}