{
  "umap1": 12.19299602508545,
  "umap2": 2.1899595260620117
}