{
  "umap1": 8.339607238769531,
  "umap2": 7.2630767822265625
}