{
  "umap1": 0.8443492928033759,
  "umap2": 0.08643908321308258,
  "Direct optim goal": "a photo of a tree branch with green leaves and red berries"
}