{
  "umap1": 3.5566911697387695,
  "umap2": 10.327322959899902
}