{
  "umap1": 0.5317433146578658,
  "umap2": 0.5504735809615731
}