{
  "No direct optim ancestor": "None",
  "umap1": 0.1938891822939972,
  "umap2": 0.5877558219516917
}