{
  "No direct optim ancestor": "None",
  "umap1": 0.07841461308863606,
  "umap2": 0.19239915165964883
}