{
  "umap1": 0.7519960583146871,
  "umap2": 0.4726574173650929
}