{
  "umap1": 3.8577606678009033,
  "umap2": 9.925148963928223
}