{
  "umap1": 0.3045539203723644,
  "umap2": 0.3611674616806072
}