{
  "No direct optim ancestor": "None",
  "umap1": 0.06223358899907572,
  "umap2": 0.40254644865706224
}