{
  "umap1": 0.8232222241975482,
  "umap2": 0.9560556043163242
}