{
  "umap1": 13.511863708496094,
  "umap2": 2.4636070728302
}