{
  "umap1": 0.5979713536542468,
  "umap2": 0.8743605546824225
}