{
  "No direct optim ancestor": "None",
  "umap1": 0.4802337821155762,
  "umap2": 0.3280104743751502
}