{
  "umap1": 12.871832847595215,
  "umap2": 4.071513652801514
}