{
  "umap1": 13.123896598815918,
  "umap2": 5.022398948669434
}