{
  "No direct optim ancestor": "None",
  "umap1": 0.13326026817149939,
  "umap2": 0.7332523595468624
}