{
  "umap1": 0.5262107939589443,
  "umap2": 0.2877246234576537
}