{
  "umap1": 12.504399299621582,
  "umap2": 4.875466346740723
}