{
  "umap1": 12.21345329284668,
  "umap2": 6.562593460083008
}