{
  "No direct optim ancestor": "None",
  "umap1": 0.14345099992828658,
  "umap2": 0.844696571175121
}