{
  "umap1": 10.968099594116211,
  "umap2": 1.8142127990722656
}