{
  "umap1": 0.6830641024255785,
  "umap2": 0.46707541618890414
}