{
  "No direct optim ancestor": "None",
  "umap1": 0.9669974778725171,
  "umap2": 0.015074881537844642
}