{
  "umap1": 0.9410461997348983,
  "umap2": 0.4741267601171023
}