{
  "umap1": 0.6880421735647407,
  "umap2": 0.9782435827951065
}