{
  "umap1": 13.991070747375488,
  "umap2": 3.1779391765594482
}