{
  "umap1": 0.6025237339973273,
  "umap2": 0.548660326589506
}