{
  "umap1": 11.52758502960205,
  "umap2": 1.7705771923065186
}