{
  "umap1": 0.7022585629231716,
  "umap2": 0.07761456627705665
}