{
  "No direct optim ancestor": "None",
  "umap1": 0.38805331815012445,
  "umap2": 0.023898164832603985
}