{
  "No direct optim ancestor": "None",
  "umap1": 0.45180127655946734,
  "umap2": 0.4266097422134091
}