{
  "umap1": 0.6983868872064352,
  "umap2": 0.838846843448694
}