{
  "umap1": 11.902291297912598,
  "umap2": 2.332965850830078
}