{
  "umap1": 11.548422813415527,
  "umap2": 2.237147331237793
}