{
  "No direct optim ancestor": "None",
  "umap1": 0.1544020848144333,
  "umap2": 0.9842980702082821
}