{
  "umap1": 12.072049140930176,
  "umap2": 1.7494579553604126
}