{
  "umap1": 0.41758918852023996,
  "umap2": 0.5029201199381259
}