{
  "No direct optim ancestor": "None",
  "umap1": 0.8396692202193303,
  "umap2": 0.4708202593607477
}