{
  "umap1": 0.27231254499466917,
  "umap2": 0.1360067430068882
}