{
  "umap1": 11.774797439575195,
  "umap2": 3.677366256713867
}