{
  "umap1": 13.999311447143555,
  "umap2": 4.821050643920898
}