{
  "umap1": 12.75706672668457,
  "umap2": 2.9323039054870605
}