{
  "No direct optim ancestor": "None",
  "umap1": 0.5230672743191459,
  "umap2": 0.4499180468742865
}