{
  "umap1": 0.12862028073759657,
  "umap2": 0.48659704069964216
}