{
  "umap1": 0.9333264290498047,
  "umap2": 0.6853022136155198
}