{
  "No direct optim ancestor": "None",
  "umap1": 0.7851304170291667,
  "umap2": 0.4248916440730761
}