{
  "umap1": 0.5265643640682424,
  "umap2": 0.4575929529564441
}