{
  "No direct optim ancestor": "None",
  "umap1": 0.5831049375666614,
  "umap2": 0.9183630459549963
}