{
  "umap1": 3.507401704788208,
  "umap2": 10.389495849609375
}