{
  "umap1": 1.228745937347412,
  "umap2": 9.921207427978516
}