{
  "umap1": 8.99847412109375,
  "umap2": 6.441985607147217
}