{
  "umap1": 0.7096462717125352,
  "umap2": 0.8280860312244913
}