{
  "No direct optim ancestor": "None",
  "umap1": 0.4063068631537051,
  "umap2": 0.18185764016600559
}