{
  "umap1": 12.277204513549805,
  "umap2": 6.680933475494385
}