{
  "umap1": 1.2617192268371582,
  "umap2": 9.87743091583252
}