{
  "umap1": 0.7472566274107377,
  "umap2": 0.16100656172608863
}