{
  "umap1": 14.089889526367188,
  "umap2": 3.4507224559783936
}