{
  "No direct optim ancestor": "None",
  "umap1": 0.9082860007397521,
  "umap2": 0.20845237089347202
}