{
  "umap1": 10.755512237548828,
  "umap2": 3.592622756958008
}