{
  "umap1": 0.9118033945601355,
  "umap2": 0.0241209262995824
}