{
  "umap1": 1.003385066986084,
  "umap2": 9.656547546386719
}