{
  "umap1": 10.543118476867676,
  "umap2": 2.7332570552825928
}