{
  "No direct optim ancestor": "None",
  "umap1": 0.8171406479583987,
  "umap2": 0.7210473099702209
}