{
  "umap1": 0.3809681854936604,
  "umap2": 0.9728586787686733
}