{
  "umap1": 14.20196533203125,
  "umap2": 4.443889617919922
}