{
  "umap1": 11.402876853942871,
  "umap2": 4.340604782104492
}