{
  "umap1": 10.136865615844727,
  "umap2": 2.717850923538208
}