{
  "No direct optim ancestor": "None",
  "umap1": 0.44674736857490327,
  "umap2": 0.14904905598315144
}