{
  "umap1": 0.37158769403929826,
  "umap2": 0.027066945396747366
}