{
  "umap1": 0.22072515250201374,
  "umap2": 0.623932255646956
}