{
  "No direct optim ancestor": "None",
  "umap1": 0.4361462615942716,
  "umap2": 0.8651944515080091
}