{
  "No direct optim ancestor": "None",
  "umap1": 0.5831674877928533,
  "umap2": 0.4859758507544131
}