{
  "umap1": 0.9157608550127135,
  "umap2": 0.3208330578096267
}