{
  "umap1": 13.809342384338379,
  "umap2": 2.4272146224975586
}