{
  "umap1": 0.25363993696691733,
  "umap2": 0.37862393780141845
}