{
  "umap1": 0.4029301939531451,
  "umap2": 0.2901716952368987
}