{
  "No direct optim ancestor": "None",
  "umap1": 0.801899576220089,
  "umap2": 0.8482975997670992
}