{
  "No direct optim ancestor": "None",
  "umap1": 0.7580718087833067,
  "umap2": 0.8307477748716365
}