{
  "umap1": 0.8862193977127233,
  "umap2": 0.5642766996654889
}