{
  "No direct optim ancestor": "None",
  "umap1": 0.7483883780733975,
  "umap2": 0.1598470602638855
}