{
  "umap1": 10.172331809997559,
  "umap2": 2.473205327987671
}