{
  "umap1": 0.7355921957777474,
  "umap2": 0.12103568357954886
}