{
  "umap1": 0.891947595370572,
  "umap2": 0.4711214320034981
}