{
  "umap1": 0.3222648073178689,
  "umap2": 0.8920126703420224
}