{
  "umap1": 1.416452169418335,
  "umap2": 9.995715141296387
}