{
  "umap1": 3.4043989181518555,
  "umap2": 9.931520462036133
}