{
  "umap1": 0.039993055439325076,
  "umap2": 0.5769539920976436
}