{
  "umap1": 13.675945281982422,
  "umap2": 1.9973572492599487
}