{
  "umap1": 13.590353965759277,
  "umap2": 4.64939546585083
}