{
  "No direct optim ancestor": "None",
  "umap1": 0.24202225595981997,
  "umap2": 0.4028760027005296
}