{
  "umap1": 0.6655653707298288,
  "umap2": 0.7344982848548713
}