{
  "umap1": 12.833455085754395,
  "umap2": 4.121441841125488
}