{
  "No direct optim ancestor": "None",
  "umap1": 0.773998757327864,
  "umap2": 0.40318943456977296
}