{
  "umap1": 0.9338218970418144,
  "umap2": 0.8303160882398932
}