{
  "umap1": 11.498979568481445,
  "umap2": 2.819009304046631
}