{
  "umap1": 0.18195146237835447,
  "umap2": 0.7724880740248279
}