{
  "No direct optim ancestor": "None",
  "umap1": 0.38797158508990204,
  "umap2": 0.043567149465713606
}