{
  "umap1": 0.6463144119684444,
  "umap2": 0.7231139699291594
}