{
  "No direct optim ancestor": "None",
  "umap1": 0.44824510143351826,
  "umap2": 0.2939125684673085
}