{
  "umap1": 0.5806679058204448,
  "umap2": 0.7737689888189069
}