{
  "umap1": 0.9728744837076364,
  "umap2": 0.8439022358642145
}