{
  "No direct optim ancestor": "None",
  "umap1": 0.2206353102713724,
  "umap2": 0.3422664103578179
}