{
  "umap1": 12.448643684387207,
  "umap2": 7.056003093719482
}