{
  "umap1": 0.46063032606370913,
  "umap2": 0.7281915418798035
}