{
  "umap1": 10.192936897277832,
  "umap2": 2.6583590507507324
}