{
  "umap1": 0.8998518372370146,
  "umap2": 0.13077682407454871
}