{
  "No direct optim ancestor": "None",
  "umap1": 0.23284986059950197,
  "umap2": 0.6361540144157363
}