{
  "umap1": 0.0051254498126204195,
  "umap2": 0.30703299355762026
}