{
  "umap1": 0.058045569578197176,
  "umap2": 0.8484467597912476
}