{
  "No direct optim ancestor": "None",
  "umap1": 0.8180486323164654,
  "umap2": 0.5293084476376546
}