{
  "umap1": 0.9634931137017956,
  "umap2": 0.1914856887062203
}