{
  "umap1": 0.4867742630328361,
  "umap2": 0.6135888196105811
}