{
  "umap1": 13.122879981994629,
  "umap2": 3.6673665046691895
}