{
  "umap1": 0.018920365594846777,
  "umap2": 0.3286273303662536
}