{
  "umap1": 11.671975135803223,
  "umap2": 3.6272242069244385
}