{
  "No direct optim ancestor": "None",
  "umap1": 0.3341468319483655,
  "umap2": 0.7864712334080959
}