{
  "umap1": 11.614522933959961,
  "umap2": 1.6535319089889526
}