{
  "umap1": 0.45623309782443544,
  "umap2": 0.7003778905138626
}