{
  "umap1": 0.330439574249064,
  "umap2": 0.333866036187601
}