{
  "No direct optim ancestor": "None",
  "umap1": 0.9194567420361659,
  "umap2": 0.06424767005824505
}