{
  "umap1": 0.9328206883144136,
  "umap2": 0.1418947797362532
}