{
  "No direct optim ancestor": "None",
  "umap1": 0.07531972207554138,
  "umap2": 0.08576684840188786
}