{
  "umap1": 0.6629335992585045,
  "umap2": 0.9402313524197233
}