{
  "umap1": 3.8577685356140137,
  "umap2": 9.894542694091797
}