{
  "umap1": 10.748476028442383,
  "umap2": 1.5914045572280884
}