{
  "umap1": 13.635692596435547,
  "umap2": 6.509403705596924
}