{
  "umap1": 0.16900122979825238,
  "umap2": 0.49552453803512597
}