{
  "No direct optim ancestor": "None",
  "umap1": 0.15528834434425431,
  "umap2": 0.8836821242792189
}