{
  "No direct optim ancestor": "None",
  "umap1": 0.30092727947512476,
  "umap2": 0.9270471058065594
}