{
  "umap1": 0.2568814386412135,
  "umap2": 0.8740289308175068
}