{
  "umap1": 0.09730545216519337,
  "umap2": 0.5482082686833712
}