{
  "umap1": 4.863348484039307,
  "umap2": 10.881354331970215
}