{
  "umap1": 13.912075996398926,
  "umap2": 2.3401687145233154
}