{
  "umap1": 0.9009450751532133,
  "umap2": 0.8382339272598008
}