{
  "No direct optim ancestor": "None",
  "umap1": 0.7379959186193081,
  "umap2": 0.8302293190087666
}