{
  "umap1": 12.725671768188477,
  "umap2": 7.066804885864258
}