{
  "umap1": 11.563480377197266,
  "umap2": 2.010193347930908
}