{
  "umap1": 0.28107911421158194,
  "umap2": 0.879081869210463
}