{
  "No direct optim ancestor": "None",
  "umap1": 0.9177527753952652,
  "umap2": 0.9775089795509093
}