{
  "umap1": 1.035884976387024,
  "umap2": 9.60008430480957
}