{
  "umap1": 13.12893295288086,
  "umap2": 4.521214485168457
}