{
  "No direct optim ancestor": "None",
  "umap1": 0.005837247810725921,
  "umap2": 0.4206533427082726
}