{
  "umap1": 0.7586290510666565,
  "umap2": 0.5401125232831991
}