{
  "umap1": 0.03673396802882589,
  "umap2": 0.5365774547860803
}