{
  "umap1": 0.9298606855884577,
  "umap2": 0.47225515029787557
}