{
  "No direct optim ancestor": "None",
  "umap1": 0.5571354230521965,
  "umap2": 0.9885659575516191
}