{
  "umap1": 2.8455731868743896,
  "umap2": 10.55346393585205
}