{
  "umap1": 0.43081212663994195,
  "umap2": 0.3949694502586274
}