{
  "No direct optim ancestor": "None",
  "umap1": 0.8063746458329745,
  "umap2": 0.6444615611877514
}