{
  "umap1": 0.059464974175338026,
  "umap2": 0.647641540219558
}