{
  "No direct optim ancestor": "None",
  "umap1": 0.7132873721906283,
  "umap2": 0.060623712729033
}