{
  "umap1": 10.983551025390625,
  "umap2": 2.7555148601531982
}