{
  "umap1": 0.01848132196338803,
  "umap2": 0.570278851224288
}