{
  "umap1": 0.8927008670633082,
  "umap2": 0.35941365580523543
}