{
  "umap1": 14.251361846923828,
  "umap2": 5.274193286895752
}