{
  "umap1": 0.9009119698953193,
  "umap2": 0.379675545975818
}