{
  "No direct optim ancestor": "None",
  "umap1": 0.4553113201850797,
  "umap2": 0.6451936312094801
}