{
  "No direct optim ancestor": "None",
  "umap1": 0.5081192415227735,
  "umap2": 0.7794135634360758
}