{
  "umap1": 0.8916963220583435,
  "umap2": 0.5391776030220033
}