{
  "umap1": 0.15236295494412,
  "umap2": 0.6169835936584414
}