{
  "No direct optim ancestor": "None",
  "umap1": 0.2820613936016765,
  "umap2": 0.353380079961102
}