{
  "umap1": 12.784139633178711,
  "umap2": 7.314606666564941
}