{
  "umap1": 10.801430702209473,
  "umap2": 4.013099193572998
}