{
  "umap1": 9.641229629516602,
  "umap2": 2.453763723373413
}