{
  "No direct optim ancestor": "None",
  "umap1": 0.25175950650906775,
  "umap2": 0.11740828361723887
}