{
  "umap1": 0.9229065515855787,
  "umap2": 0.17166399251252729
}