{
  "umap1": 12.077404975891113,
  "umap2": 2.2007172107696533
}