{
  "umap1": 12.494169235229492,
  "umap2": 2.782998561859131
}