{
  "umap1": 10.658394813537598,
  "umap2": 2.0432746410369873
}