{
  "umap1": 13.23154354095459,
  "umap2": 3.3602845668792725
}