{
  "umap1": 0.8803642773535929,
  "umap2": 0.4542688118830994
}