{
  "umap1": 3.460115432739258,
  "umap2": 9.945847511291504
}