{
  "umap1": 0.552278910934225,
  "umap2": 0.4022928903256586
}