{
  "No direct optim ancestor": "None",
  "umap1": 0.05279574264072795,
  "umap2": 0.6141736127248794
}