{
  "umap1": 10.669400215148926,
  "umap2": 1.5356801748275757
}