{
  "No direct optim ancestor": "None",
  "umap1": 0.6947005484387316,
  "umap2": 0.0149930018971981
}