{
  "umap1": 0.26951404525067557,
  "umap2": 0.6499303965672889
}