{
  "No direct optim ancestor": "None",
  "umap1": 0.8605851750442497,
  "umap2": 0.8596404118906852
}