{
  "umap1": 0.48176761961889536,
  "umap2": 0.7669876019234978
}