{
  "umap1": 11.669631004333496,
  "umap2": 3.540313482284546
}