{
  "umap1": 0.32206238460881986,
  "umap2": 0.2794390507450085
}