{
  "No direct optim ancestor": "None",
  "umap1": 0.7854401705916298,
  "umap2": 0.8210949395360739
}