{
  "No direct optim ancestor": "None",
  "umap1": 0.35806961692325245,
  "umap2": 0.06623972775985931
}