{
  "umap1": 11.32764720916748,
  "umap2": 2.20683217048645
}