{
  "umap1": 0.8694263747968423,
  "umap2": 0.027348069821901855
}