{
  "umap1": 9.789753913879395,
  "umap2": 1.6950690746307373
}