{
  "umap1": 3.7902774810791016,
  "umap2": 9.866148948669434
}