{
  "umap1": 0.624956395670765,
  "umap2": 0.2160667389673253
}