{
  "umap1": 0.08909382040584835,
  "umap2": 0.6197120900629826
}