{
  "No direct optim ancestor": "None",
  "umap1": 0.9152346073600195,
  "umap2": 0.09598285947732144
}