{
  "umap1": 13.455781936645508,
  "umap2": 4.3543500900268555
}