{
  "umap1": 0.47517778830501034,
  "umap2": 0.7785488879279255
}