{
  "No direct optim ancestor": "None",
  "umap1": 0.8336647875885994,
  "umap2": 0.7693849104928216
}