{
  "umap1": 4.947242259979248,
  "umap2": 10.809873580932617
}