{
  "umap1": 1.7179288864135742,
  "umap2": 10.076473236083984
}