{
  "umap1": 0.9055485245783921,
  "umap2": 0.9078615310766963
}