{
  "umap1": 0.7534921424345633,
  "umap2": 0.07866709214724477
}