{
  "umap1": 0.8806081817024454,
  "umap2": 0.6369983916591266
}