{
  "umap1": 3.760953187942505,
  "umap2": 10.050509452819824
}