{
  "umap1": 13.246197700500488,
  "umap2": 4.492517948150635
}