{
  "No direct optim ancestor": "None",
  "umap1": 0.6675811966154334,
  "umap2": 0.0998620064683825
}