{
  "umap1": 0.7186318949397976,
  "umap2": 0.11362433820765905
}