{
  "No direct optim ancestor": "None",
  "umap1": 0.8326052963747104,
  "umap2": 0.7705493219303549
}