{
  "umap1": 0.6107933485980866,
  "umap2": 0.08525448109458977
}