{
  "No direct optim ancestor": "None",
  "umap1": 0.794489297329041,
  "umap2": 0.7181762575477045
}