{
  "umap1": 11.153923988342285,
  "umap2": 1.7048540115356445
}