{
  "umap1": 0.9691463582180642,
  "umap2": 0.31684271461419933
}