{
  "umap1": 9.313058853149414,
  "umap2": 1.664675235748291
}