{
  "umap1": 13.48011589050293,
  "umap2": 6.753214359283447
}