{
  "umap1": 0.5301926934800911,
  "umap2": 0.24387850914832043
}