{
  "umap1": 12.781179428100586,
  "umap2": 3.565629720687866
}