{
  "No direct optim ancestor": "None",
  "umap1": 0.3011618091327133,
  "umap2": 0.32621497601518357
}