{
  "No direct optim ancestor": "None",
  "umap1": 0.11677749904959622,
  "umap2": 0.7879635438008252
}