{
  "umap1": 0.678050772300283,
  "umap2": 0.7286763911098827
}