{
  "No direct optim ancestor": "None",
  "umap1": 0.4151047202713183,
  "umap2": 0.3644248132781963
}