{
  "umap1": 11.575181007385254,
  "umap2": 1.9560773372650146
}