{
  "umap1": 0.9030504730456799,
  "umap2": 0.9113813076185886
}