{
  "No direct optim ancestor": "None",
  "umap1": 0.9900982139322542,
  "umap2": 0.07705542170692248
}