{
  "umap1": 0.906524668006079,
  "umap2": 0.2648749280088787
}