{
  "No direct optim ancestor": "None",
  "umap1": 0.16551101450748296,
  "umap2": 0.4691455872325204
}