{
  "umap1": 0.7804287091074591,
  "umap2": 0.04962388434153697
}