{
  "umap1": 0.8622333080518232,
  "umap2": 0.05716303207248352
}