{
  "umap1": 4.916591644287109,
  "umap2": 10.838154792785645
}