{
  "umap1": 12.393660545349121,
  "umap2": 6.658563137054443
}