{
  "umap1": 8.857962608337402,
  "umap2": 6.074440002441406
}