{
  "umap1": 3.743889808654785,
  "umap2": 9.813471794128418
}