{
  "No direct optim ancestor": "None",
  "umap1": 0.16071039761391903,
  "umap2": 0.3519004442905377
}