{
  "umap1": 0.8202065275150683,
  "umap2": 0.04547986165238849
}