{
  "umap1": 0.05384707211102502,
  "umap2": 0.0905182078044462
}