{
  "No direct optim ancestor": "None",
  "umap1": 0.7927231949574629,
  "umap2": 0.5695622292871683
}