{
  "umap1": 13.366216659545898,
  "umap2": 4.065244197845459
}