{
  "umap1": 3.7001571655273438,
  "umap2": 9.884285926818848
}