{
  "umap1": 0.8108571716775699,
  "umap2": 0.45366121697697803
}