{
  "No direct optim ancestor": "None",
  "umap1": 0.37359381210580067,
  "umap2": 0.43073511617765003
}