{
  "umap1": 0.10722086809270326,
  "umap2": 0.8822802462700585
}