{
  "No direct optim ancestor": "None",
  "umap1": 0.6924711469087371,
  "umap2": 0.8651387190860665
}