{
  "umap1": 0.7924882878211934,
  "umap2": 0.05703822910050538
}