{
  "umap1": 0.6729913278058284,
  "umap2": 0.6777496016427642
}