{
  "No direct optim ancestor": "None",
  "umap1": 0.11865568946915583,
  "umap2": 0.6807335524092529
}