{
  "umap1": 12.361748695373535,
  "umap2": 3.5362188816070557
}