{
  "umap1": 0.47641624767527646,
  "umap2": 0.22284082495012747
}