{
  "No direct optim ancestor": "None",
  "umap1": 0.4827230241749233,
  "umap2": 0.42369971205855017
}