{
  "umap1": 10.726252555847168,
  "umap2": 2.468195915222168
}