{
  "umap1": 13.764999389648438,
  "umap2": 3.379732608795166
}