{
  "umap1": 0.6413568934005258,
  "umap2": 0.38215704855085264
}