{
  "umap1": 10.93767261505127,
  "umap2": 1.369835615158081
}