{
  "No direct optim ancestor": "None",
  "umap1": 0.9424348209703024,
  "umap2": 0.5170507519933983
}