{
  "umap1": 0.07805692837112421,
  "umap2": 0.3720676304666025
}