{
  "No direct optim ancestor": "None",
  "umap1": 0.7588380442587787,
  "umap2": 0.3040956367523211
}