{
  "umap1": 0.8129211476235114,
  "umap2": 0.8451886832569038
}