{
  "umap1": 14.100614547729492,
  "umap2": 6.148683547973633
}