{
  "umap1": 13.39162826538086,
  "umap2": 3.8376872539520264
}