{
  "umap1": 0.03910298355007291,
  "umap2": 0.14751658115609756
}