{
  "umap1": 10.497658729553223,
  "umap2": 1.222452998161316
}