{
  "No direct optim ancestor": "None",
  "umap1": 0.8024300123071613,
  "umap2": 0.47128760588097407
}