{
  "umap1": 10.365772247314453,
  "umap2": 2.3664143085479736
}