{
  "umap1": 13.84822940826416,
  "umap2": 6.481165409088135
}