{
  "umap1": 8.474891662597656,
  "umap2": 4.41139030456543
}