{
  "umap1": 0.3924971350890639,
  "umap2": 0.779185537524082
}