{
  "umap1": 10.848930358886719,
  "umap2": 1.591347098350525
}