{
  "No direct optim ancestor": "None",
  "umap1": 0.49828136527916544,
  "umap2": 0.052166589220793314
}