{
  "umap1": 13.39618968963623,
  "umap2": 6.899013519287109
}