{
  "umap1": 0.27431454611730066,
  "umap2": 0.4526963213738622
}