{
  "No direct optim ancestor": "None",
  "umap1": 0.905497330443122,
  "umap2": 0.8635053379903556
}