{
  "umap1": 8.037080764770508,
  "umap2": 8.876502990722656
}