{
  "No direct optim ancestor": "None",
  "umap1": 0.20120023496130768,
  "umap2": 0.8507833386379572
}