{
  "umap1": 10.666420936584473,
  "umap2": 1.239639163017273
}