{
  "umap1": 0.5292885287207277,
  "umap2": 0.8451079392404175
}