{
  "umap1": 11.364324569702148,
  "umap2": 3.1763851642608643
}