{
  "umap1": 0.15013768729883814,
  "umap2": 0.23812580581190035
}