{
  "No direct optim ancestor": "None",
  "umap1": 0.4905367359120375,
  "umap2": 0.9493090777989865
}