{
  "umap1": 9.641077041625977,
  "umap2": 3.244708776473999
}