{
  "umap1": 11.203558921813965,
  "umap2": 3.9474375247955322
}