{
  "umap1": 1.036644697189331,
  "umap2": 9.664772987365723
}