{
  "umap1": 0.3789220374098843,
  "umap2": 0.6120457722118116
}