{
  "umap1": 0.026110381143201078,
  "umap2": 0.8735177661090863
}