{
  "umap1": 13.8903169631958,
  "umap2": 2.4872214794158936
}