{
  "umap1": 0.15950501464065392,
  "umap2": 0.9548738155794899
}