{
  "No direct optim ancestor": "None",
  "umap1": 0.5552040151933813,
  "umap2": 0.8154980905662795
}