{
  "umap1": 9.206808090209961,
  "umap2": 6.384728908538818
}