{
  "No direct optim ancestor": "None",
  "umap1": 0.22927081100216584,
  "umap2": 0.8993260783940706
}