{
  "umap1": 0.8107523534107163,
  "umap2": 0.41411340559522614
}