{
  "umap1": 0.15202754250062267,
  "umap2": 0.08415342090504585
}