{
  "No direct optim ancestor": "None",
  "umap1": 0.5564912782746128,
  "umap2": 0.12376011377268503
}