{
  "umap1": 13.03107738494873,
  "umap2": 3.015597343444824
}