{
  "umap1": 3.3541104793548584,
  "umap2": 9.999812126159668
}