{
  "umap1": 10.794833183288574,
  "umap2": 1.9029613733291626
}