{
  "No direct optim ancestor": "None",
  "umap1": 0.7731435282972073,
  "umap2": 0.4715539491136148
}