{
  "umap1": 0.5929778693180787,
  "umap2": 0.6654702644047826
}