{
  "umap1": 0.14948587905807675,
  "umap2": 0.024479616636146728
}