{
  "No direct optim ancestor": "None",
  "umap1": 0.17024132835879946,
  "umap2": 0.24224993161093433
}