{
  "umap1": 0.3596362031777286,
  "umap2": 0.6730827723255013
}