{
  "umap1": 9.58069896697998,
  "umap2": 6.5426411628723145
}