{
  "No direct optim ancestor": "None",
  "umap1": 0.9505605449655627,
  "umap2": 0.2553951318833366
}