{
  "umap1": 11.264540672302246,
  "umap2": 1.534220814704895
}