{
  "No direct optim ancestor": "None",
  "umap1": 0.3444582382329382,
  "umap2": 0.223391515086933
}