{
  "umap1": 0.5279881386891703,
  "umap2": 0.8754413564566109
}