{
  "umap1": 10.585348129272461,
  "umap2": 2.3251912593841553
}