{
  "umap1": 4.904932022094727,
  "umap2": 10.84408950805664
}