{
  "umap1": 0.07057026703630598,
  "umap2": 0.048765774980044196
}