{
  "umap1": 1.391640305519104,
  "umap2": 9.8274507522583
}