{
  "umap1": 0.35603130261367466,
  "umap2": 0.7786011907356274
}