{
  "umap1": 0.9699345056671766,
  "umap2": 0.1030632417429137
}