{
  "No direct optim ancestor": "None",
  "umap1": 0.8150207164109615,
  "umap2": 0.5381671002620457
}