{
  "umap1": 3.6703567504882812,
  "umap2": 9.845789909362793
}