{
  "umap1": 0.6411723138049953,
  "umap2": 0.616942859658609
}