{
  "No direct optim ancestor": "None",
  "umap1": 0.25124822152589743,
  "umap2": 0.43354846304431893
}