{
  "umap1": 0.17631217561610923,
  "umap2": 0.12011160604010274
}