{
  "umap1": 0.6601395583396296,
  "umap2": 0.017781168195274866
}