{
  "No direct optim ancestor": "None",
  "umap1": 0.5823730339323636,
  "umap2": 0.4809033866321961
}