{
  "umap1": 0.5517566907034334,
  "umap2": 0.3744680105726036
}