{
  "No direct optim ancestor": "None",
  "umap1": 0.5682863823108565,
  "umap2": 0.8661131452775627
}