{
  "umap1": 0.46645413113736833,
  "umap2": 0.03945124692408908
}