{
  "No direct optim ancestor": "None",
  "umap1": 0.9347654117210152,
  "umap2": 0.47896567098125464
}