{
  "umap1": 0.9267539226110354,
  "umap2": 0.5750407129564904
}