{
  "umap1": 12.545502662658691,
  "umap2": 3.5533406734466553
}