{
  "No direct optim ancestor": "None",
  "umap1": 0.6400857990916652,
  "umap2": 0.31352516345584547
}