{
  "umap1": 0.9118721424611743,
  "umap2": 0.7564259672980623
}