{
  "umap1": 12.287022590637207,
  "umap2": 6.8263115882873535
}