{
  "umap1": 0.26774575440080806,
  "umap2": 0.6906946283065873
}