{
  "umap1": 1.0217132568359375,
  "umap2": 9.655466079711914
}