{
  "No direct optim ancestor": "None",
  "umap1": 0.7123874204651213,
  "umap2": 0.5257708074623045
}