{
  "umap1": 0.35415121505030334,
  "umap2": 0.5795457844899332
}