{
  "umap1": 8.807044982910156,
  "umap2": 5.715719699859619
}