{
  "umap1": 13.71657657623291,
  "umap2": 5.227561950683594
}