{
  "No direct optim ancestor": "None",
  "umap1": 0.49097136319461654,
  "umap2": 0.1679467260685995
}