{
  "umap1": 0.9229493068379608,
  "umap2": 0.5665091679574352
}