{
  "umap1": 11.113800048828125,
  "umap2": 1.6634995937347412
}