{
  "umap1": 8.832932472229004,
  "umap2": 5.712738990783691
}