{
  "umap1": 0.5904407403448926,
  "umap2": 0.7447740712612357
}