{
  "No direct optim ancestor": "None",
  "umap1": 0.0699714271076628,
  "umap2": 0.016499094850482177
}