{
  "umap1": 9.523920059204102,
  "umap2": 5.41228723526001
}