{
  "umap1": 0.3242103266442048,
  "umap2": 0.22139159594740976
}