{
  "Ancestor's direct optim goal": "a photo of a five-armed red starfish with green spines",
  "umap1": 0.9776892330783575,
  "umap2": 0.7453829756822616
}