{
  "umap1": 11.272598266601562,
  "umap2": 1.6692500114440918
}