{
  "No direct optim ancestor": "None",
  "umap1": 0.7812798804347434,
  "umap2": 0.05421624860072738
}