{
  "umap1": 0.28444669609660245,
  "umap2": 0.46524010640051594
}