{
  "umap1": 0.8750046699482967,
  "umap2": 0.10817491683546532
}