{
  "umap1": 9.549995422363281,
  "umap2": 4.553315162658691
}