{
  "No direct optim ancestor": "None",
  "umap1": 0.6172189524425084,
  "umap2": 0.6926208070066524
}