{
  "umap1": 11.846518516540527,
  "umap2": 3.915367364883423
}