{
  "No direct optim ancestor": "None",
  "umap1": 0.9197972059179939,
  "umap2": 0.44032439317421324
}