{
  "umap1": 0.9343249617590383,
  "umap2": 0.7903439181661512
}