{
  "umap1": 0.037046881631640716,
  "umap2": 0.23357264472745343
}