{
  "umap1": 12.215981483459473,
  "umap2": 4.564524173736572
}