{
  "umap1": 0.12411930671696514,
  "umap2": 0.19916613455476384
}