{
  "No direct optim ancestor": "None",
  "umap1": 0.10608174602116505,
  "umap2": 0.9575285221863459
}