{
  "umap1": 0.2209878491961894,
  "umap2": 0.4375376786224119
}