{
  "umap1": 11.070597648620605,
  "umap2": 1.436840534210205
}