{
  "No direct optim ancestor": "None",
  "umap1": 0.033879828953332636,
  "umap2": 0.25926208227824277
}