{
  "umap1": 0.9643460590984537,
  "umap2": 0.7480252872920553
}