{
  "No direct optim ancestor": "None",
  "umap1": 0.6404337338754704,
  "umap2": 0.19721148794883026
}