{
  "umap1": 0.3173032760608596,
  "umap2": 0.29184723850547245
}