{
  "No direct optim ancestor": "None",
  "umap1": 0.9323578280558069,
  "umap2": 0.2194583056242988
}