{
  "umap1": 0.2191022907167267,
  "umap2": 0.7404500214204424
}