{
  "umap1": 8.722894668579102,
  "umap2": 9.132599830627441
}