{
  "umap1": 12.843356132507324,
  "umap2": 1.606540560722351
}