{
  "umap1": 14.177907943725586,
  "umap2": 6.136040687561035
}