{
  "umap1": 13.190665245056152,
  "umap2": 3.0190017223358154
}