{
  "umap1": 10.123226165771484,
  "umap2": 5.8483991622924805
}