{
  "No direct optim ancestor": "None",
  "umap1": 0.39757796413414515,
  "umap2": 0.8359329576033244
}