{
  "umap1": 0.7824235007436283,
  "umap2": 0.4970051051099089
}