{
  "No direct optim ancestor": "None",
  "umap1": 0.7397225027311584,
  "umap2": 0.2051344443759877
}