{
  "umap1": 0.25817759074277713,
  "umap2": 0.150802824516447
}