{
  "umap1": 0.8052159101651738,
  "umap2": 0.29173204433707334
}