{
  "No direct optim ancestor": "None",
  "umap1": 0.9172052758189145,
  "umap2": 0.8518718066290546
}