{
  "umap1": 0.682237486560829,
  "umap2": 0.2080719949260097
}