{
  "No direct optim ancestor": "None",
  "umap1": 0.9535935413234579,
  "umap2": 0.3035498681319372
}