{
  "umap1": 13.324554443359375,
  "umap2": 5.011215686798096
}