{
  "umap1": 0.2102161721345993,
  "umap2": 0.5921497069550243
}