{
  "umap1": 13.109699249267578,
  "umap2": 7.541254043579102
}