{
  "umap1": 12.597249031066895,
  "umap2": 7.125521183013916
}