{
  "No direct optim ancestor": "None",
  "umap1": 0.980591140582853,
  "umap2": 0.5440033965668292
}