{
  "umap1": 0.1344733742107932,
  "umap2": 0.013357634654500461
}