{
  "No direct optim ancestor": "None",
  "umap1": 0.7192307243606717,
  "umap2": 0.3844805629017368
}