{
  "umap1": 12.29641342163086,
  "umap2": 1.9091163873672485
}