{
  "umap1": 0.9965065772345484,
  "umap2": 0.4660462383297461
}