{
  "umap1": 1.267378807067871,
  "umap2": 9.96314525604248
}