{
  "umap1": 0.2961083754704442,
  "umap2": 0.6242971623810797
}