{
  "umap1": 14.229484558105469,
  "umap2": 3.1789770126342773
}