{
  "No direct optim ancestor": "None",
  "umap1": 0.2795226819010539,
  "umap2": 0.14629485694822664
}