{
  "umap1": 0.16688701683099727,
  "umap2": 0.10796070162144245
}