{
  "umap1": 0.5326126965036162,
  "umap2": 0.6787497165579774
}