{
  "umap1": 2.9446370601654053,
  "umap2": 10.265677452087402
}