{
  "umap1": 0.7349189402718522,
  "umap2": 0.8523737678125138
}