{
  "umap1": 0.3504621989967165,
  "umap2": 0.08907268591255069
}