{
  "No direct optim ancestor": "None",
  "umap1": 0.05448879837960541,
  "umap2": 0.654402389830091
}