{
  "umap1": 0.7604695801009027,
  "umap2": 0.6113205966801918
}