{
  "umap1": 11.956419944763184,
  "umap2": 3.76192307472229
}