{
  "umap1": 10.034092903137207,
  "umap2": 2.7911376953125
}