{
  "No direct optim ancestor": "None",
  "umap1": 0.4079140443044703,
  "umap2": 0.7279553310639334
}