{
  "umap1": 0.8460342419318155,
  "umap2": 0.16099131498260388
}