{
  "umap1": 13.62326717376709,
  "umap2": 1.814512848854065
}