{
  "umap1": 0.9042007668391984,
  "umap2": 0.1293021876321846
}