{
  "No direct optim ancestor": "None",
  "umap1": 0.48953906794563984,
  "umap2": 0.9126277309799419
}