{
  "umap1": 0.04306083598307764,
  "umap2": 0.9398472613016008
}