{
  "umap1": 14.201783180236816,
  "umap2": 6.2044548988342285
}