{
  "No direct optim ancestor": "None",
  "umap1": 0.8585693814778546,
  "umap2": 0.9314306212936482
}