{
  "umap1": 0.6319676980944299,
  "umap2": 0.8084675614936694
}