{
  "umap1": 13.61058521270752,
  "umap2": 5.410613059997559
}