{
  "No direct optim ancestor": "None",
  "umap1": 0.6020686448753769,
  "umap2": 0.5425807479524863
}