{
  "umap1": 0.36454162639319376,
  "umap2": 0.1798200804539839
}