{
  "umap1": 0.9272100252565254,
  "umap2": 0.7201036532459363
}