{
  "No direct optim ancestor": "None",
  "umap1": 0.8577056680219157,
  "umap2": 0.5601863316774737
}