{
  "umap1": 13.492566108703613,
  "umap2": 2.0235190391540527
}