{
  "umap1": 0.10386301861784164,
  "umap2": 0.8822895271929139
}