{
  "umap1": 10.088376998901367,
  "umap2": 1.1842845678329468
}