{
  "No direct optim ancestor": "None",
  "umap1": 0.8813191127968509,
  "umap2": 0.7503736318866697
}