{
  "umap1": 0.21846660143757457,
  "umap2": 0.37952163994731847
}