{
  "No direct optim ancestor": "None",
  "umap1": 0.07943649138757203,
  "umap2": 0.44176766539102064
}