{
  "umap1": 0.8553471619032987,
  "umap2": 0.7885667579464107
}