{
  "umap1": 2.936879873275757,
  "umap2": 10.6520414352417
}