{
  "umap1": 0.378562784680049,
  "umap2": 0.4750193999392499
}