{
  "umap1": 8.073869705200195,
  "umap2": 8.894063949584961
}