{
  "No direct optim ancestor": "None",
  "umap1": 0.20338423033983022,
  "umap2": 0.8246849247662645
}