{
  "umap1": 0.13647098736794627,
  "umap2": 0.6646162725485445
}