{
  "umap1": 0.4118926431212929,
  "umap2": 0.48988913058898753,
  "Direct optim goal": "a photo of a red frog with green eyes and blue feet"
}