{
  "umap1": 9.298727035522461,
  "umap2": 1.687398076057434
}