{
  "umap1": 13.487752914428711,
  "umap2": 3.8466074466705322
}