{
  "No direct optim ancestor": "None",
  "umap1": 0.8086393373815156,
  "umap2": 0.1110932945098203
}