{
  "umap1": 0.33634643370372574,
  "umap2": 0.35181342492823287
}