{
  "umap1": 13.769672393798828,
  "umap2": 2.080254316329956
}