{
  "umap1": 0.753180552340029,
  "umap2": 0.03459378975116212
}