{
  "No direct optim ancestor": "None",
  "umap1": 0.810581377752321,
  "umap2": 0.14512229552571576
}