{
  "umap1": 1.0015836954116821,
  "umap2": 9.752633094787598
}