{
  "umap1": 0.8818510679874647,
  "umap2": 0.6246998348937004
}