{
  "umap1": 13.903112411499023,
  "umap2": 1.9450902938842773
}