{
  "No direct optim ancestor": "None",
  "umap1": 0.5037492764447861,
  "umap2": 0.8969890248980428
}