{
  "umap1": 0.5509952486235611,
  "umap2": 0.8185179876733436
}