{
  "umap1": 2.693950891494751,
  "umap2": 10.624138832092285
}