{
  "No direct optim ancestor": "None",
  "umap1": 0.14273475317403028,
  "umap2": 0.27067439362104717
}