{
  "umap1": 0.045235045901845905,
  "umap2": 0.7869123894961908
}