{
  "umap1": 0.20692618607942048,
  "umap2": 0.7853028381580116
}