{
  "No direct optim ancestor": "None",
  "umap1": 0.19852568433568063,
  "umap2": 0.16640143593655898
}