{
  "umap1": 10.397534370422363,
  "umap2": 2.660308599472046
}