{
  "umap1": 12.148804664611816,
  "umap2": 3.4711008071899414
}