{
  "No direct optim ancestor": "None",
  "umap1": 0.9490207399150707,
  "umap2": 0.7963417921881091
}