{
  "umap1": 0.5860422304986825,
  "umap2": 0.30198752012011865
}