{
  "umap1": 12.746528625488281,
  "umap2": 3.7090682983398438
}