{
  "umap1": 12.14067554473877,
  "umap2": 2.469963788986206
}