{
  "No direct optim ancestor": "None",
  "umap1": 0.8863900532047682,
  "umap2": 0.7497525707433544
}