{
  "umap1": 0.17218555328587004,
  "umap2": 0.8701204917712787
}