{
  "umap1": 9.701493263244629,
  "umap2": 3.606264114379883
}