{
  "umap1": 13.363324165344238,
  "umap2": 6.151494979858398
}