{
  "umap1": 12.959373474121094,
  "umap2": 3.9072468280792236
}