{
  "umap1": 0.19320204822751197,
  "umap2": 0.15896530337651948
}