{
  "umap1": 13.283513069152832,
  "umap2": 4.796682834625244
}