{
  "umap1": 14.08736801147461,
  "umap2": 4.0404253005981445
}