{
  "No direct optim ancestor": "None",
  "umap1": 0.7633409792835144,
  "umap2": 0.028027014031907216
}