{
  "umap1": 0.2827273486779591,
  "umap2": 0.3375648886568591
}