{
  "umap1": 12.012910842895508,
  "umap2": 2.3405306339263916
}