{
  "No direct optim ancestor": "None",
  "umap1": 0.1468256489174803,
  "umap2": 0.9716827050083527
}