{
  "umap1": 0.6147033548267284,
  "umap2": 0.9347086730314389
}