{
  "umap1": 10.225743293762207,
  "umap2": 1.5984388589859009
}