{
  "umap1": 0.6115071525166503,
  "umap2": 0.21106659159245755
}