{
  "No direct optim ancestor": "None",
  "umap1": 0.3930623788314258,
  "umap2": 0.3895147533368356
}