{
  "umap1": 0.22342544326791558,
  "umap2": 0.1545952532230188
}