{
  "umap1": 4.874091148376465,
  "umap2": 10.888075828552246
}