{
  "umap1": 10.130099296569824,
  "umap2": 2.689988374710083
}