{
  "umap1": 0.5482838423593135,
  "umap2": 0.7527599962327374
}