{
  "No direct optim ancestor": "None",
  "umap1": 0.6157823949391619,
  "umap2": 0.20327346872674712
}