{
  "umap1": 0.0660420580989074,
  "umap2": 0.691971108994687
}