{
  "No direct optim ancestor": "None",
  "umap1": 0.09843660811893618,
  "umap2": 0.2406071976176506
}