{
  "umap1": 0.6195493831130591,
  "umap2": 0.3608570269801574
}