{
  "umap1": 13.141921043395996,
  "umap2": 5.028076171875
}