{
  "No direct optim ancestor": "None",
  "umap1": 0.09751212511243756,
  "umap2": 0.12215372047426509
}