{
  "umap1": 12.966727256774902,
  "umap2": 3.39760684967041
}