{
  "umap1": 0.20871681754650662,
  "umap2": 0.012619334503249813
}