{
  "umap1": 10.287493705749512,
  "umap2": 2.8757755756378174
}