{
  "umap1": 0.05009812693642712,
  "umap2": 0.8089836563289521
}