{
  "No direct optim ancestor": "None",
  "umap1": 0.004161291704667502,
  "umap2": 0.10753714063339359
}