{
  "umap1": 12.280109405517578,
  "umap2": 2.2936594486236572
}