{
  "umap1": 0.9926546661228982,
  "umap2": 0.7894342061854777
}