{
  "umap1": 11.25587272644043,
  "umap2": 1.4131925106048584
}