{
  "No direct optim ancestor": "None",
  "umap1": 0.6125649991372574,
  "umap2": 0.08038472435692645
}