{
  "umap1": 12.734007835388184,
  "umap2": 7.524188041687012
}