{
  "umap1": 0.12499355475428542,
  "umap2": 0.3509969773737046
}