{
  "No direct optim ancestor": "None",
  "umap1": 0.20197499380987827,
  "umap2": 0.3332100516872988
}