{
  "umap1": 0.15105621820883408,
  "umap2": 0.19718508845398075
}