{
  "No direct optim ancestor": "None",
  "umap1": 0.29955168786356157,
  "umap2": 0.4229662264975693
}