{
  "umap1": 13.466728210449219,
  "umap2": 5.485231876373291
}