{
  "umap1": 4.9942216873168945,
  "umap2": 10.764397621154785
}