{
  "umap1": 1.0473072528839111,
  "umap2": 9.799484252929688
}