{
  "umap1": 0.6601358084454017,
  "umap2": 0.8310604814469285
}