{
  "umap1": 11.388614654541016,
  "umap2": 3.6816155910491943
}