{
  "No direct optim ancestor": "None",
  "umap1": 0.18015212992791674,
  "umap2": 0.8997976269683219
}