{
  "umap1": 0.05558315248825807,
  "umap2": 0.4248923849479289
}