{
  "umap1": 12.812032699584961,
  "umap2": 2.8245036602020264
}