{
  "umap1": 0.7267653827677223,
  "umap2": 0.5064824821664595
}