{
  "No direct optim ancestor": "None",
  "umap1": 0.1942925182368459,
  "umap2": 0.4096913931313836
}