{
  "umap1": 12.824871063232422,
  "umap2": 7.696098327636719
}