{
  "umap1": 10.062688827514648,
  "umap2": 5.412208080291748
}