{
  "umap1": 13.45886516571045,
  "umap2": 7.437900543212891
}