{
  "umap1": 0.8630167119884821,
  "umap2": 0.9398313621331311
}