{
  "No direct optim ancestor": "None",
  "umap1": 0.7220764589704809,
  "umap2": 0.223014398444631
}