{
  "No direct optim ancestor": "None",
  "umap1": 0.2683116995050874,
  "umap2": 0.7319819890471464
}