{
  "umap1": 0.7865868956288162,
  "umap2": 0.798579731825596
}