{
  "umap1": 9.033868789672852,
  "umap2": 6.536229133605957
}