{
  "umap1": 12.807600975036621,
  "umap2": 6.069639682769775
}