{
  "No direct optim ancestor": "None",
  "umap1": 0.9630547676982428,
  "umap2": 0.04330486211024187
}