{
  "umap1": 0.6741534036251856,
  "umap2": 0.9184492423100217
}