{
  "umap1": 12.733072280883789,
  "umap2": 2.5408213138580322
}