{
  "umap1": 13.663457870483398,
  "umap2": 4.440289497375488
}