{
  "No direct optim ancestor": "None",
  "umap1": 0.08861982517632105,
  "umap2": 0.44113259323204956
}