{
  "umap1": 0.10784826479023313,
  "umap2": 0.0013294054174052272
}