{
  "umap1": 13.852043151855469,
  "umap2": 6.724750995635986
}