{
  "No direct optim ancestor": "None",
  "umap1": 0.15486716364355202,
  "umap2": 0.8266503115781494
}