{
  "umap1": 0.11588837348794723,
  "umap2": 0.9135696499885049
}