{
  "umap1": 0.8290826031868388,
  "umap2": 0.2818528126310845
}