{
  "umap1": 13.403846740722656,
  "umap2": 7.140594482421875
}