{
  "umap1": 11.460847854614258,
  "umap2": 3.76814341545105
}