{
  "No direct optim ancestor": "None",
  "umap1": 0.7856708899370137,
  "umap2": 0.6807224950780394
}