{
  "umap1": 12.868861198425293,
  "umap2": 7.412092685699463
}