{
  "umap1": 0.2845680690027237,
  "umap2": 0.26073514474751003
}