{
  "umap1": 0.7742118898208705,
  "umap2": 0.4434357903221233
}