{
  "No direct optim ancestor": "None",
  "umap1": 0.9636186775897767,
  "umap2": 0.643743282345741
}