{
  "umap1": 0.8009089936804463,
  "umap2": 0.9674711961719988
}