{
  "No direct optim ancestor": "None",
  "umap1": 0.5873550688898226,
  "umap2": 0.37174425070554773
}