{
  "umap1": 0.5984083092244313,
  "umap2": 0.6069841429221344
}