{
  "umap1": 8.071922302246094,
  "umap2": 8.859546661376953
}