{
  "umap1": 0.42053378362852234,
  "umap2": 0.5251750423203159
}