{
  "umap1": 8.114476203918457,
  "umap2": 8.802263259887695
}