{
  "umap1": 0.5759737056468534,
  "umap2": 0.693954529893107,
  "Direct optim goal": "a mandala of eight red triangles with green dots"
}