{
  "No direct optim ancestor": "None",
  "umap1": 0.237892558787552,
  "umap2": 0.6030264392266088
}