{
  "umap1": 0.5999011929513153,
  "umap2": 0.26149369596304606
}