{
  "No direct optim ancestor": "None",
  "umap1": 0.874058707803228,
  "umap2": 0.5286663164279749
}