{
  "umap1": 0.8109706046655168,
  "umap2": 0.1982503149571625
}