{
  "umap1": 4.9175262451171875,
  "umap2": 10.846172332763672
}