{
  "umap1": 13.167027473449707,
  "umap2": 2.7453835010528564
}