{
  "umap1": 3.2058866024017334,
  "umap2": 10.487305641174316
}