{
  "umap1": 0.6605782415219897,
  "umap2": 0.9836523818201688
}