{
  "umap1": 0.3324183337061586,
  "umap2": 0.8678302844397815
}