{
  "umap1": 11.858237266540527,
  "umap2": 6.484798431396484
}