{
  "umap1": 7.348338603973389,
  "umap2": 5.8547587394714355
}