{
  "umap1": 0.5117284452027518,
  "umap2": 0.004489595044532391
}