{
  "No direct optim ancestor": "None",
  "umap1": 0.15766931318028354,
  "umap2": 0.5933415233887476
}