{
  "umap1": 8.34286880493164,
  "umap2": 7.257360935211182
}