{
  "umap1": 8.27920913696289,
  "umap2": 6.79861307144165
}