{
  "umap1": 0.21819898949927963,
  "umap2": 0.2963046898775241
}