{
  "umap1": 8.656913757324219,
  "umap2": 5.130322456359863
}