{
  "No direct optim ancestor": "None",
  "umap1": 0.33477837662031795,
  "umap2": 0.4698361455004283
}