{
  "umap1": 0.20050038520472158,
  "umap2": 0.8438861461634266
}