{
  "umap1": 13.10457706451416,
  "umap2": 3.954909563064575
}