{
  "No direct optim ancestor": "None",
  "umap1": 0.939434020970089,
  "umap2": 0.5851650230374501
}