{
  "No direct optim ancestor": "None",
  "umap1": 0.09579120748145198,
  "umap2": 0.9475010527351857
}