{
  "umap1": 0.15556079440691128,
  "umap2": 0.9282154667648289
}