{
  "No direct optim ancestor": "None",
  "umap1": 0.16804524473074545,
  "umap2": 0.717808248398872
}