{
  "umap1": 12.617773056030273,
  "umap2": 2.032083511352539
}