{
  "umap1": 0.6492907415055673,
  "umap2": 0.6578099142720856
}