{
  "umap1": 12.273174285888672,
  "umap2": 3.1079978942871094
}