{
  "umap1": 10.874290466308594,
  "umap2": 1.527632713317871
}