{
  "umap1": 0.46317430619765243,
  "umap2": 0.5764543493954032
}