{
  "No direct optim ancestor": "None",
  "umap1": 0.6581909613693472,
  "umap2": 0.9149871009047003
}