{
  "umap1": 11.552142143249512,
  "umap2": 3.315427541732788
}