{
  "umap1": 9.63539981842041,
  "umap2": 3.37933611869812
}