{
  "umap1": 0.7903126787967916,
  "umap2": 0.2851226371912702
}