{
  "No direct optim ancestor": "None",
  "umap1": 0.079274058648515,
  "umap2": 0.2362581576759094
}