{
  "umap1": 12.79371452331543,
  "umap2": 7.501436233520508
}