{
  "umap1": 11.4881591796875,
  "umap2": 2.8219504356384277
}