{
  "umap1": 0.8682599620556637,
  "umap2": 0.6954217148075732
}