{
  "No direct optim ancestor": "None",
  "umap1": 0.18548505964936557,
  "umap2": 0.289312508958814
}