{
  "umap1": 0.7616296098777414,
  "umap2": 0.7219363912351928
}