{
  "No direct optim ancestor": "None",
  "umap1": 0.2503459221518739,
  "umap2": 0.5361136295478524
}