{
  "No direct optim ancestor": "None",
  "umap1": 0.37916654330066624,
  "umap2": 0.5762591532849398
}