{
  "umap1": 0.8772115448244819,
  "umap2": 0.9040798031302865
}