{
  "umap1": 0.6279037793525002,
  "umap2": 0.003585473870444722
}