{
  "No direct optim ancestor": "None",
  "umap1": 0.5919289883175675,
  "umap2": 0.6250665523540528
}