{
  "umap1": 0.40483974195596795,
  "umap2": 0.9024092288745708
}