{
  "No direct optim ancestor": "None",
  "umap1": 0.7501581186551706,
  "umap2": 0.7615815353152549
}