{
  "umap1": 0.6523010288839366,
  "umap2": 0.5227049197568797
}