{
  "umap1": 14.343402862548828,
  "umap2": 5.765293598175049
}