{
  "No direct optim ancestor": "None",
  "umap1": 0.2573626677987765,
  "umap2": 0.7076117027357091
}