{
  "umap1": 0.6403060637355886,
  "umap2": 0.3006204618978652
}