{
  "umap1": 1.4565753936767578,
  "umap2": 10.052330017089844
}