{
  "umap1": 0.8469850413279689,
  "umap2": 0.029884499964106914
}