{
  "umap1": 2.6524336338043213,
  "umap2": 10.706640243530273
}