{
  "umap1": 0.12337920500054478,
  "umap2": 0.3681732901799438
}