{
  "umap1": 14.39389419555664,
  "umap2": 5.883650779724121
}