{
  "No direct optim ancestor": "None",
  "umap1": 0.5578339956003084,
  "umap2": 0.5635849917433804
}