{
  "umap1": 0.3994378145261468,
  "umap2": 0.07052649434470648
}