{
  "umap1": 10.434333801269531,
  "umap2": 1.4056583642959595
}