{
  "umap1": 11.973875999450684,
  "umap2": 2.8606152534484863
}