{
  "umap1": 0.6287802333385648,
  "umap2": 0.803843236190313
}