{
  "No direct optim ancestor": "None",
  "umap1": 0.43154404498084564,
  "umap2": 0.2425978952027522
}