{
  "umap1": 7.285874843597412,
  "umap2": 5.9550018310546875
}