{
  "umap1": 0.7564518033157752,
  "umap2": 0.10369991360276087
}