{
  "umap1": 0.3043100718395454,
  "umap2": 0.3059104488225992
}