{
  "umap1": 2.6512513160705566,
  "umap2": 10.686747550964355
}