{
  "umap1": 0.018778123918082756,
  "umap2": 0.07329578795565461
}