{
  "umap1": 9.219794273376465,
  "umap2": 4.242191314697266
}