{
  "No direct optim ancestor": "None",
  "umap1": 0.6325533910327151,
  "umap2": 0.354229237841144
}