{
  "umap1": 10.590484619140625,
  "umap2": 3.590604782104492
}