{
  "umap1": 0.9095201049043588,
  "umap2": 0.945488881074911
}