{
  "No direct optim ancestor": "None",
  "umap1": 0.6808841281681942,
  "umap2": 0.7674401937820338
}