{
  "No direct optim ancestor": "None",
  "umap1": 0.8904971799669633,
  "umap2": 0.6204114034067304
}