{
  "umap1": 12.976617813110352,
  "umap2": 2.8808670043945312
}