{
  "umap1": 0.42721293850163844,
  "umap2": 0.61528392869994
}