{
  "umap1": 9.756890296936035,
  "umap2": 1.388303279876709
}