{
  "umap1": 12.82990550994873,
  "umap2": 5.986908912658691
}