{
  "umap1": 1.056531548500061,
  "umap2": 9.612648963928223
}