{
  "umap1": 0.25326536539043476,
  "umap2": 0.14517551838373743
}