{
  "No direct optim ancestor": "None",
  "umap1": 0.3990717671842995,
  "umap2": 0.6308876606470064
}