{
  "umap1": 0.16650487854313378,
  "umap2": 0.8081637533052178
}