{
  "umap1": 0.4223670678195396,
  "umap2": 0.1292280929439822
}