{
  "umap1": 4.958056449890137,
  "umap2": 10.799981117248535
}