{
  "umap1": 0.6857142160777147,
  "umap2": 0.18703188996363906
}