{
  "umap1": 9.688285827636719,
  "umap2": 3.6235878467559814
}