{
  "No direct optim ancestor": "None",
  "umap1": 0.31765786546045904,
  "umap2": 0.33523199349890775
}