{
  "umap1": 0.8690554496922778,
  "umap2": 0.6098882832694353
}