{
  "No direct optim ancestor": "None",
  "umap1": 0.26193417930104324,
  "umap2": 0.19470961814043364
}