{
  "umap1": 0.7066409645882782,
  "umap2": 0.5198896478768589
}