{
  "umap1": 0.21477016773620872,
  "umap2": 0.021471143365121015
}