{
  "umap1": 9.535447120666504,
  "umap2": 1.6291307210922241
}