{
  "No direct optim ancestor": "None",
  "umap1": 0.2259677688267171,
  "umap2": 0.020411348969264664
}