{
  "umap1": 0.033811294853433926,
  "umap2": 0.7564164433647295
}