{
  "umap1": 10.845999717712402,
  "umap2": 1.575275182723999
}