{
  "No direct optim ancestor": "None",
  "umap1": 0.29655840160347424,
  "umap2": 0.4073268939983049
}