{
  "umap1": 0.8975995189343396,
  "umap2": 0.04666181930663271
}