{
  "umap1": 13.0300931930542,
  "umap2": 6.951544284820557
}