{
  "umap1": 0.8743836943759411,
  "umap2": 0.4590339341222681
}