{
  "No direct optim ancestor": "None",
  "umap1": 0.14250636908512282,
  "umap2": 0.671367728077915
}