{
  "umap1": 0.5626829862049396,
  "umap2": 0.031019492005354032
}