{
  "umap1": 13.12394905090332,
  "umap2": 6.791505813598633
}