{
  "umap1": 10.247495651245117,
  "umap2": 2.532033681869507
}