{
  "umap1": 0.7739754482798227,
  "umap2": 0.3417709070308289
}