{
  "umap1": 13.815900802612305,
  "umap2": 6.504313945770264
}