{
  "umap1": 0.26237271060742606,
  "umap2": 0.5874989079924396
}