{
  "umap1": 3.058929681777954,
  "umap2": 10.539048194885254
}