{
  "umap1": 12.155961036682129,
  "umap2": 6.2061333656311035
}