{
  "umap1": 0.9821756849775529,
  "umap2": 0.7679852676596399
}