{
  "umap1": 1.1127266883850098,
  "umap2": 9.65662670135498
}