{
  "No direct optim ancestor": "None",
  "umap1": 0.9875492396835536,
  "umap2": 0.732645974514223
}