{
  "umap1": 12.026288032531738,
  "umap2": 3.3703601360321045
}