{
  "umap1": 0.28521311545427896,
  "umap2": 0.783400363738497
}