{
  "umap1": 8.693013191223145,
  "umap2": 3.158735513687134
}