{
  "umap1": 11.93766975402832,
  "umap2": 3.178256034851074
}