{
  "umap1": 4.932231426239014,
  "umap2": 10.788968086242676
}