{
  "umap1": 0.7471297312690292,
  "umap2": 0.916139438830275
}