{
  "umap1": 1.7715166807174683,
  "umap2": 10.060792922973633
}