{
  "umap1": 3.5728633403778076,
  "umap2": 10.328376770019531
}