{
  "umap1": 3.046295404434204,
  "umap2": 10.592930793762207
}