{
  "umap1": 0.6310030583999274,
  "umap2": 0.21620303699670507
}