{
  "umap1": 9.408845901489258,
  "umap2": 3.370924711227417
}