{
  "umap1": 0.6376609956828819,
  "umap2": 0.8349622010059756
}