{
  "No direct optim ancestor": "None",
  "umap1": 0.8861786699321728,
  "umap2": 0.7955786356146923
}