{
  "umap1": 0.7835363183703135,
  "umap2": 0.28105888322675765
}