{
  "umap1": 8.961828231811523,
  "umap2": 4.7704362869262695
}