{
  "umap1": 0.17562998376084593,
  "umap2": 0.9507484284814469
}