{
  "No direct optim ancestor": "None",
  "umap1": 0.5440694150518419,
  "umap2": 0.30954644907260387
}