{
  "umap1": 0.27516705367022487,
  "umap2": 0.5509263165523222
}