{
  "umap1": 2.923504114151001,
  "umap2": 10.329913139343262
}