{
  "No direct optim ancestor": "None",
  "umap1": 0.7819431162228331,
  "umap2": 0.7035700355270179
}