{
  "umap1": 0.07775235547115578,
  "umap2": 0.29623556982668386
}