{
  "umap1": 11.466493606567383,
  "umap2": 3.615100145339966
}