{
  "umap1": 4.94770622253418,
  "umap2": 10.815619468688965
}