{
  "umap1": 0.2588818465127102,
  "umap2": 0.39841741890590665
}