{
  "umap1": 8.332117080688477,
  "umap2": 7.239436626434326
}