{
  "umap1": 0.9628887037002659,
  "umap2": 0.9650894232822269
}