{
  "umap1": 14.058124542236328,
  "umap2": 5.170644760131836
}