{
  "No direct optim ancestor": "None",
  "umap1": 0.05823951863810117,
  "umap2": 0.5794090600035848
}