{
  "umap1": 12.205724716186523,
  "umap2": 2.6459884643554688
}