{
  "umap1": 0.8419544303439832,
  "umap2": 0.4807160517034078
}