{
  "No direct optim ancestor": "None",
  "umap1": 0.19845035264028354,
  "umap2": 0.10976086941744745
}