{
  "umap1": 12.509930610656738,
  "umap2": 7.292389869689941
}