{
  "No direct optim ancestor": "None",
  "umap1": 0.33205881698167383,
  "umap2": 0.043598994130442326
}