{
  "umap1": 0.1575222672081663,
  "umap2": 0.5991573301649593
}