{
  "umap1": 9.066226959228516,
  "umap2": 7.025301456451416
}