{
  "No direct optim ancestor": "None",
  "umap1": 0.8179528058487634,
  "umap2": 0.349856205560125
}