{
  "umap1": 0.9240126169971524,
  "umap2": 0.14990743481613633
}