{
  "umap1": 8.639686584472656,
  "umap2": 5.386688232421875
}