{
  "No direct optim ancestor": "None",
  "umap1": 0.2976813720316621,
  "umap2": 0.3585931267350896
}