{
  "umap1": 0.798334431251089,
  "umap2": 0.24586698936860452
}