{
  "umap1": 10.00782299041748,
  "umap2": 4.207417011260986
}