{
  "umap1": 11.701239585876465,
  "umap2": 2.6727097034454346
}