{
  "umap1": 0.9215156463736701,
  "umap2": 0.9849775385284597
}