{
  "No direct optim ancestor": "None",
  "umap1": 0.46994739409951514,
  "umap2": 0.589864489067624
}