{
  "umap1": 12.731101989746094,
  "umap2": 3.6492807865142822
}