{
  "umap1": 0.762093654959607,
  "umap2": 0.970593707204007
}