{
  "No direct optim ancestor": "None",
  "umap1": 0.9191221922488191,
  "umap2": 0.9473650349748306
}