{
  "umap1": 12.499231338500977,
  "umap2": 6.654659748077393
}