{
  "No direct optim ancestor": "None",
  "umap1": 0.7528144323541357,
  "umap2": 0.07246473750332016
}