{
  "umap1": 0.40104986956009503,
  "umap2": 0.16431199615099878
}