{
  "umap1": 13.183629035949707,
  "umap2": 6.668741703033447
}