{
  "umap1": 0.08860484964444637,
  "umap2": 0.4129854581100383
}