{
  "umap1": 12.036375045776367,
  "umap2": 2.476402997970581
}