{
  "No direct optim ancestor": "None",
  "umap1": 0.21753882058764973,
  "umap2": 0.8459731647095912
}