{
  "umap1": 0.39576516091666347,
  "umap2": 0.49100363423286963
}