{
  "No direct optim ancestor": "None",
  "umap1": 0.39396654597801883,
  "umap2": 0.10703224545911216
}