{
  "umap1": 12.821322441101074,
  "umap2": 7.686764240264893
}