{
  "umap1": 0.8712888534994433,
  "umap2": 0.6136707917165246
}