{
  "umap1": 0.8471761028391763,
  "umap2": 0.1347475253259126
}