{
  "umap1": 9.47773551940918,
  "umap2": 2.8153905868530273
}