{
  "No direct optim ancestor": "None",
  "umap1": 0.06273331841233398,
  "umap2": 0.9137330175111533
}