{
  "umap1": 3.527998447418213,
  "umap2": 10.330451965332031
}