{
  "umap1": 12.239725112915039,
  "umap2": 6.454076766967773
}