{
  "umap1": 0.6321158318815603,
  "umap2": 0.3698943359525072
}