{
  "umap1": 11.28592300415039,
  "umap2": 1.524574875831604
}