{
  "No direct optim ancestor": "None",
  "umap1": 0.17265916723920216,
  "umap2": 0.2649734068397279
}