{
  "No direct optim ancestor": "None",
  "umap1": 0.8203313168791083,
  "umap2": 0.16978454033425627
}