{
  "umap1": 0.6171116146154701,
  "umap2": 0.8630890165802124
}