{
  "No direct optim ancestor": "None",
  "umap1": 0.013481020398418475,
  "umap2": 0.4272230061317188
}