{
  "umap1": 0.21125118059472758,
  "umap2": 0.6074582268219358
}