{
  "umap1": 11.078227043151855,
  "umap2": 1.2855477333068848
}