{
  "No direct optim ancestor": "None",
  "umap1": 0.8653660440372112,
  "umap2": 0.7774328051067405
}