{
  "umap1": 12.55072021484375,
  "umap2": 2.2720444202423096
}