{
  "umap1": 0.7673759330429732,
  "umap2": 0.5233242699541817
}