{
  "umap1": 0.0846385150972202,
  "umap2": 0.9827865439781128
}