{
  "No direct optim ancestor": "None",
  "umap1": 0.07188339753806905,
  "umap2": 0.12694516741054618
}