{
  "umap1": 11.709209442138672,
  "umap2": 2.633110761642456
}