{
  "umap1": 0.27661830284685873,
  "umap2": 0.1310737849199226
}