{
  "No direct optim ancestor": "None",
  "umap1": 0.08375837548977827,
  "umap2": 0.9376503233048388
}