{
  "umap1": 12.43701171875,
  "umap2": 1.7828154563903809
}