{
  "umap1": 0.7664151416342337,
  "umap2": 0.15413792662391557
}