{
  "umap1": 7.316516399383545,
  "umap2": 5.877777099609375
}