{
  "umap1": 0.3807664685316571,
  "umap2": 0.9317668070186542
}