{
  "No direct optim ancestor": "None",
  "umap1": 0.6266560958116416,
  "umap2": 0.3143731021773388
}