{
  "umap1": 10.619461059570312,
  "umap2": 1.3154308795928955
}