{
  "umap1": 0.36348808132363697,
  "umap2": 0.5303038104205212
}