{
  "umap1": 10.93724250793457,
  "umap2": 1.6150686740875244
}