{
  "No direct optim ancestor": "None",
  "umap1": 0.8354287062535751,
  "umap2": 0.2395264549116668
}