{
  "umap1": 0.6786050053003749,
  "umap2": 0.11070795179107784
}