{
  "No direct optim ancestor": "None",
  "umap1": 0.6800282413349182,
  "umap2": 0.5731054755045745
}