{
  "umap1": 12.337230682373047,
  "umap2": 1.8765273094177246
}