{
  "umap1": 11.813445091247559,
  "umap2": 2.1559040546417236
}