{
  "umap1": 12.264124870300293,
  "umap2": 1.7963546514511108
}