{
  "No direct optim ancestor": "None",
  "umap1": 0.6631092815980358,
  "umap2": 0.6821729436385494
}