{
  "umap1": 0.47529982336106913,
  "umap2": 0.6825360588784638
}