{
  "umap1": 0.9710906565803019,
  "umap2": 0.6991329856097754
}