{
  "umap1": 13.815227508544922,
  "umap2": 3.1730239391326904
}