{
  "No direct optim ancestor": "None",
  "umap1": 0.1215194588866031,
  "umap2": 0.19650821215645387
}