{
  "No direct optim ancestor": "None",
  "umap1": 0.034622962539051505,
  "umap2": 0.38610243979266023
}