{
  "umap1": 0.6855355611705467,
  "umap2": 0.639752575809454
}