{
  "umap1": 13.37401294708252,
  "umap2": 4.968310832977295
}