{
  "umap1": 0.5043493857419866,
  "umap2": 0.6741935788482497
}