{
  "No direct optim ancestor": "None",
  "umap1": 0.2594408494093242,
  "umap2": 0.3866993121647554
}