{
  "umap1": 0.04295400945045158,
  "umap2": 0.5824878762290233
}