{
  "umap1": 10.96923542022705,
  "umap2": 1.5801602602005005
}