{
  "No direct optim ancestor": "None",
  "umap1": 0.1951776827083299,
  "umap2": 0.23799352183241385
}