{
  "umap1": 0.16625732662028403,
  "umap2": 0.17751892251943646
}