{
  "umap1": 2.8659884929656982,
  "umap2": 10.647377014160156
}