{
  "No direct optim ancestor": "None",
  "umap1": 0.9318159425045847,
  "umap2": 0.478082412818015
}