{
  "umap1": 0.8989071739335086,
  "umap2": 0.06756957667563024
}