{
  "No direct optim ancestor": "None",
  "umap1": 0.3576251787972712,
  "umap2": 0.6412762269065548
}