{
  "umap1": 0.32099026231497174,
  "umap2": 0.6549820177256545
}