{
  "umap1": 9.40970516204834,
  "umap2": 4.484970569610596
}