{
  "umap1": 0.5435144632314424,
  "umap2": 0.5325209553989166
}