{
  "umap1": 13.54272174835205,
  "umap2": 3.832014322280884
}