{
  "umap1": 12.966072082519531,
  "umap2": 7.011566638946533
}