{
  "umap1": 0.1770488081381646,
  "umap2": 0.5028899064898525
}