{
  "umap1": 8.898763656616211,
  "umap2": 5.7880754470825195
}