{
  "No direct optim ancestor": "None",
  "umap1": 0.9807383883515435,
  "umap2": 0.5444092411953394
}