{
  "umap1": 8.274910926818848,
  "umap2": 6.833772659301758
}