{
  "umap1": 0.9079392851039415,
  "umap2": 0.9340833554904933
}