{
  "No direct optim ancestor": "None",
  "umap1": 0.2729826234671492,
  "umap2": 0.2897070320478733
}