{
  "umap1": 1.4202719926834106,
  "umap2": 10.039215087890625
}