{
  "umap1": 0.0654682987487718,
  "umap2": 0.5431660987950847
}