{
  "umap1": 0.6214147096573761,
  "umap2": 0.04248498520147104
}