{
  "No direct optim ancestor": "None",
  "umap1": 0.6351735352069361,
  "umap2": 0.6177419192493844
}