{
  "umap1": 0.3999507075800943,
  "umap2": 0.3518173771885328
}