{
  "No direct optim ancestor": "None",
  "umap1": 0.8281764676843458,
  "umap2": 0.4959629081290936
}