{
  "No direct optim ancestor": "None",
  "umap1": 0.3883531331505038,
  "umap2": 0.5902647213754157
}