{
  "umap1": 0.1716010481949134,
  "umap2": 0.07026874848524578
}