{
  "umap1": 3.378319501876831,
  "umap2": 10.432276725769043
}