{
  "umap1": 0.4204792360305728,
  "umap2": 0.012974529039631366
}