{
  "No direct optim ancestor": "None",
  "umap1": 0.311246196150447,
  "umap2": 0.11824735880439197
}