{
  "No direct optim ancestor": "None",
  "umap1": 0.37358763364908554,
  "umap2": 0.9739794462205621
}