{
  "umap1": 0.06427886380150793,
  "umap2": 0.5133675832651247
}