{
  "No direct optim ancestor": "None",
  "umap1": 0.34548669658510944,
  "umap2": 0.4747612860771221
}