{
  "umap1": 0.050605029578324245,
  "umap2": 0.5042147201668848
}