{
  "umap1": 11.557474136352539,
  "umap2": 2.056703805923462
}