{
  "umap1": 12.191819190979004,
  "umap2": 3.026766300201416
}