{
  "No direct optim ancestor": "None",
  "umap1": 0.13450954950103433,
  "umap2": 0.056799393467120374
}