{
  "umap1": 0.4799131280384257,
  "umap2": 0.9751104842483962
}