{
  "umap1": 13.05355167388916,
  "umap2": 4.241719722747803
}