{
  "umap1": 0.4719563818668988,
  "umap2": 0.5047300787067317
}