{
  "No direct optim ancestor": "None",
  "umap1": 0.12569445760233822,
  "umap2": 0.3495791322901287
}