{
  "umap1": 10.341434478759766,
  "umap2": 5.692546844482422
}