{
  "umap1": 0.38246732306707276,
  "umap2": 0.5887101190059099
}