{
  "umap1": 7.2879767417907715,
  "umap2": 6.391298294067383
}