{
  "No direct optim ancestor": "None",
  "umap1": 0.370378648174421,
  "umap2": 0.339829420400132
}