{
  "umap1": 0.5094714990206373,
  "umap2": 0.29751422355948864
}