{
  "No direct optim ancestor": "None",
  "umap1": 0.9965379658686239,
  "umap2": 0.451877859455333
}