{
  "umap1": 0.5963573064861628,
  "umap2": 0.9195037779287448
}