{
  "umap1": 12.051399230957031,
  "umap2": 3.605323553085327
}