{
  "No direct optim ancestor": "None",
  "umap1": 0.46883186364673557,
  "umap2": 0.8332432746547099
}