{
  "umap1": 0.11511459980900851,
  "umap2": 0.7142978268991105
}