{
  "umap1": 12.436951637268066,
  "umap2": 3.5561845302581787
}