{
  "umap1": 0.9771165199678061,
  "umap2": 0.7963335047390177
}