{
  "umap1": 0.5008951119233085,
  "umap2": 0.21568238977444132
}