{
  "umap1": 0.4083351487944664,
  "umap2": 0.07594888772404063
}