{
  "No direct optim ancestor": "None",
  "umap1": 0.917693022313061,
  "umap2": 0.8508858399254154
}