{
  "umap1": 13.442708969116211,
  "umap2": 6.344565391540527
}