{
  "umap1": 11.63139820098877,
  "umap2": 1.5297834873199463
}