{
  "No direct optim ancestor": "None",
  "umap1": 0.6284372418827816,
  "umap2": 0.0377010185453065
}