{
  "umap1": 0.5736635695091755,
  "umap2": 0.0052681777217394865
}