{
  "umap1": 13.998496055603027,
  "umap2": 1.8583452701568604
}