{
  "umap1": 11.298113822937012,
  "umap2": 2.395933151245117
}