{
  "umap1": 0.015361514640581664,
  "umap2": 0.7485441673628945
}