{
  "umap1": 0.710089538227399,
  "umap2": 0.17201942387516067
}