{
  "umap1": 4.971731662750244,
  "umap2": 10.7738676071167
}