{
  "umap1": 12.446310997009277,
  "umap2": 2.603443145751953
}