{
  "umap1": 13.571686744689941,
  "umap2": 6.727789878845215
}