{
  "umap1": 11.912527084350586,
  "umap2": 3.2688348293304443
}