{
  "umap1": 8.873025894165039,
  "umap2": 5.133467197418213
}