{
  "umap1": 0.15319797533782153,
  "umap2": 0.813456344906
}