{
  "No direct optim ancestor": "None",
  "umap1": 0.40985887270069044,
  "umap2": 0.2584355440465148
}