{
  "umap1": 1.3523478507995605,
  "umap2": 10.024171829223633
}