{
  "umap1": 2.647736072540283,
  "umap2": 10.681736946105957
}