{
  "No direct optim ancestor": "None",
  "umap1": 0.12479124501848293,
  "umap2": 0.4946172259066872
}