{
  "umap1": 12.883193016052246,
  "umap2": 7.338314533233643
}