{
  "umap1": 0.803404282734038,
  "umap2": 0.6496347869425136
}