{
  "umap1": 8.282149314880371,
  "umap2": 6.786729335784912
}