{
  "umap1": 0.5948441911434741,
  "umap2": 0.00072281575644495
}