{
  "umap1": 13.599303245544434,
  "umap2": 7.06267786026001
}