{
  "umap1": 0.45423091087062273,
  "umap2": 0.1844677171232696
}