{
  "umap1": 0.9935057179685678,
  "umap2": 0.5212790827390824
}