{
  "No direct optim ancestor": "None",
  "umap1": 0.20580100037422233,
  "umap2": 0.5750494129156759
}