{
  "umap1": 0.30676532976393156,
  "umap2": 0.4411052421389755
}