{
  "umap1": 2.908215045928955,
  "umap2": 10.441303253173828
}