{
  "umap1": 0.13371888857089653,
  "umap2": 0.9187936760871679
}