{
  "No direct optim ancestor": "None",
  "umap1": 0.9393511200767591,
  "umap2": 0.004112409486698221
}