{
  "umap1": 11.786316871643066,
  "umap2": 1.5135080814361572
}