{
  "umap1": 12.729265213012695,
  "umap2": 2.0011370182037354
}