{
  "umap1": 0.9151065621562213,
  "umap2": 0.10153139715762238
}