{
  "No direct optim ancestor": "None",
  "umap1": 0.27708790257709814,
  "umap2": 0.4583300392117068
}