{
  "umap1": 13.20186710357666,
  "umap2": 2.5014536380767822
}