{
  "umap1": 0.08915740650458881,
  "umap2": 0.5495121237944937
}