{
  "No direct optim ancestor": "None",
  "umap1": 0.33086319549212184,
  "umap2": 0.8806992984617029
}