{
  "No direct optim ancestor": "None",
  "umap1": 0.27787577287951426,
  "umap2": 0.49130149995136563
}