{
  "umap1": 0.555135022272529,
  "umap2": 0.7075801532748117
}