{
  "umap1": 10.286151885986328,
  "umap2": 3.441899299621582
}