{
  "No direct optim ancestor": "None",
  "umap1": 0.7779012054505979,
  "umap2": 0.29811287290022226
}