{
  "umap1": 0.6473881949952532,
  "umap2": 0.7207467661391915
}