{
  "umap1": 11.509407997131348,
  "umap2": 1.8836140632629395
}