{
  "umap1": 12.657598495483398,
  "umap2": 4.552013397216797
}