{
  "umap1": 14.004600524902344,
  "umap2": 5.034694194793701
}