{
  "umap1": 3.0600240230560303,
  "umap2": 10.560527801513672
}