{
  "umap1": 0.8076388827041673,
  "umap2": 0.21850358078143062
}