{
  "umap1": 8.612428665161133,
  "umap2": 5.398833751678467
}