{
  "No direct optim ancestor": "None",
  "umap1": 0.023556303386166433,
  "umap2": 0.8391983047159643
}