{
  "umap1": 0.4230870209874169,
  "umap2": 0.7278555663501001
}