{
  "umap1": 13.367916107177734,
  "umap2": 3.318936586380005
}