{
  "umap1": 3.921670913696289,
  "umap2": 9.798778533935547
}