{
  "umap1": 0.4500036347971792,
  "umap2": 0.6393584067984702
}