{
  "No direct optim ancestor": "None",
  "umap1": 0.9756202960985303,
  "umap2": 0.4278084817311605
}