{
  "umap1": 10.62502384185791,
  "umap2": 2.3840341567993164
}