{
  "umap1": 0.14019499572372807,
  "umap2": 0.5542881102843428
}