{
  "umap1": 11.710428237915039,
  "umap2": 2.7029478549957275
}