{
  "umap1": 0.22953662112791284,
  "umap2": 0.6010091097312023
}