{
  "umap1": 13.06125545501709,
  "umap2": 4.154386520385742
}