{
  "No direct optim ancestor": "None",
  "umap1": 0.6290756000835881,
  "umap2": 0.31750094477199886
}