{
  "umap1": 0.12357593886328244,
  "umap2": 0.3273892106879638
}