{
  "umap1": 14.452747344970703,
  "umap2": 5.346320152282715
}