{
  "No direct optim ancestor": "None",
  "umap1": 0.006295251521594714,
  "umap2": 0.5417467581122989
}