{
  "umap1": 0.5223664954255699,
  "umap2": 0.842522741539513
}