{
  "umap1": 8.344313621520996,
  "umap2": 7.249941825866699
}