{
  "umap1": 10.812623977661133,
  "umap2": 1.3918955326080322
}