{
  "No direct optim ancestor": "None",
  "umap1": 0.4869344647797148,
  "umap2": 0.1717253203163016
}