{
  "umap1": 0.4294642120663511,
  "umap2": 0.4383703378922832
}