{
  "umap1": 0.9934311656204725,
  "umap2": 0.3233994570403961
}