{
  "No direct optim ancestor": "None",
  "umap1": 0.13264137710178092,
  "umap2": 0.9346115838423573
}