{
  "umap1": 11.752264022827148,
  "umap2": 1.7547682523727417
}