{
  "No direct optim ancestor": "None",
  "umap1": 0.28362484734729354,
  "umap2": 0.8626340863658193
}