{
  "umap1": 0.40372227696963947,
  "umap2": 0.2746256069195382
}