{
  "No direct optim ancestor": "None",
  "umap1": 0.8494568093994644,
  "umap2": 0.21415543315058594
}