{
  "umap1": 9.057933807373047,
  "umap2": 4.7307939529418945
}