{
  "umap1": 0.7011392524961528,
  "umap2": 0.018368164035137857
}