{
  "umap1": 12.523491859436035,
  "umap2": 2.5364365577697754
}