{
  "umap1": 0.5778366489326532,
  "umap2": 0.6852546551709072
}