{
  "No direct optim ancestor": "None",
  "umap1": 0.3819855556441488,
  "umap2": 0.1743366499233061
}