{
  "umap1": 7.306483745574951,
  "umap2": 5.8924055099487305
}