{
  "umap1": 0.37997588215734945,
  "umap2": 0.5464575231636958
}