{
  "No direct optim ancestor": "None",
  "umap1": 0.3025919453246353,
  "umap2": 0.539650047902986
}