{
  "umap1": 0.6301818503277615,
  "umap2": 0.4148692087950647
}