{
  "umap1": 10.205167770385742,
  "umap2": 1.400058388710022
}