{
  "umap1": 0.08316707994890638,
  "umap2": 0.008562932417384261
}