{
  "No direct optim ancestor": "None",
  "umap1": 0.03253095887721691,
  "umap2": 0.8550627751219269
}