{
  "umap1": 12.714335441589355,
  "umap2": 2.8294949531555176
}