{
  "umap1": 0.939300916884102,
  "umap2": 0.21734400570306278
}