{
  "umap1": 11.433793067932129,
  "umap2": 4.450368404388428
}