{
  "No direct optim ancestor": "None",
  "umap1": 0.1675806749235147,
  "umap2": 0.11705364367333415
}