{
  "umap1": 13.156691551208496,
  "umap2": 2.4000043869018555
}