{
  "No direct optim ancestor": "None",
  "umap1": 0.8786829756980331,
  "umap2": 0.7027304924437883
}