{
  "umap1": 0.20746002518381512,
  "umap2": 0.9952548863576561
}