{
  "umap1": 0.9272147211934572,
  "umap2": 0.01693067666840098
}