{
  "No direct optim ancestor": "None",
  "umap1": 0.18040030825390485,
  "umap2": 0.13030803255036993
}