{
  "umap1": 11.001995086669922,
  "umap2": 1.4973963499069214
}