{
  "umap1": 14.39993667602539,
  "umap2": 5.412787914276123
}