{
  "umap1": 0.47421451059188735,
  "umap2": 0.053754964194291155
}