{
  "No direct optim ancestor": "None",
  "umap1": 0.6155788505623199,
  "umap2": 0.9491525524242713
}