{
  "umap1": 1.1664916276931763,
  "umap2": 9.826031684875488
}