{
  "umap1": 0.5572949306196273,
  "umap2": 0.08991313208216978
}