{
  "umap1": 0.8530815528575733,
  "umap2": 0.9163282187948684
}