{
  "No direct optim ancestor": "None",
  "umap1": 0.5139522863324072,
  "umap2": 0.42936333591077747
}