{
  "umap1": 10.07115650177002,
  "umap2": 4.44575309753418
}