{
  "umap1": 0.7367281964318343,
  "umap2": 0.13850169525585132
}