{
  "umap1": 0.679156699246404,
  "umap2": 0.6580350976172928
}