{
  "No direct optim ancestor": "None",
  "umap1": 0.8868932304824885,
  "umap2": 0.04176345836191586
}