{
  "umap1": 0.5004998892436621,
  "umap2": 0.66388205298231
}