{
  "No direct optim ancestor": "None",
  "umap1": 0.2002367684521067,
  "umap2": 0.09445302798953337
}