{
  "umap1": 0.9637151397799525,
  "umap2": 0.6985795370766876
}