{
  "No direct optim ancestor": "None",
  "umap1": 0.09767462737068022,
  "umap2": 0.6192286152085208
}