{
  "umap1": 0.5548860825858754,
  "umap2": 0.8383509492255987
}