{
  "umap1": 9.707176208496094,
  "umap2": 1.2448701858520508
}