{
  "umap1": 0.9498279739449048,
  "umap2": 0.6727505040566976
}