{
  "No direct optim ancestor": "None",
  "umap1": 0.6234840636461214,
  "umap2": 0.7181507994744254
}