{
  "umap1": 12.11209774017334,
  "umap2": 2.5145726203918457
}