{
  "No direct optim ancestor": "None",
  "umap1": 0.6142081450394156,
  "umap2": 0.21122187018631744
}