{
  "umap1": 12.24894905090332,
  "umap2": 3.3617467880249023
}