{
  "umap1": 0.6189309939223671,
  "umap2": 0.008821299022307105
}