{
  "umap1": 11.18789291381836,
  "umap2": 1.5067602396011353
}