{
  "No direct optim ancestor": "None",
  "umap1": 0.7417774562241164,
  "umap2": 0.20612322918460446
}