{
  "umap1": 0.08422417388511383,
  "umap2": 0.4455658896441579
}