{
  "umap1": 0.37482449011761865,
  "umap2": 0.5862426941107673
}