{
  "umap1": 2.702204704284668,
  "umap2": 10.64760684967041
}