{
  "No direct optim ancestor": "None",
  "umap1": 0.4115371073021582,
  "umap2": 0.11271286431826799
}