{
  "umap1": 0.0009097805320714691,
  "umap2": 0.15963473219551416
}