{
  "umap1": 0.4740615233784018,
  "umap2": 0.3094622995277171
}