{
  "No direct optim ancestor": "None",
  "umap1": 0.6727440410460092,
  "umap2": 0.2531523748761826
}