{
  "umap1": 0.527861962069549,
  "umap2": 0.34796396336611757
}