{
  "umap1": 13.977591514587402,
  "umap2": 1.9944461584091187
}