{
  "umap1": 0.47629105722542764,
  "umap2": 0.6965581770251169
}