{
  "No direct optim ancestor": "None",
  "umap1": 0.05528833608900974,
  "umap2": 0.018559076526953655
}