{
  "umap1": 1.0672284364700317,
  "umap2": 9.601943016052246
}