{
  "umap1": 13.70106029510498,
  "umap2": 2.147728681564331
}