{
  "No direct optim ancestor": "None",
  "umap1": 0.9455754400352447,
  "umap2": 0.2379984298223523
}