{
  "umap1": 0.9416299905743135,
  "umap2": 0.6254779609001521
}