{
  "umap1": 9.0858154296875,
  "umap2": 7.025075912475586
}