{
  "umap1": 0.04658557630899962,
  "umap2": 0.09256199367591911
}