{
  "umap1": 0.9610295394495652,
  "umap2": 0.9206596393011787
}