{
  "umap1": 4.910458087921143,
  "umap2": 10.850752830505371
}