{
  "umap1": 0.07599304714758492,
  "umap2": 0.99176561531934
}