{
  "No direct optim ancestor": "None",
  "umap1": 0.6431038014890449,
  "umap2": 0.328488258476791
}