{
  "umap1": 12.317026138305664,
  "umap2": 2.3413383960723877
}