{
  "No direct optim ancestor": "None",
  "umap1": 0.9987019417820009,
  "umap2": 0.6922514615572678
}