{
  "umap1": 0.29681924091087086,
  "umap2": 0.37869513285802625
}