{
  "umap1": 10.603850364685059,
  "umap2": 1.3414994478225708
}