{
  "No direct optim ancestor": "None",
  "umap1": 0.322051217689885,
  "umap2": 0.5229741614505161
}