{
  "umap1": 0.8142970719331508,
  "umap2": 0.5541685348675399
}