{
  "umap1": 12.044166564941406,
  "umap2": 3.235330820083618
}