{
  "No direct optim ancestor": "None",
  "umap1": 0.5763927334795063,
  "umap2": 0.24080125247393502
}