{
  "umap1": 0.9913916285637473,
  "umap2": 0.37395858318912845
}