{
  "umap1": 0.707402438855101,
  "umap2": 0.794096881310964
}