{
  "No direct optim ancestor": "None",
  "umap1": 0.5837374768225241,
  "umap2": 0.22385760353921458
}