{
  "No direct optim ancestor": "None",
  "umap1": 0.5882680778111914,
  "umap2": 0.8749702207269869
}