{
  "umap1": 0.7054398044680612,
  "umap2": 0.5386706366273853
}