{
  "umap1": 10.82564640045166,
  "umap2": 1.9728593826293945
}