{
  "umap1": 3.01009202003479,
  "umap2": 10.6447114944458
}