{
  "umap1": 0.9481672540973967,
  "umap2": 0.7311182021887493
}