{
  "No direct optim ancestor": "None",
  "umap1": 0.31027740163633966,
  "umap2": 0.15858609336765916
}