{
  "umap1": 0.658404711386297,
  "umap2": 0.7717767833306297
}