{
  "umap1": 0.8457839040560586,
  "umap2": 0.403048054688091
}