{
  "umap1": 10.105851173400879,
  "umap2": 1.2744746208190918
}