{
  "No direct optim ancestor": "None",
  "umap1": 0.4524896735505458,
  "umap2": 0.6706739032189665
}