{
  "umap1": 3.2290501594543457,
  "umap2": 10.219375610351562
}