{
  "umap1": 0.35977959278130867,
  "umap2": 0.09876552631370683
}