{
  "No direct optim ancestor": "None",
  "umap1": 0.40099127853570393,
  "umap2": 0.026195162586093113
}