{
  "umap1": 0.9082691816601832,
  "umap2": 0.5479473578983959
}