{
  "umap1": 9.122040748596191,
  "umap2": 5.871632099151611
}