{
  "umap1": 8.067304611206055,
  "umap2": 8.871232986450195
}