{
  "umap1": 0.6566696568681709,
  "umap2": 0.59958588422704
}