{
  "umap1": 14.06701374053955,
  "umap2": 6.322702884674072
}