{
  "No direct optim ancestor": "None",
  "umap1": 0.2821427666843248,
  "umap2": 0.47772789539054583
}