{
  "umap1": 8.986074447631836,
  "umap2": 2.8921499252319336
}