{
  "umap1": 0.4653061061204399,
  "umap2": 0.2219668269952383
}