{
  "No direct optim ancestor": "None",
  "umap1": 0.13947961377237816,
  "umap2": 0.1315434155114178
}