{
  "umap1": 0.7169799842123219,
  "umap2": 0.017720832752902482
}