{
  "No direct optim ancestor": "None",
  "umap1": 0.08530692784095983,
  "umap2": 0.71589899562093
}