{
  "No direct optim ancestor": "None",
  "umap1": 0.2034255295984554,
  "umap2": 0.14029446820210745
}