{
  "umap1": 0.30120146003220016,
  "umap2": 0.6090334135711698
}