{
  "umap1": 12.690896034240723,
  "umap2": 6.720349311828613
}