{
  "No direct optim ancestor": "None",
  "umap1": 0.14070230925408733,
  "umap2": 0.25650347075896374
}