{
  "umap1": 0.05258520388873478,
  "umap2": 0.3053798961372446
}