{
  "umap1": 13.26790714263916,
  "umap2": 6.474001407623291
}