{
  "umap1": 12.319117546081543,
  "umap2": 3.303847074508667
}