{
  "umap1": 13.863821983337402,
  "umap2": 6.171430587768555
}