{
  "umap1": 0.8932238547247975,
  "umap2": 0.9554547456975908
}