{
  "No direct optim ancestor": "None",
  "umap1": 0.21111580977285171,
  "umap2": 0.22948430307679446
}