{
  "umap1": 3.3088555335998535,
  "umap2": 10.100728034973145
}