{
  "umap1": 9.185501098632812,
  "umap2": 4.752905368804932
}