{
  "umap1": 13.894430160522461,
  "umap2": 6.1949944496154785
}