{
  "No direct optim ancestor": "None",
  "umap1": 0.7152777543042851,
  "umap2": 0.331103014525019
}