{
  "umap1": 0.07048809519290045,
  "umap2": 0.4645719437925595
}