{
  "umap1": 13.776113510131836,
  "umap2": 4.387655735015869
}