{
  "No direct optim ancestor": "None",
  "umap1": 0.5451538792527311,
  "umap2": 0.4041477744507149
}