{
  "umap1": 0.46733080267864846,
  "umap2": 0.6117761085802715
}