{
  "umap1": 3.6734328269958496,
  "umap2": 10.247753143310547
}