{
  "umap1": 0.2865333521240432,
  "umap2": 0.027472354467667492
}