{
  "umap1": 13.595523834228516,
  "umap2": 5.73870849609375
}