{
  "No direct optim ancestor": "None",
  "umap1": 0.10190221129346222,
  "umap2": 0.6483265525023769
}