{
  "umap1": 0.14696460843021375,
  "umap2": 0.8441338498847263
}