{
  "No direct optim ancestor": "None",
  "umap1": 0.2207649949609668,
  "umap2": 0.9443407790025958
}