{
  "No direct optim ancestor": "None",
  "umap1": 0.843698045136971,
  "umap2": 0.7276598867492933
}