{
  "umap1": 0.4701323418308716,
  "umap2": 0.9014768586308881
}