{
  "umap1": 12.038254737854004,
  "umap2": 1.8568437099456787
}