{
  "No direct optim ancestor": "None",
  "umap1": 0.6287463537267256,
  "umap2": 0.4415004729260692
}