{
  "umap1": 0.26220854813971384,
  "umap2": 0.44862095953520187
}