{
  "umap1": 0.9286957445298352,
  "umap2": 0.9421232322277185
}