{
  "umap1": 12.426356315612793,
  "umap2": 4.7116618156433105
}