{
  "No direct optim ancestor": "None",
  "umap1": 0.713493819473574,
  "umap2": 0.5815914656661493
}