{
  "umap1": 0.6442732789641819,
  "umap2": 0.5995165528127511
}