{
  "umap1": 8.560160636901855,
  "umap2": 3.2275755405426025
}