{
  "umap1": 9.71003532409668,
  "umap2": 2.5072550773620605
}