{
  "No direct optim ancestor": "None",
  "umap1": 0.8748146122113538,
  "umap2": 0.29489632955890477
}