{
  "umap1": 0.5154322609543573,
  "umap2": 0.24257803279296397
}