{
  "umap1": 0.19158164099064,
  "umap2": 0.24131144125393345
}