{
  "umap1": 7.277929306030273,
  "umap2": 5.917081832885742
}