{
  "umap1": 8.346543312072754,
  "umap2": 7.256089210510254
}