{
  "umap1": 0.3058437837775163,
  "umap2": 0.6778840937785078
}