{
  "umap1": 0.9840330966332312,
  "umap2": 0.395596937554083
}