{
  "umap1": 8.332221984863281,
  "umap2": 7.266089916229248
}