{
  "No direct optim ancestor": "None",
  "umap1": 0.9736060926556364,
  "umap2": 0.04197221411953356
}