{
  "umap1": 10.379220962524414,
  "umap2": 2.764090061187744
}