{
  "umap1": 0.4889685042514845,
  "umap2": 0.6161580205671242
}