{
  "No direct optim ancestor": "None",
  "umap1": 0.5877681279989112,
  "umap2": 0.34814398268415125
}