{
  "umap1": 0.8863946614729541,
  "umap2": 0.8356700158641306
}