{
  "umap1": 0.7441207219358633,
  "umap2": 0.6259579397336641
}