{
  "umap1": 2.844254970550537,
  "umap2": 10.568536758422852
}