{
  "umap1": 3.2480244636535645,
  "umap2": 10.496356964111328
}