{
  "umap1": 0.6771795233839772,
  "umap2": 0.31184041202229085
}