{
  "No direct optim ancestor": "None",
  "umap1": 0.2818271939215312,
  "umap2": 0.9344366214043922
}