{
  "umap1": 10.206679344177246,
  "umap2": 1.6726784706115723
}