{
  "umap1": 0.4153167090867069,
  "umap2": 0.801865348886921
}