{
  "No direct optim ancestor": "None",
  "umap1": 0.6564544577463696,
  "umap2": 0.2955137002034227
}