{
  "umap1": 0.3387792714340683,
  "umap2": 0.4052645938147671
}