{
  "umap1": 0.9656840845274457,
  "umap2": 0.8957048316220445
}