{
  "No direct optim ancestor": "None",
  "umap1": 0.8935349599722187,
  "umap2": 0.4837009224683858
}