{
  "umap1": 0.2520713738461502,
  "umap2": 0.5624567694396988
}