{
  "umap1": 10.727361679077148,
  "umap2": 2.448615550994873
}