{
  "No direct optim ancestor": "None",
  "umap1": 0.09068035179281664,
  "umap2": 0.6153058179177041
}