{
  "umap1": 10.438318252563477,
  "umap2": 2.0534985065460205
}