{
  "No direct optim ancestor": "None",
  "umap1": 0.5465069981692475,
  "umap2": 0.15534022835938088
}