{
  "umap1": 0.49164677955670844,
  "umap2": 0.10112100963823978
}