{
  "umap1": 0.2556254286168853,
  "umap2": 0.6388097991681686
}