{
  "umap1": 0.7374218154998002,
  "umap2": 0.7164454680109014
}