{
  "umap1": 8.97899055480957,
  "umap2": 4.65932035446167
}