{
  "umap1": 0.14548977491661907,
  "umap2": 0.8644338951420355
}