{
  "No direct optim ancestor": "None",
  "umap1": 0.9269255851512122,
  "umap2": 0.14877973429610758
}