{
  "umap1": 10.745144844055176,
  "umap2": 2.460026264190674
}