{
  "umap1": 0.01725713952707264,
  "umap2": 0.8707324292363748
}