{
  "umap1": 11.45847225189209,
  "umap2": 3.7148196697235107
}