{
  "No direct optim ancestor": "None",
  "umap1": 0.3777403551017271,
  "umap2": 0.3915251818451516
}