{
  "umap1": 0.2237094393019049,
  "umap2": 0.3552203236605008
}