{
  "umap1": 12.146683692932129,
  "umap2": 2.262359380722046
}