{
  "umap1": 0.327897391226152,
  "umap2": 0.28010529391065064
}