{
  "umap1": 13.534669876098633,
  "umap2": 7.214760780334473
}