{
  "No direct optim ancestor": "None",
  "umap1": 0.7326921184847762,
  "umap2": 0.9419981663202361
}