{
  "umap1": 1.083261251449585,
  "umap2": 9.604602813720703
}