{
  "umap1": 0.42414600814551306,
  "umap2": 0.7063122787517863
}