{
  "No direct optim ancestor": "None",
  "umap1": 0.06044889342464155,
  "umap2": 0.9526852015018011
}