{
  "umap1": 0.028728745378160392,
  "umap2": 0.5811670347281568
}