{
  "No direct optim ancestor": "None",
  "umap1": 0.845513183463785,
  "umap2": 0.2129681754514492
}