{
  "umap1": 10.613944053649902,
  "umap2": 2.7271978855133057
}