{
  "umap1": 0.0340626463213598,
  "umap2": 0.4240761060147964
}