{
  "umap1": 5.022339344024658,
  "umap2": 10.806815147399902
}