{
  "umap1": 8.272344589233398,
  "umap2": 6.817378520965576
}