{
  "umap1": 12.481099128723145,
  "umap2": 5.0153937339782715
}