{
  "umap1": 14.23049259185791,
  "umap2": 5.042354583740234
}