{
  "umap1": 0.22323389140847416,
  "umap2": 0.27882589194778196
}