{
  "No direct optim ancestor": "None",
  "umap1": 0.6640040739961008,
  "umap2": 0.5018887968458073
}