{
  "umap1": 0.7291573547785698,
  "umap2": 0.2618795815637365
}