{
  "No direct optim ancestor": "None",
  "umap1": 0.40350598581415886,
  "umap2": 0.6744929645856574
}