{
  "umap1": 3.6170339584350586,
  "umap2": 10.410841941833496
}