{
  "umap1": 0.958115144210858,
  "umap2": 0.7079688097023041
}