{
  "umap1": 12.081565856933594,
  "umap2": 2.8453216552734375
}