{
  "umap1": 0.4099326047897768,
  "umap2": 0.09960595413514195
}