{
  "No direct optim ancestor": "None",
  "umap1": 0.8867358154208158,
  "umap2": 0.36465336606783516
}