{
  "umap1": 11.887551307678223,
  "umap2": 3.2939670085906982
}