{
  "No direct optim ancestor": "None",
  "umap1": 0.5094844380528116,
  "umap2": 0.09437453471531532
}