{
  "umap1": 0.46454587779301193,
  "umap2": 0.8729668077255667
}