{
  "umap1": 0.8337638188365911,
  "umap2": 0.5476230037444332
}