{
  "No direct optim ancestor": "None",
  "umap1": 0.761038393113088,
  "umap2": 0.2855569901323102
}