{
  "umap1": 4.994744300842285,
  "umap2": 10.769810676574707
}