{
  "umap1": 0.35753679333902666,
  "umap2": 0.760610239529927
}