{
  "umap1": 12.163310050964355,
  "umap2": 4.278072834014893
}