{
  "No direct optim ancestor": "None",
  "umap1": 0.06284594336676719,
  "umap2": 0.4724845700821435
}