{
  "umap1": 0.8469678338338511,
  "umap2": 0.33414208317718774
}