{
  "umap1": 0.5955347862552652,
  "umap2": 0.443060322288218
}