{
  "umap1": 1.354260802268982,
  "umap2": 10.009322166442871
}