{
  "umap1": 0.8550327435767714,
  "umap2": 0.8657427588850398
}