{
  "umap1": 14.346789360046387,
  "umap2": 5.411712169647217
}