{
  "No direct optim ancestor": "None",
  "umap1": 0.35247078629116735,
  "umap2": 0.1425378768853408
}