{
  "No direct optim ancestor": "None",
  "umap1": 0.4669240917663632,
  "umap2": 0.45579360199533825
}