{
  "umap1": 9.965801239013672,
  "umap2": 2.7543699741363525
}