{
  "umap1": 0.17587100396689936,
  "umap2": 0.36261519042898904
}