{
  "umap1": 5.03027868270874,
  "umap2": 10.718708038330078
}