{
  "umap1": 0.9489447019968454,
  "umap2": 0.47706624718293644
}