{
  "umap1": 0.0807228625389469,
  "umap2": 0.10228147492999795
}