{
  "umap1": 3.1134026050567627,
  "umap2": 10.547975540161133
}