{
  "umap1": 9.763252258300781,
  "umap2": 3.446488618850708
}