{
  "umap1": 0.2995066247222643,
  "umap2": 0.05320979452064267
}