{
  "No direct optim ancestor": "None",
  "umap1": 0.4047604527481936,
  "umap2": 0.4701003104959579
}