{
  "umap1": 4.868497848510742,
  "umap2": 10.872679710388184
}