{
  "umap1": 8.274873733520508,
  "umap2": 6.812060832977295
}