{
  "umap1": 9.47147274017334,
  "umap2": 2.0684895515441895
}