{
  "umap1": 0.5766111576452144,
  "umap2": 0.918870687250567
}