{
  "umap1": 2.7998220920562744,
  "umap2": 10.5411958694458
}