{
  "No direct optim ancestor": "None",
  "umap1": 0.40521195738904536,
  "umap2": 0.7273506350376805
}