{
  "umap1": 0.9177851797870137,
  "umap2": 0.8705864355604049
}