{
  "umap1": 9.846138000488281,
  "umap2": 3.490961790084839
}