{
  "umap1": 0.392957436929844,
  "umap2": 0.5889625092944787
}