{
  "No direct optim ancestor": "None",
  "umap1": 0.21613337970329638,
  "umap2": 0.49905468888665183
}