{
  "No direct optim ancestor": "None",
  "umap1": 0.2583159301055181,
  "umap2": 0.3972154143941097
}