{
  "umap1": 0.9354265747419,
  "umap2": 0.7411655952285857
}