{
  "No direct optim ancestor": "None",
  "umap1": 0.13785065251935102,
  "umap2": 0.4743062972342035
}