{
  "umap1": 0.857233441893224,
  "umap2": 0.4139226818022981
}