{
  "No direct optim ancestor": "None",
  "umap1": 0.6586459199469343,
  "umap2": 0.4210834882076073
}