{
  "umap1": 0.3496310909963646,
  "umap2": 0.734063094521782
}