{
  "umap1": 13.001626014709473,
  "umap2": 4.554121494293213
}