{
  "umap1": 2.6132876873016357,
  "umap2": 10.77170181274414
}