{
  "umap1": 9.872100830078125,
  "umap2": 2.518336296081543
}