{
  "umap1": 3.294912099838257,
  "umap2": 10.395105361938477
}