{
  "umap1": 9.071599006652832,
  "umap2": 7.0043182373046875
}