{
  "No direct optim ancestor": "None",
  "umap1": 0.19502572285537223,
  "umap2": 0.8862852503211112
}