{
  "umap1": 0.7159164754084252,
  "umap2": 0.08767988943694083
}