{
  "umap1": 13.573055267333984,
  "umap2": 2.1579442024230957
}