{
  "umap1": 12.20088005065918,
  "umap2": 4.276051044464111
}