{
  "umap1": 0.7805677408623809,
  "umap2": 0.5571686553353234
}