{
  "umap1": 12.636894226074219,
  "umap2": 6.868075847625732
}