{
  "No direct optim ancestor": "None",
  "umap1": 0.6106500807274897,
  "umap2": 0.9230497644060384
}