{
  "umap1": 0.43003568580593743,
  "umap2": 0.4380679148037935
}