{
  "umap1": 0.48487118006728536,
  "umap2": 0.21527997167692903
}