{
  "No direct optim ancestor": "None",
  "umap1": 0.6700931749565869,
  "umap2": 0.7149980793433119
}