{
  "umap1": 11.67271900177002,
  "umap2": 2.5038845539093018
}