{
  "umap1": 11.456178665161133,
  "umap2": 3.4172868728637695
}