{
  "No direct optim ancestor": "None",
  "umap1": 0.3887789974434671,
  "umap2": 0.08901484669748028
}