{
  "umap1": 0.6813931551099439,
  "umap2": 0.6522372060301849
}