{
  "umap1": 10.52381706237793,
  "umap2": 1.3697059154510498
}