{
  "umap1": 0.8772723784211528,
  "umap2": 0.7493427702166009
}