{
  "umap1": 0.3847869517705659,
  "umap2": 0.7528098589173549
}