{
  "umap1": 10.968182563781738,
  "umap2": 2.6512179374694824
}