{
  "No direct optim ancestor": "None",
  "umap1": 0.24243743406107543,
  "umap2": 0.9243409776595181
}