{
  "umap1": 11.20157527923584,
  "umap2": 1.5174996852874756
}