{
  "umap1": 10.58188247680664,
  "umap2": 1.8768715858459473
}