{
  "umap1": 0.7443537117706099,
  "umap2": 0.7303104291275343
}