{
  "No direct optim ancestor": "None",
  "umap1": 0.47233564874560097,
  "umap2": 0.8218109189263891
}