{
  "umap1": 8.274818420410156,
  "umap2": 6.821826457977295
}