{
  "umap1": 9.756979942321777,
  "umap2": 2.9131264686584473
}