{
  "umap1": 3.467327356338501,
  "umap2": 10.016302108764648
}