{
  "umap1": 7.300921440124512,
  "umap2": 5.851136684417725
}