{
  "umap1": 0.6559575880457961,
  "umap2": 0.3125776442124133,
  "Direct optim goal": "a photo of a green snowflake with red fractal branches"
}