{
  "umap1": 7.707096099853516,
  "umap2": 5.658564567565918
}