{
  "No direct optim ancestor": "None",
  "umap1": 0.2532539753398506,
  "umap2": 0.5731899354874842
}