{
  "umap1": 0.11098066591593392,
  "umap2": 0.3975017562180514
}