{
  "umap1": 13.782724380493164,
  "umap2": 4.948095321655273
}