{
  "umap1": 0.2588154763125534,
  "umap2": 0.7323725005750447
}