{
  "No direct optim ancestor": "None",
  "umap1": 0.5546640096070626,
  "umap2": 0.6809371733942657
}