{
  "umap1": 0.5391856425204932,
  "umap2": 0.7631182779766912
}