{
  "umap1": 0.4041311780233833,
  "umap2": 0.7723578575228822
}