{
  "umap1": 1.3623650074005127,
  "umap2": 10.041674613952637
}