{
  "umap1": 0.8053633485073908,
  "umap2": 0.8144742038976693,
  "Direct optim goal": "a photo of a coiled red snake with green scales"
}