{
  "No direct optim ancestor": "None",
  "umap1": 0.1883956486669195,
  "umap2": 0.6749008031351686
}