{
  "umap1": 0.9650509925132774,
  "umap2": 0.6658982949459304
}