{
  "No direct optim ancestor": "None",
  "umap1": 0.126737133819542,
  "umap2": 0.2638171882180108
}