{
  "umap1": 0.8163376612338931,
  "umap2": 0.9144833252693273
}