{
  "umap1": 12.003968238830566,
  "umap2": 3.4032142162323
}