{
  "umap1": 0.6977964838649464,
  "umap2": 0.5694627107241409
}