{
  "No direct optim ancestor": "None",
  "umap1": 0.10780401751337332,
  "umap2": 0.6191324836702462
}