{
  "umap1": 11.592706680297852,
  "umap2": 3.1300442218780518
}