{
  "umap1": 0.38888858209377086,
  "umap2": 0.3053191516899594
}