{
  "No direct optim ancestor": "None",
  "umap1": 0.4331927547516349,
  "umap2": 0.4486318452758765
}