{
  "umap1": 13.71046257019043,
  "umap2": 6.345056056976318
}