{
  "umap1": 7.345032215118408,
  "umap2": 5.855554103851318
}