{
  "umap1": 1.2803246974945068,
  "umap2": 9.828760147094727
}