{
  "umap1": 11.381621360778809,
  "umap2": 1.4844911098480225
}