{
  "umap1": 11.986174583435059,
  "umap2": 1.6813420057296753
}