{
  "umap1": 13.624853134155273,
  "umap2": 3.103673219680786
}