{
  "umap1": 0.1355100388675895,
  "umap2": 0.0608993036615707
}