{
  "umap1": 10.591438293457031,
  "umap2": 7.481745719909668
}