{
  "No direct optim ancestor": "None",
  "umap1": 0.0705220038454194,
  "umap2": 0.04621467491160358
}