{
  "umap1": 0.18274427595260478,
  "umap2": 0.24711360772018465
}