{
  "umap1": 13.57839584350586,
  "umap2": 4.225135803222656
}