{
  "umap1": 0.31515884046570597,
  "umap2": 0.1507966683345756
}