{
  "No direct optim ancestor": "None",
  "umap1": 0.854231283726112,
  "umap2": 0.5656629997324133
}