{
  "umap1": 12.949382781982422,
  "umap2": 4.64410400390625
}