{
  "No direct optim ancestor": "None",
  "umap1": 0.012935278584705778,
  "umap2": 0.14502827756767833
}