{
  "umap1": 0.13175452352540484,
  "umap2": 0.6898873432316424
}