{
  "umap1": 0.7968817254760407,
  "umap2": 0.08744526656267049
}