{
  "umap1": 0.38732527226234414,
  "umap2": 0.6527099263090976
}