{
  "No direct optim ancestor": "None",
  "umap1": 0.5010980782070549,
  "umap2": 0.8163627391468402
}