{
  "umap1": 11.974654197692871,
  "umap2": 4.871726036071777
}