{
  "umap1": 13.406989097595215,
  "umap2": 6.389549255371094
}