{
  "umap1": 0.7763633351322042,
  "umap2": 0.9615434809913448
}