{
  "No direct optim ancestor": "None",
  "umap1": 0.15435119745206372,
  "umap2": 0.6936292691756508
}