{
  "umap1": 10.67322063446045,
  "umap2": 1.2807512283325195
}