{
  "umap1": 0.41933905245080005,
  "umap2": 0.8690207274342143
}