{
  "No direct optim ancestor": "None",
  "umap1": 0.843053196138921,
  "umap2": 0.9277550417522196
}