{
  "umap1": 10.898473739624023,
  "umap2": 1.55216383934021
}