{
  "No direct optim ancestor": "None",
  "umap1": 0.09832931948437562,
  "umap2": 0.02226362507006019
}