{
  "umap1": 0.9347142412875529,
  "umap2": 0.5574586455540671
}