{
  "No direct optim ancestor": "None",
  "umap1": 0.5783585737730407,
  "umap2": 0.9569058442699202
}