{
  "umap1": 13.49449634552002,
  "umap2": 6.328866004943848
}