{
  "umap1": 0.6843602735740751,
  "umap2": 0.45636723764991416
}