{
  "umap1": 0.429487510761403,
  "umap2": 0.3635140418415116
}