{
  "No direct optim ancestor": "None",
  "umap1": 0.443260282346009,
  "umap2": 0.5032841042818748
}