{
  "No direct optim ancestor": "None",
  "umap1": 0.860833196364686,
  "umap2": 0.39641505539450606
}