{
  "umap1": 13.737603187561035,
  "umap2": 6.331290245056152
}