{
  "umap1": 0.6338063620076715,
  "umap2": 0.5350788032552629
}