{
  "No direct optim ancestor": "None",
  "umap1": 0.3202563806772657,
  "umap2": 0.7813388791210175
}