{
  "umap1": 12.324594497680664,
  "umap2": 2.1281068325042725
}