{
  "umap1": 0.42255315619106437,
  "umap2": 0.5913428708400362
}