{
  "umap1": 10.372113227844238,
  "umap2": 2.3150980472564697
}