{
  "No direct optim ancestor": "None",
  "umap1": 0.45091312808389605,
  "umap2": 0.26695869028069263
}