{
  "umap1": 0.3771255193491876,
  "umap2": 0.5366879895925856
}