{
  "umap1": 7.315728664398193,
  "umap2": 5.884373188018799
}