{
  "No direct optim ancestor": "None",
  "umap1": 0.03185292912885973,
  "umap2": 0.2793642301505205
}