{
  "umap1": 0.5713297160229089,
  "umap2": 0.14075088217191112
}