{
  "umap1": 9.365440368652344,
  "umap2": 3.1199636459350586
}