{
  "umap1": 13.848054885864258,
  "umap2": 4.958567142486572
}