{
  "umap1": 12.947734832763672,
  "umap2": 2.5422427654266357
}