{
  "umap1": 13.33021354675293,
  "umap2": 5.349830150604248
}