{
  "umap1": 9.961819648742676,
  "umap2": 3.367612838745117
}