{
  "umap1": 0.15227918218530234,
  "umap2": 0.6381888339017381
}