{
  "No direct optim ancestor": "None",
  "umap1": 0.2760320130400642,
  "umap2": 0.13657469319788573
}