{
  "No direct optim ancestor": "None",
  "umap1": 0.2121936257053202,
  "umap2": 0.3660494951241918
}