{
  "umap1": 8.827836990356445,
  "umap2": 5.673357009887695
}