{
  "umap1": 0.35458777908012373,
  "umap2": 0.7100597252985771
}