{
  "No direct optim ancestor": "None",
  "umap1": 0.6782606254427147,
  "umap2": 0.49630709741421175
}