{
  "umap1": 12.281987190246582,
  "umap2": 2.5239763259887695
}