{
  "umap1": 0.2715649950094383,
  "umap2": 0.3803706329173413
}