{
  "umap1": 14.096657752990723,
  "umap2": 2.1125893592834473
}