{
  "umap1": 0.5895843190715709,
  "umap2": 0.9426047576039356
}