{
  "umap1": 0.12333225906322098,
  "umap2": 0.5391732729378788
}