{
  "No direct optim ancestor": "None",
  "umap1": 0.10836395810708954,
  "umap2": 0.6532460447514719
}