{
  "umap1": 9.904565811157227,
  "umap2": 4.318173408508301
}