{
  "umap1": 0.06824768196643516,
  "umap2": 0.7891048278934283
}