{
  "No direct optim ancestor": "None",
  "umap1": 0.2639036633006304,
  "umap2": 0.7009779306836508
}