{
  "umap1": 3.566560983657837,
  "umap2": 10.316719055175781
}