{
  "No direct optim ancestor": "None",
  "umap1": 0.03824003352110239,
  "umap2": 0.3083429568861725
}