{
  "umap1": 0.4689109110756572,
  "umap2": 0.609727024070101
}