{
  "umap1": 0.8227763413366677,
  "umap2": 0.6556183825949636
}