{
  "No direct optim ancestor": "None",
  "umap1": 0.23774532540193438,
  "umap2": 0.7185017436781408
}