{
  "umap1": 0.1915426342369223,
  "umap2": 0.011275493081160493
}