{
  "umap1": 0.7797810603790644,
  "umap2": 0.5099225818659594
}