{
  "No direct optim ancestor": "None",
  "umap1": 0.2308227843724875,
  "umap2": 0.3150706567175303
}