{
  "umap1": 1.2668852806091309,
  "umap2": 9.94311237335205
}