{
  "umap1": 0.08536338861833925,
  "umap2": 0.36187688163787957
}