{
  "No direct optim ancestor": "None",
  "umap1": 0.9672600941953073,
  "umap2": 0.9942001208158792
}