{
  "umap1": 11.08108901977539,
  "umap2": 1.879778504371643
}