{
  "umap1": 13.4480619430542,
  "umap2": 4.337884426116943
}