{
  "No direct optim ancestor": "None",
  "umap1": 0.3422002139447552,
  "umap2": 0.7443211089968566
}