{
  "umap1": 10.643364906311035,
  "umap2": 2.681593656539917
}