{
  "umap1": 0.39240766147013906,
  "umap2": 0.6614024653506787
}