{
  "umap1": 0.3344725818424884,
  "umap2": 0.6773555153662203
}