{
  "No direct optim ancestor": "None",
  "umap1": 0.29328965107043914,
  "umap2": 0.7371199869962557
}