{
  "umap1": 0.7099968335365915,
  "umap2": 0.7343760525541675
}