{
  "No direct optim ancestor": "None",
  "umap1": 0.502663100475158,
  "umap2": 0.3096300837787702
}