{
  "umap1": 0.6903496522962799,
  "umap2": 0.6995121590101765
}