{
  "No direct optim ancestor": "None",
  "umap1": 0.4374052059239141,
  "umap2": 0.2546032458810088
}