{
  "umap1": 9.995495796203613,
  "umap2": 1.8278177976608276
}