{
  "umap1": 0.35736576809657794,
  "umap2": 0.050710965216042014
}