{
  "No direct optim ancestor": "None",
  "umap1": 0.42155510465360113,
  "umap2": 0.6618905965842081
}