{
  "umap1": 11.858649253845215,
  "umap2": 2.873853921890259
}