{
  "umap1": 8.337333679199219,
  "umap2": 7.261894226074219
}