{
  "umap1": 0.25231009998397547,
  "umap2": 0.5007234070946563
}