{
  "umap1": 13.89670467376709,
  "umap2": 6.1378045082092285
}