{
  "umap1": 0.3264782281308567,
  "umap2": 0.8594290468776846
}