{
  "No direct optim ancestor": "None",
  "umap1": 0.1436687331220302,
  "umap2": 0.16479887929217008
}