{
  "umap1": 10.938272476196289,
  "umap2": 3.1796984672546387
}