{
  "umap1": 0.02421638078913002,
  "umap2": 0.8274966178931833
}