{
  "umap1": 10.955445289611816,
  "umap2": 1.826521635055542
}