{
  "No direct optim ancestor": "None",
  "umap1": 0.0398741974215997,
  "umap2": 0.09860437914104947
}