{
  "umap1": 10.773223876953125,
  "umap2": 1.49384605884552
}