{
  "umap1": 0.7466241013951016,
  "umap2": 0.8610272080779924
}