{
  "No direct optim ancestor": "None",
  "umap1": 0.8166681952635012,
  "umap2": 0.20174383229601156
}