{
  "umap1": 3.9224038124084473,
  "umap2": 9.860430717468262
}