{
  "umap1": 1.3518673181533813,
  "umap2": 10.017135620117188
}