{
  "umap1": 0.3540259797472288,
  "umap2": 0.12863488197077233
}