{
  "umap1": 13.371891975402832,
  "umap2": 3.5190789699554443
}