{
  "No direct optim ancestor": "None",
  "umap1": 0.15009393343796928,
  "umap2": 0.8764346939188616
}