{
  "No direct optim ancestor": "None",
  "umap1": 0.7242509082499612,
  "umap2": 0.9810638650465333
}