{
  "umap1": 12.977029800415039,
  "umap2": 4.470003128051758
}