{
  "umap1": 0.9822390297851665,
  "umap2": 0.8458823829573084
}