{
  "No direct optim ancestor": "None",
  "umap1": 0.34739461664656,
  "umap2": 0.817889393003087
}