{
  "umap1": 13.425992965698242,
  "umap2": 1.7018442153930664
}