{
  "umap1": 0.7542599716647428,
  "umap2": 0.08738045106208037
}