{
  "No direct optim ancestor": "None",
  "umap1": 0.09900988690739776,
  "umap2": 0.46116277855261245
}