{
  "umap1": 0.38489752176737,
  "umap2": 0.9993840907718743
}