{
  "umap1": 11.83556842803955,
  "umap2": 3.781036853790283
}