{
  "umap1": 10.035216331481934,
  "umap2": 1.4588987827301025
}