{
  "umap1": 0.2764233804732471,
  "umap2": 0.9772165837985448
}