{
  "No direct optim ancestor": "None",
  "umap1": 0.9438764263685349,
  "umap2": 0.9539570207638292
}