{
  "umap1": 0.05721629059225719,
  "umap2": 0.4441289068150881
}