{
  "No direct optim ancestor": "None",
  "umap1": 0.2773554493531335,
  "umap2": 0.9814384420290024
}