{
  "No direct optim ancestor": "None",
  "umap1": 0.046814931829993855,
  "umap2": 0.19390930709077558
}