{
  "umap1": 0.9052278335971782,
  "umap2": 0.03304344730169584
}