{
  "umap1": 14.29266357421875,
  "umap2": 5.040168762207031
}