{
  "umap1": 13.49256420135498,
  "umap2": 3.3924386501312256
}