{
  "umap1": 0.7135017087191413,
  "umap2": 0.1741194268345807
}