{
  "umap1": 1.0266447067260742,
  "umap2": 9.750595092773438
}