{
  "No direct optim ancestor": "None",
  "umap1": 0.18236120077887752,
  "umap2": 0.30383835464009545
}