{
  "umap1": 0.7858120944830193,
  "umap2": 0.5150249040247222
}