{
  "umap1": 10.75245189666748,
  "umap2": 2.665743112564087
}