{
  "No direct optim ancestor": "None",
  "umap1": 0.6757194184144558,
  "umap2": 0.32261859115573366
}