{
  "umap1": 10.394694328308105,
  "umap2": 2.682189702987671
}