{
  "umap1": 0.9596726029851791,
  "umap2": 0.43966552508733825
}