{
  "umap1": 8.126882553100586,
  "umap2": 8.928291320800781
}