{
  "umap1": 14.183100700378418,
  "umap2": 6.039869785308838
}