{
  "Direct optim goal": "a photo of a spiral galaxy with green arms and red core",
  "umap1": 0.46541115448781023,
  "umap2": 0.9753973977231016
}