{
  "umap1": 0.5843041151496081,
  "umap2": 0.5669763507893774,
  "Direct optim goal": "a photo of a spiral galaxy with green arms and red core"
}