{
  "No direct optim ancestor": "None",
  "umap1": 0.07845915032900963,
  "umap2": 0.26780464297464046
}