{
  "umap1": 0.9081548898983918,
  "umap2": 0.43869199980032547
}