{
  "umap1": 11.27220630645752,
  "umap2": 3.3464386463165283
}