{
  "umap1": 0.4236237527641795,
  "umap2": 0.8437212595431839
}