{
  "No direct optim ancestor": "None",
  "umap1": 0.20780679947064984,
  "umap2": 0.5483061970474966
}