{
  "No direct optim ancestor": "None",
  "umap1": 0.16144782459836482,
  "umap2": 0.6596426410643675
}