{
  "umap1": 0.47557249623160125,
  "umap2": 0.5053438020430967
}