{
  "umap1": 8.686741828918457,
  "umap2": 5.027033805847168
}