{
  "umap1": 0.703461078594585,
  "umap2": 0.04122605493556164
}