{
  "umap1": 13.264970779418945,
  "umap2": 6.455548286437988
}