{
  "No direct optim ancestor": "None",
  "umap1": 0.4183697503689783,
  "umap2": 0.9791333165154675
}