{
  "umap1": 12.279139518737793,
  "umap2": 2.059666633605957
}