{
  "umap1": 10.295951843261719,
  "umap2": 5.803455352783203
}