{
  "umap1": 5.0012736320495605,
  "umap2": 10.720868110656738
}