{
  "umap1": 11.895164489746094,
  "umap2": 4.590210914611816
}