{
  "umap1": 13.07872486114502,
  "umap2": 6.796016216278076
}