{
  "No direct optim ancestor": "None",
  "umap1": 0.9153997370698608,
  "umap2": 0.03324106779311353
}