{
  "umap1": 0.25855869794099673,
  "umap2": 0.3937910214257099
}