{
  "umap1": 11.08463191986084,
  "umap2": 1.5071576833724976
}