{
  "umap1": 11.535263061523438,
  "umap2": 3.349993944168091
}