{
  "umap1": 0.9749053607628119,
  "umap2": 0.16515906273902536
}