{
  "umap1": 0.5013353809034097,
  "umap2": 0.40539075444420025
}