{
  "umap1": 9.294718742370605,
  "umap2": 2.3840229511260986
}