{
  "No direct optim ancestor": "None",
  "umap1": 0.9822900503128729,
  "umap2": 0.7621832870490723
}