{
  "umap1": 0.37712092974493716,
  "umap2": 0.7144284685015925
}