{
  "umap1": 0.8233401334966125,
  "umap2": 0.3388592654300647
}