{
  "No direct optim ancestor": "None",
  "umap1": 0.7146062909726745,
  "umap2": 0.4736865943811992
}