{
  "umap1": 12.885457038879395,
  "umap2": 7.645437717437744
}