{
  "No direct optim ancestor": "None",
  "umap1": 0.7389203202396633,
  "umap2": 0.3885081000603219
}