{
  "umap1": 0.9260000142843714,
  "umap2": 0.0412630908213929
}