{
  "umap1": 13.951260566711426,
  "umap2": 1.8039480447769165
}