{
  "umap1": 0.11519074930627948,
  "umap2": 0.6521067601906219
}