{
  "umap1": 1.2407008409500122,
  "umap2": 9.951140403747559
}