{
  "umap1": 3.400428533554077,
  "umap2": 10.258419036865234
}