{
  "umap1": 0.19660348909791314,
  "umap2": 0.7003584706676181
}