{
  "No direct optim ancestor": "None",
  "umap1": 0.8337630620487997,
  "umap2": 0.6494314374135098
}