{
  "umap1": 0.873029409966942,
  "umap2": 0.8880107494102286
}