{
  "umap1": 4.968956470489502,
  "umap2": 10.794610977172852
}