{
  "umap1": 0.4862682929365971,
  "umap2": 0.3783047097515082
}