{
  "No direct optim ancestor": "None",
  "umap1": 0.8207147459403354,
  "umap2": 0.5445939011802683
}