{
  "umap1": 0.9634619771150273,
  "umap2": 0.8785629435011637
}