{
  "umap1": 11.499643325805664,
  "umap2": 1.7375843524932861
}