{
  "No direct optim ancestor": "None",
  "umap1": 0.8345544907197057,
  "umap2": 0.667296512802529
}