{
  "umap1": 0.017375508301914477,
  "umap2": 0.5997385257648203
}