{
  "umap1": 9.524860382080078,
  "umap2": 3.9397010803222656
}