{
  "No direct optim ancestor": "None",
  "umap1": 0.4687293078365836,
  "umap2": 0.8148839790025436
}