{
  "umap1": 0.4302558161186252,
  "umap2": 0.06166084369171443
}