{
  "umap1": 14.149041175842285,
  "umap2": 4.986602306365967
}