{
  "No direct optim ancestor": "None",
  "umap1": 0.025689703401643116,
  "umap2": 0.7435586736478049
}