{
  "umap1": 0.29328163347726044,
  "umap2": 0.218904367958772
}