{
  "No direct optim ancestor": "None",
  "umap1": 0.2757148608454829,
  "umap2": 0.9274663876111556
}