{
  "umap1": 11.195133209228516,
  "umap2": 1.4349944591522217
}