{
  "No direct optim ancestor": "None",
  "umap1": 0.47935047447068835,
  "umap2": 0.4122858348062626
}