{
  "umap1": 0.07667097191632688,
  "umap2": 0.6340644022309476
}