{
  "umap1": 13.355762481689453,
  "umap2": 5.357367038726807
}