{
  "umap1": 0.39506600516804846,
  "umap2": 0.5613725955162779
}