{
  "umap1": 1.681902289390564,
  "umap2": 10.092551231384277
}