{
  "umap1": 8.968720436096191,
  "umap2": 3.2563750743865967
}