{
  "umap1": 13.290858268737793,
  "umap2": 7.269495010375977
}