{
  "umap1": 11.613908767700195,
  "umap2": 2.094949245452881
}