{
  "umap1": 0.3064945266509922,
  "umap2": 0.2069300806557206
}