{
  "umap1": 8.279630661010742,
  "umap2": 6.806128978729248
}