{
  "No direct optim ancestor": "None",
  "umap1": 0.4122365342303642,
  "umap2": 0.514265333362723
}