{
  "umap1": 11.429120063781738,
  "umap2": 2.6735572814941406
}