{
  "umap1": 0.22348618422927136,
  "umap2": 0.48182724107844943
}