{
  "umap1": 12.540116310119629,
  "umap2": 2.386176347732544
}