{
  "umap1": 9.861371994018555,
  "umap2": 1.994510531425476
}