{
  "umap1": 3.3658738136291504,
  "umap2": 10.43921184539795
}