{
  "umap1": 12.664604187011719,
  "umap2": 2.8207998275756836
}