{
  "No direct optim ancestor": "None",
  "umap1": 0.9949985608401387,
  "umap2": 0.3798335310061729
}