{
  "umap1": 0.3544819051627537,
  "umap2": 0.440227485211116
}