{
  "umap1": 8.552109718322754,
  "umap2": 5.293761253356934
}