{
  "umap1": 0.152890845438168,
  "umap2": 0.630502754449382
}