{
  "umap1": 4.9915008544921875,
  "umap2": 10.755733489990234
}