{
  "umap1": 9.672134399414062,
  "umap2": 3.827601432800293
}