{
  "umap1": 0.23996081658894386,
  "umap2": 0.9741089929586144
}