{
  "Ancestor's direct optim goal": "a photo of a coiled red snake with green scales",
  "umap1": 0.29073899948918347,
  "umap2": 0.4982441919977768
}