{
  "umap1": 10.9771728515625,
  "umap2": 2.1790871620178223
}