{
  "umap1": 13.217085838317871,
  "umap2": 6.494439601898193
}