{
  "umap1": 0.1345619326523878,
  "umap2": 0.3995044874898802
}