{
  "umap1": 0.2173454919116361,
  "umap2": 0.7250261783387211
}