{
  "No direct optim ancestor": "None",
  "umap1": 0.6272253057260385,
  "umap2": 0.5433498341837228
}