{
  "umap1": 3.0776562690734863,
  "umap2": 10.668396949768066
}