{
  "umap1": 0.32232262132375356,
  "umap2": 0.3982167447149978
}