{
  "No direct optim ancestor": "None",
  "umap1": 0.5895955834970211,
  "umap2": 0.5035809034912627
}