{
  "umap1": 0.2189779003990432,
  "umap2": 0.19716115995113148
}