{
  "umap1": 9.505281448364258,
  "umap2": 2.7376885414123535
}