{
  "umap1": 0.0548974347557214,
  "umap2": 0.06170707001625797
}