{
  "No direct optim ancestor": "None",
  "umap1": 0.38931914327220085,
  "umap2": 0.5070052590499528
}