{
  "umap1": 0.2817848394193916,
  "umap2": 0.05879332590230901
}