{
  "umap1": 8.430513381958008,
  "umap2": 4.9811577796936035
}