{
  "No direct optim ancestor": "None",
  "umap1": 0.11632727293390366,
  "umap2": 0.3478263502448782
}