{
  "umap1": 0.8165603626252854,
  "umap2": 0.3803899000256066
}