{
  "No direct optim ancestor": "None",
  "umap1": 0.062025471326575876,
  "umap2": 0.3520150648028294
}