{
  "umap1": 0.7362489499230126,
  "umap2": 0.7872831068300583
}