{
  "No direct optim ancestor": "None",
  "umap1": 0.48350020352172185,
  "umap2": 0.39847255373140344
}