{
  "umap1": 0.8938972233484872,
  "umap2": 0.737593592606152
}