{
  "umap1": 13.216955184936523,
  "umap2": 5.892233371734619
}