{
  "umap1": 13.460247039794922,
  "umap2": 4.676314830780029
}