{
  "No direct optim ancestor": "None",
  "umap1": 0.43063966399760434,
  "umap2": 0.7731825276086105
}