{
  "umap1": 0.8236882223178993,
  "umap2": 0.4818204240568894
}