{
  "umap1": 0.27618361581901596,
  "umap2": 0.7704743929166897
}