{
  "umap1": 0.32763818770119957,
  "umap2": 0.4338575390949726
}