{
  "umap1": 0.46311464309759764,
  "umap2": 0.6903470433526322
}