{
  "umap1": 7.9336256980896,
  "umap2": 8.901180267333984
}