{
  "Ancestor's direct optim goal": "a close-up photo of a red maple leaf with green veins",
  "umap1": 0.0781291192365372,
  "umap2": 0.06725452811000066
}