{
  "umap1": 13.769576072692871,
  "umap2": 5.752487659454346
}