{
  "umap1": 0.3256033337934815,
  "umap2": 0.11896195642273122
}