{
  "No direct optim ancestor": "None",
  "umap1": 0.6147340824233625,
  "umap2": 0.3662590767133561
}