{
  "umap1": 9.177103042602539,
  "umap2": 5.835136413574219
}