{
  "umap1": 0.04911572257576169,
  "umap2": 0.05608543366456631
}