{
  "umap1": 13.440530776977539,
  "umap2": 2.034402370452881
}