{
  "No direct optim ancestor": "None",
  "umap1": 0.4727363640292246,
  "umap2": 0.9814255424880091
}