{
  "umap1": 13.550122261047363,
  "umap2": 4.6611104011535645
}