{
  "umap1": 0.8772144299617562,
  "umap2": 0.5680789322924878
}