{
  "umap1": 12.688865661621094,
  "umap2": 3.718050718307495
}