{
  "No direct optim ancestor": "None",
  "umap1": 0.7795236545295245,
  "umap2": 0.7763125334719252
}