{
  "umap1": 0.5816503690604028,
  "umap2": 0.38175290074229407
}