{
  "umap1": 12.541027069091797,
  "umap2": 2.83133602142334
}