{
  "No direct optim ancestor": "None",
  "umap1": 0.8145513228487754,
  "umap2": 0.2674119146171984
}