{
  "No direct optim ancestor": "None",
  "umap1": 0.36858499074723916,
  "umap2": 0.8524841636439828
}