{
  "umap1": 13.142976760864258,
  "umap2": 7.298266410827637
}