{
  "umap1": 0.7157357596149808,
  "umap2": 0.8611897639539992
}