{
  "umap1": 0.9988969822238483,
  "umap2": 0.21599956756043948
}