{
  "No direct optim ancestor": "None",
  "umap1": 0.7621551531777704,
  "umap2": 0.36186443771261834
}