{
  "umap1": 9.576674461364746,
  "umap2": 5.970428943634033
}