{
  "umap1": 10.233246803283691,
  "umap2": 2.2331464290618896
}