{
  "umap1": 13.59768009185791,
  "umap2": 4.277327537536621
}