{
  "No direct optim ancestor": "None",
  "umap1": 0.28375410569550175,
  "umap2": 0.3444993730068022
}