{
  "umap1": 0.46312891248134536,
  "umap2": 0.2980049455606051
}