{
  "umap1": 8.840397834777832,
  "umap2": 5.181083679199219
}