{
  "umap1": 0.6307314471407786,
  "umap2": 0.772210056256247
}