{
  "No direct optim ancestor": "None",
  "umap1": 0.4135352775705282,
  "umap2": 0.3292590606880983
}