{
  "umap1": 13.04067611694336,
  "umap2": 7.032100200653076
}