{
  "umap1": 1.0378037691116333,
  "umap2": 9.659422874450684
}