{
  "umap1": 0.8785929196469049,
  "umap2": 0.2995386129987484
}