{
  "No direct optim ancestor": "None",
  "umap1": 0.6521157142042657,
  "umap2": 0.24216190391839276
}