{
  "umap1": 8.404029846191406,
  "umap2": 4.688196182250977
}