{
  "umap1": 0.5298898137505208,
  "umap2": 0.6757055527323853
}