{
  "umap1": 0.760464505191674,
  "umap2": 0.42400928721254794
}