{
  "No direct optim ancestor": "None",
  "umap1": 0.31289938263909123,
  "umap2": 0.5469346773712228
}