{
  "umap1": 0.1408571362552058,
  "umap2": 0.2109873114411408
}