{
  "umap1": 11.716655731201172,
  "umap2": 1.659874677658081
}