{
  "umap1": 13.428224563598633,
  "umap2": 7.234692096710205
}