{
  "umap1": 9.70845890045166,
  "umap2": 2.8059165477752686
}