{
  "No direct optim ancestor": "None",
  "umap1": 0.5062345788944963,
  "umap2": 0.6488242494644533
}