{
  "umap1": 0.8501142813746577,
  "umap2": 0.22635764778550194
}