{
  "No direct optim ancestor": "None",
  "umap1": 0.11390862787419509,
  "umap2": 0.9993791145195124
}