{
  "umap1": 10.691871643066406,
  "umap2": 4.008416652679443
}