{
  "umap1": 0.5551670145413887,
  "umap2": 0.484911122604471
}