{
  "umap1": 8.322678565979004,
  "umap2": 8.91487979888916
}