{
  "umap1": 12.516961097717285,
  "umap2": 6.809891223907471
}