{
  "umap1": 0.8478587301782998,
  "umap2": 0.48464266636610565
}