{
  "No direct optim ancestor": "None",
  "umap1": 0.68156559331348,
  "umap2": 0.47092587975531686
}