{
  "umap1": 0.352213711292224,
  "umap2": 0.6481489410696288
}