{
  "umap1": 0.43536262597195474,
  "umap2": 0.20051833781107387
}