{
  "No direct optim ancestor": "None",
  "umap1": 0.87875364836316,
  "umap2": 0.8112194440238015
}