{
  "umap1": 8.64087963104248,
  "umap2": 5.304027080535889
}