{
  "umap1": 12.313823699951172,
  "umap2": 1.7554439306259155
}