{
  "umap1": 0.07262658546808698,
  "umap2": 0.5545742861909111
}