{
  "umap1": 0.9653429815855021,
  "umap2": 0.922532295722662
}