{
  "umap1": 1.0521169900894165,
  "umap2": 9.73166275024414
}