{
  "umap1": 9.63016414642334,
  "umap2": 4.5177178382873535
}