{
  "umap1": 0.10058507563380237,
  "umap2": 0.36592925195569026
}