{
  "No direct optim ancestor": "None",
  "umap1": 0.9508527526333013,
  "umap2": 0.5936560289461664
}