{
  "umap1": 10.81363582611084,
  "umap2": 2.438300132751465
}