{
  "No direct optim ancestor": "None",
  "umap1": 0.42935816521810866,
  "umap2": 0.2161198438160007
}