{
  "umap1": 0.01372026539949267,
  "umap2": 0.060845803294538925
}