{
  "No direct optim ancestor": "None",
  "umap1": 0.44592660546344143,
  "umap2": 0.43474203043797577
}