{
  "umap1": 0.14863588158592234,
  "umap2": 0.9209360152491952
}