{
  "umap1": 9.20149040222168,
  "umap2": 3.7610390186309814
}