{
  "umap1": 11.821727752685547,
  "umap2": 3.91556978225708
}