{
  "No direct optim ancestor": "None",
  "umap1": 0.2710470172960564,
  "umap2": 0.011612751662685494
}