{
  "umap1": 0.34271813414350416,
  "umap2": 0.8253343135020249
}