{
  "umap1": 0.7214590663830852,
  "umap2": 0.07537422196151611
}