{
  "No direct optim ancestor": "None",
  "umap1": 0.6002884336692291,
  "umap2": 0.45285406718727417
}