{
  "No direct optim ancestor": "None",
  "umap1": 0.7369576741517099,
  "umap2": 0.9440390938400146
}