{
  "umap1": 0.12449976205059021,
  "umap2": 0.7175286348092491
}