{
  "umap1": 11.517431259155273,
  "umap2": 2.7813503742218018
}