{
  "umap1": 11.486358642578125,
  "umap2": 2.170307159423828
}