{
  "umap1": 8.84557819366455,
  "umap2": 5.327353477478027
}