{
  "umap1": 13.740612983703613,
  "umap2": 6.597542762756348
}