{
  "umap1": 3.0722062587738037,
  "umap2": 10.561811447143555
}