{
  "umap1": 0.6354939908874075,
  "umap2": 0.477563447459729
}