{
  "umap1": 10.661198616027832,
  "umap2": 1.3259645700454712
}