{
  "umap1": 0.8026858943430394,
  "umap2": 0.42483584535933117
}