{
  "No direct optim ancestor": "None",
  "umap1": 0.8091812085036043,
  "umap2": 0.4916354248309365
}