{
  "umap1": 12.444470405578613,
  "umap2": 3.24845552444458
}