{
  "umap1": 0.598638097875617,
  "umap2": 0.9476526959785503
}