{
  "No direct optim ancestor": "None",
  "umap1": 0.8988768636269372,
  "umap2": 0.41006783592346585
}