{
  "umap1": 11.874277114868164,
  "umap2": 2.988844394683838
}