{
  "umap1": 0.6881795102774241,
  "umap2": 0.1413360472958599
}