{
  "No direct optim ancestor": "None",
  "umap1": 0.7189955697805829,
  "umap2": 0.7777004705868941
}