{
  "umap1": 4.846464157104492,
  "umap2": 10.93919849395752
}