{
  "umap1": 13.369698524475098,
  "umap2": 3.3297228813171387
}