{
  "umap1": 0.3565645526385016,
  "umap2": 0.42400715379681997
}