{
  "umap1": 11.605629920959473,
  "umap2": 1.7813178300857544
}