{
  "umap1": 9.907683372497559,
  "umap2": 4.5158610343933105
}