{
  "umap1": 0.6103368574235256,
  "umap2": 0.03892378554324216
}