{
  "No direct optim ancestor": "None",
  "umap1": 0.953368295580854,
  "umap2": 0.8407185926620209
}