{
  "umap1": 12.9343843460083,
  "umap2": 7.124361991882324
}