{
  "No direct optim ancestor": "None",
  "umap1": 0.45640782627571097,
  "umap2": 0.9815876345597435
}