{
  "umap1": 0.6092295479519396,
  "umap2": 0.6497962363836765
}