{
  "No direct optim ancestor": "None",
  "umap1": 0.7293941208906506,
  "umap2": 0.7547234425057925
}