{
  "umap1": 13.172470092773438,
  "umap2": 3.224524974822998
}