{
  "umap1": 0.07538518120336712,
  "umap2": 0.1649963778130572
}