{
  "No direct optim ancestor": "None",
  "umap1": 0.2735635193409198,
  "umap2": 0.9814654875638895
}