{
  "umap1": 0.9020374292603099,
  "umap2": 0.7538669771293598
}