{
  "umap1": 0.8881390533849292,
  "umap2": 0.1398182040656899
}