{
  "umap1": 0.43931422525790564,
  "umap2": 0.39763593657603624
}