{
  "No direct optim ancestor": "None",
  "umap1": 0.17381454789455664,
  "umap2": 0.0672069618156299
}