{
  "No direct optim ancestor": "None",
  "umap1": 0.4653830646163031,
  "umap2": 0.7819011008470445
}