{
  "umap1": 0.20904605416485877,
  "umap2": 0.43942362138270563
}