{
  "umap1": 12.29781723022461,
  "umap2": 2.250161647796631
}