{
  "umap1": 13.908173561096191,
  "umap2": 4.808005332946777
}