{
  "umap1": 0.24148832686191835,
  "umap2": 0.4718120854335347
}