{
  "No direct optim ancestor": "None",
  "umap1": 0.5926412152425216,
  "umap2": 0.6612987445742604
}