{
  "umap1": 0.4822669449264235,
  "umap2": 0.5185993474681602
}