{
  "No direct optim ancestor": "None",
  "umap1": 0.7850533546184696,
  "umap2": 0.8744429025365789
}