{
  "umap1": 8.805675506591797,
  "umap2": 5.691883087158203
}