{
  "umap1": 3.5976357460021973,
  "umap2": 10.40199089050293
}