{
  "umap1": 0.6114316042461887,
  "umap2": 0.7864391851597952
}