{
  "umap1": 0.8860429466152656,
  "umap2": 0.33196448722846306
}