{
  "umap1": 4.885438919067383,
  "umap2": 10.883504867553711
}