{
  "umap1": 3.700437068939209,
  "umap2": 10.105284690856934
}