{
  "No direct optim ancestor": "None",
  "umap1": 0.708916025750997,
  "umap2": 0.5633566539908302
}