{
  "umap1": 12.572603225708008,
  "umap2": 4.524416923522949
}