{
  "umap1": 0.8085992991512108,
  "umap2": 0.3756318198130296
}