{
  "No direct optim ancestor": "None",
  "umap1": 0.2674107167931822,
  "umap2": 0.941831542567289
}