{
  "umap1": 0.3196195348966493,
  "umap2": 0.4676089797656702
}