{
  "umap1": 11.793403625488281,
  "umap2": 3.697331428527832
}