{
  "No direct optim ancestor": "None",
  "umap1": 0.2404762316478073,
  "umap2": 0.5342874970909538
}