{
  "umap1": 0.15897542880302806,
  "umap2": 0.9648310328869151
}