{
  "umap1": 0.5411202719742997,
  "umap2": 0.007911057672339683
}