{
  "No direct optim ancestor": "None",
  "umap1": 0.6209556265917969,
  "umap2": 0.07379662812616794
}