{
  "umap1": 11.026577949523926,
  "umap2": 2.5124146938323975
}