{
  "umap1": 12.028874397277832,
  "umap2": 3.7286107540130615
}