{
  "umap1": 0.640618253605916,
  "umap2": 0.25509886206660737
}