{
  "No direct optim ancestor": "None",
  "umap1": 0.9132505591471596,
  "umap2": 0.706640553115583
}