{
  "umap1": 0.5314073888142012,
  "umap2": 0.20310742588614417,
  "Direct optim goal": "a photo of Romanesco broccoli with red buds and green spirals"
}