{
  "umap1": 8.907581329345703,
  "umap2": 6.605173110961914
}