{
  "umap1": 1.7265170812606812,
  "umap2": 9.89148998260498
}