{
  "umap1": 0.6404295952817431,
  "umap2": 0.48472578784648046
}