{
  "umap1": 0.08910760932605921,
  "umap2": 0.9115116203785758
}