{
  "umap1": 1.1915934085845947,
  "umap2": 9.665414810180664
}