{
  "umap1": 0.044638886464904104,
  "umap2": 0.21189861656602305
}