{
  "No direct optim ancestor": "None",
  "umap1": 0.029168745037099986,
  "umap2": 0.8050216228602372
}