{
  "No direct optim ancestor": "None",
  "umap1": 0.5060792129182494,
  "umap2": 0.7548076487603613
}