{
  "umap1": 0.3253845240878722,
  "umap2": 0.4670623080827717
}