{
  "umap1": 10.730213165283203,
  "umap2": 1.3121709823608398
}