{
  "umap1": 0.07388865422802615,
  "umap2": 0.3841234495459379
}