{
  "No direct optim ancestor": "None",
  "umap1": 0.8830034776011488,
  "umap2": 0.5228856785658549
}