{
  "umap1": 10.151825904846191,
  "umap2": 3.178009510040283
}