{
  "No direct optim ancestor": "None",
  "umap1": 0.8180676429764497,
  "umap2": 0.4492823557526954
}