{
  "umap1": 0.5515493411553382,
  "umap2": 0.8340833330344901
}