{
  "umap1": 0.11419460196879483,
  "umap2": 0.2095667564153616
}