{
  "umap1": 14.020092964172363,
  "umap2": 5.729870796203613
}