{
  "No direct optim ancestor": "None",
  "umap1": 0.14112003926157912,
  "umap2": 0.7022900244196664
}