{
  "umap1": 0.8893185126729662,
  "umap2": 0.5337149375226937
}