{
  "umap1": 0.5782899901110736,
  "umap2": 0.1105192477669863
}