{
  "No direct optim ancestor": "None",
  "umap1": 0.7069044933802674,
  "umap2": 0.23756067317898666
}