{
  "umap1": 11.343368530273438,
  "umap2": 2.2132115364074707
}