{
  "umap1": 1.0867189168930054,
  "umap2": 9.74351978302002
}