{
  "umap1": 9.05564022064209,
  "umap2": 6.997982025146484
}