{
  "umap1": 0.3402853535382251,
  "umap2": 0.480510381446267
}