{
  "umap1": 12.38515567779541,
  "umap2": 6.3842854499816895
}