{
  "umap1": 13.343233108520508,
  "umap2": 6.251789093017578
}