{
  "umap1": 13.591976165771484,
  "umap2": 2.2151050567626953
}