{
  "umap1": 1.1561850309371948,
  "umap2": 9.571263313293457
}