{
  "umap1": 12.43073844909668,
  "umap2": 3.7503528594970703
}