{
  "No direct optim ancestor": "None",
  "umap1": 0.994698057035213,
  "umap2": 0.5806193022461655
}