{
  "umap1": 12.91848087310791,
  "umap2": 5.068042755126953
}