{
  "umap1": 0.4812811651061878,
  "umap2": 0.36291648319925074
}