{
  "umap1": 9.822537422180176,
  "umap2": 2.671029567718506
}