{
  "umap1": 0.3313593518359953,
  "umap2": 0.5277574021596598
}