{
  "umap1": 12.270678520202637,
  "umap2": 6.604654312133789
}