{
  "No direct optim ancestor": "None",
  "umap1": 0.4873803468930715,
  "umap2": 0.5533223119265096
}