{
  "umap1": 0.13727063072126555,
  "umap2": 0.9536365164276952
}