{
  "umap1": 0.4081303537313056,
  "umap2": 0.8070902219631094
}