{
  "No direct optim ancestor": "None",
  "umap1": 0.7637423566446006,
  "umap2": 0.7970383577410958
}