{
  "umap1": 8.856184005737305,
  "umap2": 5.816002368927002
}