{
  "umap1": 11.633220672607422,
  "umap2": 1.8241357803344727
}