{
  "umap1": 0.2716462312546888,
  "umap2": 0.8812121550924631
}