{
  "No direct optim ancestor": "None",
  "umap1": 0.3549389949144085,
  "umap2": 0.8083246053588806
}