{
  "umap1": 0.5335438184176483,
  "umap2": 0.1973495849888668
}