{
  "No direct optim ancestor": "None",
  "umap1": 0.5351127150329607,
  "umap2": 0.009377423800055129
}