{
  "umap1": 13.408440589904785,
  "umap2": 4.085490703582764
}