{
  "umap1": 3.535139799118042,
  "umap2": 10.394182205200195
}