{
  "umap1": 0.3565296979530985,
  "umap2": 0.3176994280123393
}