{
  "umap1": 0.5737698641412836,
  "umap2": 0.05111148538590837
}