{
  "No direct optim ancestor": "None",
  "umap1": 0.10202447622055977,
  "umap2": 0.07023155629171773
}