{
  "umap1": 0.10004343592098264,
  "umap2": 0.07723937874122333
}