{
  "umap1": 0.48307103612419167,
  "umap2": 0.651340959528167
}