{
  "No direct optim ancestor": "None",
  "umap1": 0.7433678646966536,
  "umap2": 0.8413380691392878
}