{
  "umap1": 0.6287115787251526,
  "umap2": 0.2716012297616359
}