{
  "umap1": 0.1744184050518811,
  "umap2": 0.4593016510545044
}