{
  "No direct optim ancestor": "None",
  "umap1": 0.45724293095174795,
  "umap2": 0.9765413569765926
}