{
  "umap1": 13.009720802307129,
  "umap2": 3.62103009223938
}