{
  "No direct optim ancestor": "None",
  "umap1": 0.9437076937930531,
  "umap2": 0.1324900511867566
}