{
  "umap1": 0.6646573415042044,
  "umap2": 0.9413569275080463
}