{
  "umap1": 9.574604988098145,
  "umap2": 3.7102527618408203
}