{
  "umap1": 13.136831283569336,
  "umap2": 3.548813819885254
}