{
  "umap1": 1.4437958002090454,
  "umap2": 10.05978775024414
}