{
  "umap1": 1.1336333751678467,
  "umap2": 9.615524291992188
}