{
  "umap1": 0.780412591117538,
  "umap2": 0.6040306871871159
}