{
  "umap1": 0.16242031212653818,
  "umap2": 0.33119873224232066
}