{
  "umap1": 11.355913162231445,
  "umap2": 2.5766077041625977
}