{
  "No direct optim ancestor": "None",
  "umap1": 0.8768333693847822,
  "umap2": 0.4757852177675741
}