{
  "umap1": 9.83203125,
  "umap2": 3.2614688873291016
}