{
  "umap1": 8.433846473693848,
  "umap2": 8.832961082458496
}