{
  "umap1": 0.4651833584901912,
  "umap2": 0.3145024995748368
}