{
  "umap1": 4.8752851486206055,
  "umap2": 10.870403289794922
}