{
  "umap1": 0.08894295553526821,
  "umap2": 0.7388343002261121
}