{
  "No direct optim ancestor": "None",
  "umap1": 0.8333138693101801,
  "umap2": 0.825438164692679
}