{
  "umap1": 0.8798549770090608,
  "umap2": 0.4547279397825358
}