{
  "umap1": 0.5525232018330164,
  "umap2": 0.13907363488904778
}