{
  "No direct optim ancestor": "None",
  "umap1": 0.844760047606235,
  "umap2": 0.9156960286446572
}