{
  "No direct optim ancestor": "None",
  "umap1": 0.04219128917466364,
  "umap2": 0.12160452689797296
}