{
  "umap1": 0.9321462207530479,
  "umap2": 0.20630746999618366
}