{
  "umap1": 0.5494445464452669,
  "umap2": 0.5099751345787871
}