{
  "No direct optim ancestor": "None",
  "umap1": 0.5706493755564674,
  "umap2": 0.3478129365575412
}