{
  "umap1": 0.12669481796282056,
  "umap2": 0.6230081115357489
}