{
  "No direct optim ancestor": "None",
  "umap1": 0.2644243829295593,
  "umap2": 0.09757958466356487
}