{
  "umap1": 0.2930225906158286,
  "umap2": 0.863988333480305
}