{
  "umap1": 13.005859375,
  "umap2": 4.337870121002197
}