{
  "No direct optim ancestor": "None",
  "umap1": 0.14186636351189197,
  "umap2": 0.19543240404214324
}