{
  "umap1": 0.19261161136887417,
  "umap2": 0.5897633102977388
}