{
  "No direct optim ancestor": "None",
  "umap1": 0.4726117733862538,
  "umap2": 0.8272401652735014
}