{
  "umap1": 0.3705114222768707,
  "umap2": 0.1863370919604309
}