{
  "umap1": 12.37630558013916,
  "umap2": 5.695992946624756
}