{
  "umap1": 0.37102120548102235,
  "umap2": 0.6375868210904019
}