{
  "No direct optim ancestor": "None",
  "umap1": 0.6679239759525585,
  "umap2": 0.16758294398430795
}