{
  "umap1": 8.717474937438965,
  "umap2": 4.149527549743652
}