{
  "umap1": 0.4267742337449907,
  "umap2": 0.13385329684493374
}