{
  "No direct optim ancestor": "None",
  "umap1": 0.29730188366714894,
  "umap2": 0.6362344980501214
}