{
  "umap1": 0.23878014167907957,
  "umap2": 0.8998798199664138
}