{
  "umap1": 3.0445661544799805,
  "umap2": 10.46996021270752
}