{
  "No direct optim ancestor": "None",
  "umap1": 0.005034012557594281,
  "umap2": 0.6146079496294542
}