{
  "umap1": 0.4668499486897528,
  "umap2": 0.32441964814183544
}