{
  "umap1": 13.454477310180664,
  "umap2": 4.335582733154297
}