{
  "umap1": 0.3985491543498302,
  "umap2": 0.6924975713580346
}