{
  "No direct optim ancestor": "None",
  "umap1": 0.24713192646451088,
  "umap2": 0.8327903168910197
}