{
  "umap1": 0.8510728942700723,
  "umap2": 0.4622248118647625
}