{
  "umap1": 8.920124053955078,
  "umap2": 6.489662170410156
}