{
  "umap1": 0.999309981840862,
  "umap2": 0.43247009993666974
}