{
  "No direct optim ancestor": "None",
  "umap1": 0.09834206069617424,
  "umap2": 0.13110983943371546
}