{
  "umap1": 0.6249122599177941,
  "umap2": 0.6986889853763699
}