{
  "umap1": 3.7627251148223877,
  "umap2": 10.150155067443848
}