{
  "umap1": 11.042537689208984,
  "umap2": 2.3886311054229736
}