{
  "umap1": 0.5267824670188935,
  "umap2": 0.03592803527114796
}