{
  "No direct optim ancestor": "None",
  "umap1": 0.7178127144395916,
  "umap2": 0.33719854298121354
}