{
  "umap1": 8.926532745361328,
  "umap2": 5.109782695770264
}