{
  "No direct optim ancestor": "None",
  "umap1": 0.717322305294972,
  "umap2": 0.6523165449975237
}