{
  "umap1": 0.24922010611400403,
  "umap2": 0.5755259048067597
}