{
  "umap1": 12.729918479919434,
  "umap2": 3.3908650875091553
}