{
  "No direct optim ancestor": "None",
  "umap1": 0.2022377386345322,
  "umap2": 0.9931804378938368
}