{
  "umap1": 0.3817564544571008,
  "umap2": 0.6948342623078173
}