{
  "No direct optim ancestor": "None",
  "umap1": 0.16104168131929686,
  "umap2": 0.5697314743769633
}