{
  "umap1": 0.25031983903305866,
  "umap2": 0.31924211289949533
}