{
  "umap1": 10.956368446350098,
  "umap2": 1.6431971788406372
}