{
  "No direct optim ancestor": "None",
  "umap1": 0.6733887412053572,
  "umap2": 0.7486451745360921
}