{
  "umap1": 0.718793987901326,
  "umap2": 0.8566988129523726
}