{
  "umap1": 10.42893123626709,
  "umap2": 1.2796763181686401
}