{
  "umap1": 0.8868886142975395,
  "umap2": 0.2676779332380399
}