{
  "umap1": 9.401984214782715,
  "umap2": 5.4392571449279785
}