{
  "No direct optim ancestor": "None",
  "umap1": 0.7234416141557604,
  "umap2": 0.33276148539157635
}