{
  "umap1": 0.9512311665033166,
  "umap2": 0.752035618201268
}