{
  "umap1": 11.040756225585938,
  "umap2": 1.473013162612915
}