{
  "No direct optim ancestor": "None",
  "umap1": 0.8122080455972732,
  "umap2": 0.567066863683588
}