{
  "umap1": 8.882903099060059,
  "umap2": 3.175908088684082
}