{
  "umap1": 10.576802253723145,
  "umap2": 2.342055082321167
}