{
  "No direct optim ancestor": "None",
  "umap1": 0.994939253063998,
  "umap2": 0.4184690645965242
}