{
  "umap1": 0.5043340835739835,
  "umap2": 0.8993816507025706
}