{
  "umap1": 7.336117744445801,
  "umap2": 5.842555999755859
}