{
  "umap1": 0.9435837469552865,
  "umap2": 0.10375356121998536
}