{
  "umap1": 0.10393097514510963,
  "umap2": 0.8464692792387465
}