{
  "No direct optim ancestor": "None",
  "umap1": 0.8404640051052584,
  "umap2": 0.9561304796777409
}