{
  "umap1": 1.1279339790344238,
  "umap2": 9.711804389953613
}