{
  "umap1": 0.9978607172091084,
  "umap2": 0.48818310277037125
}