{
  "No direct optim ancestor": "None",
  "umap1": 0.8581467633938656,
  "umap2": 0.9269860728905683
}