{
  "No direct optim ancestor": "None",
  "umap1": 0.9996841404629976,
  "umap2": 0.38131902400592455
}