{
  "umap1": 0.031248345727489357,
  "umap2": 0.2716016467699496
}