{
  "umap1": 8.721299171447754,
  "umap2": 3.1607472896575928
}