{
  "umap1": 0.8805365647647156,
  "umap2": 0.012056728327191957
}