{
  "No direct optim ancestor": "None",
  "umap1": 0.350480000796358,
  "umap2": 0.8856524465832973
}