{
  "umap1": 0.7224051991501803,
  "umap2": 0.8309008566122973
}