{
  "umap1": 13.385719299316406,
  "umap2": 3.970457077026367
}