{
  "No direct optim ancestor": "None",
  "umap1": 0.9211751864737757,
  "umap2": 0.34492841058998247
}