{
  "umap1": 0.9959274014538593,
  "umap2": 0.5039556792096559
}