{
  "umap1": 11.36915111541748,
  "umap2": 1.6638332605361938
}