{
  "umap1": 0.44536370768291733,
  "umap2": 0.4579730423182782
}