{
  "No direct optim ancestor": "None",
  "umap1": 0.24426940104972938,
  "umap2": 0.5248532086332903
}