{
  "umap1": 10.68436050415039,
  "umap2": 1.6406333446502686
}