{
  "umap1": 0.9264044388067418,
  "umap2": 0.9526914645298128
}