{
  "No direct optim ancestor": "None",
  "umap1": 0.8096013693579079,
  "umap2": 0.3275086854386141
}