{
  "umap1": 12.337421417236328,
  "umap2": 1.7403843402862549
}