{
  "umap1": 9.315847396850586,
  "umap2": 2.5002291202545166
}