{
  "No direct optim ancestor": "None",
  "umap1": 0.4363387323168748,
  "umap2": 0.09934975067636709
}