{
  "umap1": 0.9295765870538012,
  "umap2": 0.1337218064706187
}