{
  "umap1": 9.906562805175781,
  "umap2": 2.3230812549591064
}