{
  "No direct optim ancestor": "None",
  "umap1": 0.9854655411014599,
  "umap2": 0.31919264835771666
}