{
  "umap1": 0.5186925637831219,
  "umap2": 0.8775594026199673
}