{
  "umap1": 0.43132548346789823,
  "umap2": 0.08206544791054071
}