{
  "No direct optim ancestor": "None",
  "umap1": 0.9892351468419233,
  "umap2": 0.983060314429728
}