{
  "umap1": 9.428374290466309,
  "umap2": 1.5795711278915405
}