{
  "No direct optim ancestor": "None",
  "umap1": 0.6448734598713438,
  "umap2": 0.5110799431083918
}