{
  "umap1": 0.24552029692533317,
  "umap2": 0.310462884535027
}