{
  "umap1": 0.2038618775333053,
  "umap2": 0.24399470167599002
}