{
  "No direct optim ancestor": "None",
  "umap1": 0.7491295147735715,
  "umap2": 0.6787020314551094
}