{
  "umap1": 13.202630996704102,
  "umap2": 6.797038555145264
}