{
  "umap1": 10.496886253356934,
  "umap2": 1.8277837038040161
}