{
  "umap1": 0.15025306372326752,
  "umap2": 0.36562586382914786
}