{
  "No direct optim ancestor": "None",
  "umap1": 0.4531790008638106,
  "umap2": 0.2728022948989206
}