{
  "umap1": 3.6602542400360107,
  "umap2": 10.25931167602539
}