{
  "umap1": 11.263471603393555,
  "umap2": 3.178530216217041
}