{
  "umap1": 0.7277003508031056,
  "umap2": 0.1253885660441595
}