{
  "No direct optim ancestor": "None",
  "umap1": 0.7005376727336088,
  "umap2": 0.8584252855311402
}