{
  "No direct optim ancestor": "None",
  "umap1": 0.49640484262920237,
  "umap2": 0.033327699301402
}