{
  "umap1": 0.7485611847830944,
  "umap2": 0.2084557388431223
}