{
  "No direct optim ancestor": "None",
  "umap1": 0.8129945424569833,
  "umap2": 0.5144026794249834
}