{
  "umap1": 0.036119436744934896,
  "umap2": 0.5278156855023776
}