{
  "umap1": 0.8090898437290929,
  "umap2": 0.7188091246449593
}