{
  "No direct optim ancestor": "None",
  "umap1": 0.6246933339829376,
  "umap2": 0.9458230084712076
}