{
  "umap1": 0.3629424218250812,
  "umap2": 0.4084884439474997
}