{
  "umap1": 12.40496826171875,
  "umap2": 3.243140459060669
}