{
  "umap1": 0.6640952936023037,
  "umap2": 0.28356699723659706
}