{
  "umap1": 11.950496673583984,
  "umap2": 6.966080188751221
}