{
  "No direct optim ancestor": "None",
  "umap1": 0.8344635476135983,
  "umap2": 0.011119818789640412
}