{
  "No direct optim ancestor": "None",
  "umap1": 0.9989783651676853,
  "umap2": 0.3482929904728441
}