{
  "umap1": 0.612361920739964,
  "umap2": 0.31911841631693527
}