{
  "umap1": 0.3291305231626439,
  "umap2": 0.4679527992769448
}