{
  "No direct optim ancestor": "None",
  "umap1": 0.4603159895807146,
  "umap2": 0.9459699526225164
}