{
  "No direct optim ancestor": "None",
  "umap1": 0.09777621662696367,
  "umap2": 0.6175186160936655
}