{
  "umap1": 0.0553302921764931,
  "umap2": 0.9012875541335932
}