{
  "umap1": 0.26668495858965857,
  "umap2": 0.08957655620042804
}