{
  "No direct optim ancestor": "None",
  "umap1": 0.8854204466911471,
  "umap2": 0.5679630308235857
}