{
  "umap1": 8.906351089477539,
  "umap2": 3.2493784427642822
}