{
  "umap1": 9.526687622070312,
  "umap2": 1.4082602262496948
}