{
  "No direct optim ancestor": "None",
  "umap1": 0.41753241221017257,
  "umap2": 0.15639205741329565
}