{
  "umap1": 0.8060438072666897,
  "umap2": 0.32449409391050277
}