{
  "No direct optim ancestor": "None",
  "umap1": 0.20480258852440225,
  "umap2": 0.12240341686360512
}