{
  "umap1": 0.9765585451615829,
  "umap2": 0.9041367797608231
}