{
  "umap1": 11.870671272277832,
  "umap2": 3.226740598678589
}