{
  "umap1": 0.920446519865229,
  "umap2": 0.2595861589797207
}