{
  "No direct optim ancestor": "None",
  "umap1": 0.08018545153569823,
  "umap2": 0.7145764038916339
}