{
  "umap1": 10.026533126831055,
  "umap2": 2.679180383682251
}