{
  "umap1": 3.176544427871704,
  "umap2": 10.20567798614502
}