{
  "umap1": 0.2629644652664498,
  "umap2": 0.07302666844066164
}