{
  "No direct optim ancestor": "None",
  "umap1": 0.5021733466973076,
  "umap2": 0.1244212572249146
}