{
  "umap1": 0.8879209024854396,
  "umap2": 0.5017391207866013
}