{
  "umap1": 9.562725067138672,
  "umap2": 2.0141117572784424
}