{
  "umap1": 10.257227897644043,
  "umap2": 2.107408046722412
}