{
  "umap1": 3.1615490913391113,
  "umap2": 10.42875862121582
}