{
  "umap1": 0.6855935135811306,
  "umap2": 0.3471157250951725
}