{
  "umap1": 0.8403094906851216,
  "umap2": 0.7003213870465336
}