{
  "No direct optim ancestor": "None",
  "umap1": 0.8040547488477388,
  "umap2": 0.5133734267221254
}