{
  "umap1": 0.6129627015196194,
  "umap2": 0.3484176163254181
}