{
  "No direct optim ancestor": "None",
  "umap1": 0.2857569450349221,
  "umap2": 0.039539213910603666
}