{
  "umap1": 14.35221004486084,
  "umap2": 2.637974739074707
}