{
  "umap1": 10.18856143951416,
  "umap2": 2.9276742935180664
}