{
  "umap1": 7.339578151702881,
  "umap2": 5.879842758178711
}