{
  "umap1": 12.073587417602539,
  "umap2": 2.2332632541656494
}