{
  "umap1": 0.02768290002215168,
  "umap2": 0.33815626081388417
}