{
  "No direct optim ancestor": "None",
  "umap1": 0.5194906180062049,
  "umap2": 0.4293006299578117
}