{
  "umap1": 3.078526496887207,
  "umap2": 10.498520851135254
}