{
  "umap1": 0.38763322408875145,
  "umap2": 0.10212031072186867
}