{
  "No direct optim ancestor": "None",
  "umap1": 0.5649299388975758,
  "umap2": 0.23718423224175322
}