{
  "umap1": 0.13774791986981927,
  "umap2": 0.5108691429557418
}