{
  "umap1": 11.28120231628418,
  "umap2": 1.5961709022521973
}