{
  "No direct optim ancestor": "None",
  "umap1": 0.9482489574900039,
  "umap2": 0.1432855749088111
}