{
  "umap1": 0.5000723397935302,
  "umap2": 0.17984420700908899
}