{
  "umap1": 0.0070991286085813066,
  "umap2": 0.408277243578711,
  "Direct optim goal": "a photo of a red snowflake with green fractal branches and blue tips"
}