{
  "umap1": 3.5252413749694824,
  "umap2": 10.3749361038208
}