{
  "umap1": 0.5694204646578968,
  "umap2": 0.6774331858614646
}