{
  "No direct optim ancestor": "None",
  "umap1": 0.7875272387362929,
  "umap2": 0.9753827784444699
}