{
  "umap1": 0.2064621031260513,
  "umap2": 0.06754565868156148
}