{
  "umap1": 11.582954406738281,
  "umap2": 3.3711228370666504
}