{
  "umap1": 0.5359713577197435,
  "umap2": 0.4070476997498209
}