{
  "No direct optim ancestor": "None",
  "umap1": 0.9648506020466892,
  "umap2": 0.553325205002377
}