{
  "umap1": 13.822793960571289,
  "umap2": 6.5749945640563965
}