{
  "No direct optim ancestor": "None",
  "umap1": 0.6053042872790492,
  "umap2": 0.6051609726934202
}