{
  "umap1": 0.5292908289163485,
  "umap2": 0.9983247402972404
}