{
  "umap1": 0.6744429824138222,
  "umap2": 0.18253195963356006
}