{
  "No direct optim ancestor": "None",
  "umap1": 0.9061321990376998,
  "umap2": 0.8237473884891264
}