{
  "umap1": 0.9430045263349821,
  "umap2": 0.7355819486561678
}