{
  "umap1": 1.3028193712234497,
  "umap2": 9.990609169006348
}