{
  "umap1": 0.9098081515020187,
  "umap2": 0.03367781666718106
}