{
  "No direct optim ancestor": "None",
  "umap1": 0.18479727908061627,
  "umap2": 0.7956549788576288
}