{
  "umap1": 11.396756172180176,
  "umap2": 1.8716709613800049
}