{
  "umap1": 0.424529232541038,
  "umap2": 0.030257691490862326
}