{
  "No direct optim ancestor": "None",
  "umap1": 0.1782108864600438,
  "umap2": 0.304714341196736
}