{
  "umap1": 0.2150484288520642,
  "umap2": 0.7688996399081268
}