{
  "umap1": 7.932622909545898,
  "umap2": 8.961362838745117
}