{
  "umap1": 0.8946816230384683,
  "umap2": 0.2305021344972561
}