{
  "umap1": 0.6744444061552141,
  "umap2": 0.8243250411840602
}