{
  "No direct optim ancestor": "None",
  "umap1": 0.9308423549327879,
  "umap2": 0.22959044518146043
}