{
  "umap1": 13.81531047821045,
  "umap2": 5.840199947357178
}