{
  "umap1": 0.5647473565248727,
  "umap2": 0.8898531192440677
}