{
  "No direct optim ancestor": "None",
  "umap1": 0.9017051104121128,
  "umap2": 0.2569137280548246
}