{
  "umap1": 10.411972999572754,
  "umap2": 4.401419162750244
}