{
  "umap1": 0.4340494405800386,
  "umap2": 0.8191195249487536
}