{
  "No direct optim ancestor": "None",
  "umap1": 0.06070884600582782,
  "umap2": 0.8359549655613028
}