{
  "umap1": 0.06756043136517154,
  "umap2": 0.6101628270102729
}