{
  "umap1": 2.7627146244049072,
  "umap2": 10.61314868927002
}