{
  "umap1": 0.20348774805379644,
  "umap2": 0.14526244663373855
}