{
  "umap1": 3.8604536056518555,
  "umap2": 9.961472511291504
}