{
  "umap1": 0.8539051089621904,
  "umap2": 0.9742611926676485
}