{
  "umap1": 12.143789291381836,
  "umap2": 2.446312189102173
}