{
  "No direct optim ancestor": "None",
  "umap1": 0.18004925139252004,
  "umap2": 0.7048621537914348
}