{
  "umap1": 0.7317595006669759,
  "umap2": 0.9434438594044587
}