{
  "umap1": 13.532697677612305,
  "umap2": 2.6673247814178467
}