{
  "umap1": 0.7701760487182132,
  "umap2": 0.3883430712424386
}