{
  "umap1": 0.1681161141969334,
  "umap2": 0.691581894591923
}