{
  "umap1": 9.240612983703613,
  "umap2": 4.972216606140137
}