{
  "No direct optim ancestor": "None",
  "umap1": 0.8584064352168291,
  "umap2": 0.009032546894835791
}