{
  "umap1": 0.4968464345749978,
  "umap2": 0.15504345048934198
}