{
  "umap1": 0.2769045528991527,
  "umap2": 0.5025215170737936
}