{
  "umap1": 8.594978332519531,
  "umap2": 3.265455961227417
}