{
  "No direct optim ancestor": "None",
  "umap1": 0.4106882346525542,
  "umap2": 0.6128304205962009
}