{
  "umap1": 12.532882690429688,
  "umap2": 4.61336088180542
}