{
  "umap1": 0.04330127928424532,
  "umap2": 0.8085631581645022
}