{
  "umap1": 12.343070983886719,
  "umap2": 6.344088554382324
}