{
  "No direct optim ancestor": "None",
  "umap1": 0.19061117052822152,
  "umap2": 0.11648235275546115
}