{
  "umap1": 0.21386179563455676,
  "umap2": 0.6245730837687693
}