{
  "umap1": 14.12995433807373,
  "umap2": 2.253532648086548
}