{
  "No direct optim ancestor": "None",
  "umap1": 0.7284635540948238,
  "umap2": 0.0016923275600325693
}