{
  "umap1": 9.707160949707031,
  "umap2": 1.7951277494430542
}