{
  "umap1": 0.46853024186070213,
  "umap2": 0.9424713179692878
}