{
  "No direct optim ancestor": "None",
  "umap1": 0.24216032126254927,
  "umap2": 0.11378011018262935
}