{
  "umap1": 0.24187213965390486,
  "umap2": 0.7090233657140713
}