{
  "umap1": 13.502585411071777,
  "umap2": 5.78913688659668
}