{
  "No direct optim ancestor": "None",
  "umap1": 0.7429778187228485,
  "umap2": 0.061856917363795616
}