{
  "umap1": 0.5128022680661068,
  "umap2": 0.6695169876758342
}