{
  "umap1": 9.584046363830566,
  "umap2": 5.571483135223389
}