{
  "umap1": 0.48087231246771944,
  "umap2": 0.4335597373149156
}