{
  "No direct optim ancestor": "None",
  "umap1": 0.43688855649310243,
  "umap2": 0.7334629657318252
}