{
  "umap1": 3.8800950050354004,
  "umap2": 9.840803146362305
}