{
  "umap1": 0.18441270436643764,
  "umap2": 0.1542615067121471
}