{
  "umap1": 0.19047155688408546,
  "umap2": 0.9901485374142062
}