{
  "umap1": 0.4676173458170195,
  "umap2": 0.5610569888420426
}