{
  "No direct optim ancestor": "None",
  "umap1": 0.2695444833300088,
  "umap2": 0.42516448425390496
}