{
  "No direct optim ancestor": "None",
  "umap1": 0.48648225565698033,
  "umap2": 0.8031433560123954
}