{
  "umap1": 0.5876671746707055,
  "umap2": 0.10078377381935022
}