{
  "umap1": 0.5325714630039562,
  "umap2": 0.049742320147904695
}