{
  "No direct optim ancestor": "None",
  "umap1": 0.025468748236997185,
  "umap2": 0.633944003789304
}