{
  "umap1": 14.08610725402832,
  "umap2": 2.2457985877990723
}