{
  "umap1": 0.2407257840713335,
  "umap2": 0.6616405830528366
}