{
  "No direct optim ancestor": "None",
  "umap1": 0.7723656328624848,
  "umap2": 0.8834351613647765
}