{
  "umap1": 12.678125381469727,
  "umap2": 7.443032264709473
}