{
  "umap1": 0.8337678118974381,
  "umap2": 0.38578989674497
}