{
  "umap1": 12.748316764831543,
  "umap2": 1.9656901359558105
}