{
  "No direct optim ancestor": "None",
  "umap1": 0.6093849596432862,
  "umap2": 0.35763086442969916
}