{
  "umap1": 10.100244522094727,
  "umap2": 3.402904987335205
}