{
  "umap1": 9.82246208190918,
  "umap2": 1.803655982017517
}