{
  "umap1": 0.4255350860316829,
  "umap2": 0.8866345183686662
}