{
  "umap1": 13.828875541687012,
  "umap2": 6.614087104797363
}