{
  "No direct optim ancestor": "None",
  "umap1": 0.5372913502814213,
  "umap2": 0.2764618282051734
}