{
  "umap1": 10.220073699951172,
  "umap2": 3.397724151611328
}