{
  "umap1": 10.394638061523438,
  "umap2": 2.7392032146453857
}