{
  "umap1": 0.45930527672355415,
  "umap2": 0.6904044011162564
}