{
  "No direct optim ancestor": "None",
  "umap1": 0.5322115558090282,
  "umap2": 0.27611185949704453
}