{
  "umap1": 13.901653289794922,
  "umap2": 1.8842558860778809
}