{
  "No direct optim ancestor": "None",
  "umap1": 0.2666327282004797,
  "umap2": 0.12857002052934363
}