{
  "umap1": 0.44439871054509616,
  "umap2": 0.24560328552883692
}