{
  "umap1": 10.964893341064453,
  "umap2": 1.2511425018310547
}