{
  "umap1": 0.4303610701982278,
  "umap2": 0.9893982348766954
}