{
  "umap1": 7.3385419845581055,
  "umap2": 5.874168395996094
}