{
  "umap1": 0.3005667404608199,
  "umap2": 0.9822110928336746
}