{
  "No direct optim ancestor": "None",
  "umap1": 0.5654246594884466,
  "umap2": 0.6504904804314654
}