{
  "umap1": 0.5611309739788369,
  "umap2": 0.17722610738555244
}