{
  "umap1": 0.7680999512211103,
  "umap2": 0.9387036191077579
}