{
  "No direct optim ancestor": "None",
  "umap1": 0.6617224545278093,
  "umap2": 0.9261712826042527
}