{
  "umap1": 9.703776359558105,
  "umap2": 1.6741501092910767
}