{
  "umap1": 0.594105379946285,
  "umap2": 0.37706830622875465
}