{
  "umap1": 0.46588579295238697,
  "umap2": 0.4727889942075598
}