{
  "No direct optim ancestor": "None",
  "umap1": 0.9520289281738058,
  "umap2": 0.0757419353528972
}