{
  "No direct optim ancestor": "None",
  "umap1": 0.23626733430206837,
  "umap2": 0.887566458148528
}