{
  "umap1": 0.5924193886563699,
  "umap2": 0.21543810040524336
}