{
  "umap1": 13.20153522491455,
  "umap2": 3.8427734375
}