{
  "umap1": 13.66783618927002,
  "umap2": 5.795333385467529
}