{
  "No direct optim ancestor": "None",
  "umap1": 0.7414035494979533,
  "umap2": 0.5337170684585538
}