{
  "umap1": 0.3296073363107138,
  "umap2": 0.3294909843123056
}