{
  "umap1": 9.770148277282715,
  "umap2": 4.530057907104492
}