{
  "umap1": 12.551070213317871,
  "umap2": 7.198235988616943
}