{
  "umap1": 12.777509689331055,
  "umap2": 2.911804676055908
}