{
  "umap1": 0.21120861380887712,
  "umap2": 0.9462246192060695
}