{
  "No direct optim ancestor": "None",
  "umap1": 0.3069057085186745,
  "umap2": 0.41954533041072906
}