{
  "umap1": 7.332327365875244,
  "umap2": 5.854300498962402
}