{
  "No direct optim ancestor": "None",
  "umap1": 0.4549034903160003,
  "umap2": 0.7996337888924178
}