{
  "umap1": 11.434489250183105,
  "umap2": 1.5444154739379883
}