{
  "umap1": 0.6515898239768195,
  "umap2": 0.9862494884766337
}