{
  "No direct optim ancestor": "None",
  "umap1": 0.1748056812544314,
  "umap2": 0.3427370546768769
}