{
  "umap1": 14.040701866149902,
  "umap2": 2.0783982276916504
}