{
  "umap1": 0.39957389933203846,
  "umap2": 0.9654617058777436
}