{
  "umap1": 0.8694843353024225,
  "umap2": 0.06311619814686265
}