{
  "No direct optim ancestor": "None",
  "umap1": 0.22891849894597383,
  "umap2": 0.6335973035380914
}