{
  "umap1": 12.286327362060547,
  "umap2": 2.551036834716797
}