{
  "umap1": 0.02867821662374992,
  "umap2": 0.053856972717167606
}