{
  "umap1": 13.05385684967041,
  "umap2": 7.058038711547852
}