{
  "No direct optim ancestor": "None",
  "umap1": 0.9753556209989995,
  "umap2": 0.11701013155111595
}