{
  "umap1": 0.5516512847865342,
  "umap2": 0.4163133639692801
}