{
  "umap1": 11.092036247253418,
  "umap2": 4.062734603881836
}