{
  "No direct optim ancestor": "None",
  "umap1": 0.9058852297185717,
  "umap2": 0.15653307613221457
}