{
  "umap1": 0.3198533086550325,
  "umap2": 0.6580093325851951
}