{
  "Ancestor's direct optim goal": "a pink square",
  "umap1": 0.6614448395793883,
  "umap2": 0.1371119573028019
}