{
  "umap1": 1.1003568172454834,
  "umap2": 9.621872901916504
}