{
  "umap1": 13.949810028076172,
  "umap2": 5.010028839111328
}