{
  "umap1": 12.760004997253418,
  "umap2": 3.1681177616119385
}