{
  "umap1": 10.963249206542969,
  "umap2": 1.586977481842041
}