{
  "umap1": 0.7364047739733472,
  "umap2": 0.4708546911020929
}