{
  "umap1": 0.8091706959613352,
  "umap2": 0.06170102317671711
}