{
  "umap1": 0.14383643331127705,
  "umap2": 0.47115756267875086
}