{
  "umap1": 2.863786458969116,
  "umap2": 10.414219856262207
}