{
  "No direct optim ancestor": "None",
  "umap1": 0.8137324358894023,
  "umap2": 0.3099038396999598
}