{
  "umap1": 0.3698715772811295,
  "umap2": 0.09816843248314755
}