{
  "umap1": 0.5277748167268905,
  "umap2": 0.23904030539484167
}