{
  "umap1": 13.30164909362793,
  "umap2": 3.6230103969573975
}