{
  "No direct optim ancestor": "None",
  "umap1": 0.9077159441015378,
  "umap2": 0.23997161421539304
}