{
  "umap1": 14.05323314666748,
  "umap2": 6.249479293823242
}