{
  "No direct optim ancestor": "None",
  "umap1": 0.12409841663150123,
  "umap2": 0.48521413427991633
}