{
  "umap1": 0.8168907337385682,
  "umap2": 0.3259196652174524
}