{
  "umap1": 7.353304386138916,
  "umap2": 5.840663433074951
}