{
  "umap1": 0.6609762267025967,
  "umap2": 0.24805997537947078
}