{
  "umap1": 8.04807186126709,
  "umap2": 8.860770225524902
}