{
  "umap1": 3.851780891418457,
  "umap2": 9.906153678894043
}