{
  "umap1": 0.11686903410487581,
  "umap2": 0.6237527520907981
}