{
  "No direct optim ancestor": "None",
  "umap1": 0.10710415945192131,
  "umap2": 0.314809741176986
}