{
  "No direct optim ancestor": "None",
  "umap1": 0.6692240477412268,
  "umap2": 0.5091171713946003
}