{
  "umap1": 0.5068970741014873,
  "umap2": 0.988695135032219
}