{
  "umap1": 12.562921524047852,
  "umap2": 3.8431103229522705
}