{
  "No direct optim ancestor": "None",
  "umap1": 0.2907815976328785,
  "umap2": 0.8266208129531202
}