{
  "umap1": 0.16293725421606786,
  "umap2": 0.8094456530270471
}