{
  "umap1": 13.974483489990234,
  "umap2": 2.2151448726654053
}