{
  "No direct optim ancestor": "None",
  "umap1": 0.9413401912646121,
  "umap2": 0.6025181271296915
}