{
  "umap1": 11.297694206237793,
  "umap2": 1.4762064218521118
}