{
  "umap1": 0.5112075839590023,
  "umap2": 0.7680740466082202
}