{
  "No direct optim ancestor": "None",
  "umap1": 0.28453784416457295,
  "umap2": 0.9048540470509528
}