{
  "umap1": 0.8753179733540584,
  "umap2": 0.5794592624600275
}