{
  "umap1": 11.438791275024414,
  "umap2": 2.560624361038208
}