{
  "umap1": 13.934350967407227,
  "umap2": 6.342557430267334
}