{
  "umap1": 13.470480918884277,
  "umap2": 1.6207692623138428
}