{
  "No direct optim ancestor": "None",
  "umap1": 0.0003167843751245014,
  "umap2": 0.11076970727811497
}