{
  "umap1": 0.6151722711977808,
  "umap2": 0.19729674963633914
}