{
  "umap1": 12.763408660888672,
  "umap2": 6.1128034591674805
}