{
  "umap1": 2.976210594177246,
  "umap2": 10.51431655883789
}