{
  "umap1": 0.9768239587131127,
  "umap2": 0.08435033492350086
}