{
  "umap1": 0.9366317342044523,
  "umap2": 0.7863881738119903
}