{
  "No direct optim ancestor": "None",
  "umap1": 0.7865165828114319,
  "umap2": 0.9057397491607815
}