{
  "umap1": 10.603058815002441,
  "umap2": 6.18881893157959
}