{
  "umap1": 0.7675731150793845,
  "umap2": 0.2254563222149023
}