{
  "umap1": 14.188544273376465,
  "umap2": 5.442030906677246
}