{
  "Ancestor's direct optim goal": "a mandala of eight red triangles with green dots",
  "umap1": 0.8091501074254435,
  "umap2": 0.6717652495463211
}