{
  "umap1": 0.5737135467234865,
  "umap2": 0.7493852462512993
}