{
  "umap1": 1.0381748676300049,
  "umap2": 9.722943305969238
}