{
  "umap1": 0.5308931357509635,
  "umap2": 0.7938440027949665
}