{
  "umap1": 12.619746208190918,
  "umap2": 5.31420373916626
}