{
  "umap1": 0.4376052114636567,
  "umap2": 0.6735184722657684
}