{
  "No direct optim ancestor": "None",
  "umap1": 0.4030664073019826,
  "umap2": 0.37888843936293826
}