{
  "umap1": 1.0815187692642212,
  "umap2": 9.790499687194824
}