{
  "umap1": 0.2999394785230036,
  "umap2": 0.08131120647692214
}