{
  "umap1": 11.191527366638184,
  "umap2": 3.5681471824645996
}