{
  "No direct optim ancestor": "None",
  "umap1": 0.27342248862616003,
  "umap2": 0.9342221006080081
}