{
  "umap1": 8.397950172424316,
  "umap2": 4.771496295928955
}