{
  "umap1": 13.653594017028809,
  "umap2": 2.764910936355591
}