{
  "No direct optim ancestor": "None",
  "umap1": 0.11724501201083981,
  "umap2": 0.5423172569841632
}