{
  "umap1": 0.4369560224929885,
  "umap2": 0.25550768888906294
}