{
  "umap1": 0.7418912589572978,
  "umap2": 0.8385280075490859
}