{
  "umap1": 4.982900142669678,
  "umap2": 10.778791427612305
}