{
  "umap1": 8.372088432312012,
  "umap2": 8.896950721740723
}