{
  "umap1": 0.1913156345010798,
  "umap2": 0.5908931200697319
}