{
  "umap1": 7.391757965087891,
  "umap2": 5.844862937927246
}