{
  "umap1": 4.892297744750977,
  "umap2": 10.872787475585938
}