{
  "No direct optim ancestor": "None",
  "umap1": 0.5464898843473416,
  "umap2": 0.9957840047111461
}