{
  "umap1": 0.25623330193184735,
  "umap2": 0.7307706958952166
}