{
  "No direct optim ancestor": "None",
  "umap1": 0.5525078978876535,
  "umap2": 0.027923914808542505
}