{
  "umap1": 0.8222109900281226,
  "umap2": 0.7128308826163179
}