{
  "umap1": 12.94854736328125,
  "umap2": 6.8853654861450195
}