{
  "umap1": 0.1272522677286949,
  "umap2": 0.7670785870184349
}