{
  "umap1": 3.6404757499694824,
  "umap2": 9.996282577514648
}