{
  "umap1": 13.702646255493164,
  "umap2": 4.8950042724609375
}