{
  "umap1": 11.5989351272583,
  "umap2": 2.30617094039917
}