{
  "umap1": 0.3033552491729715,
  "umap2": 0.18605641535784434
}