{
  "umap1": 3.0928993225097656,
  "umap2": 10.471260070800781
}