{
  "umap1": 3.7506160736083984,
  "umap2": 9.935697555541992
}