{
  "umap1": 0.22457545612297158,
  "umap2": 0.422087555254665
}