{
  "umap1": 0.2899116919993371,
  "umap2": 0.32343063420705476
}