{
  "umap1": 11.52017879486084,
  "umap2": 2.861666202545166
}