{
  "No direct optim ancestor": "None",
  "umap1": 0.741787887061809,
  "umap2": 0.6896057880446448
}