{
  "umap1": 2.629526376724243,
  "umap2": 10.397031784057617
}