{
  "umap1": 0.7698172959936537,
  "umap2": 0.36401060081108694
}