{
  "umap1": 0.2038585629327765,
  "umap2": 0.1842650492451986
}