{
  "No direct optim ancestor": "None",
  "umap1": 0.04818570218696605,
  "umap2": 0.566673427713435
}