{
  "umap1": 11.75609302520752,
  "umap2": 3.0489342212677
}