{
  "umap1": 0.3623918584303606,
  "umap2": 0.9896203428917447
}