{
  "No direct optim ancestor": "None",
  "umap1": 0.4996271997883559,
  "umap2": 0.9530732553300627
}