{
  "umap1": 0.020175768632534674,
  "umap2": 0.7464496712588755
}