{
  "umap1": 11.75739860534668,
  "umap2": 3.299882411956787
}