{
  "No direct optim ancestor": "None",
  "umap1": 0.30768003511438113,
  "umap2": 0.14713470535787498
}