{
  "umap1": 0.3774130522052721,
  "umap2": 0.2353643941776542
}