{
  "umap1": 0.18580306979888173,
  "umap2": 0.3323504897200722
}