{
  "No direct optim ancestor": "None",
  "umap1": 0.004350247340260571,
  "umap2": 0.16710595978617093
}