{
  "No direct optim ancestor": "None",
  "umap1": 0.304122228887319,
  "umap2": 0.4592535808883388
}