{
  "umap1": 0.6868659793979116,
  "umap2": 0.6465908355551641
}