{
  "umap1": 3.5526626110076904,
  "umap2": 10.324411392211914
}