{
  "umap1": 0.23859438182156845,
  "umap2": 0.519263164222991
}