{
  "umap1": 13.26363468170166,
  "umap2": 6.951687335968018
}