{
  "umap1": 0.712119365764796,
  "umap2": 0.9248099443878803
}