{
  "No direct optim ancestor": "None",
  "umap1": 0.4518977055832962,
  "umap2": 0.8372810946987619
}