{
  "No direct optim ancestor": "None",
  "umap1": 0.8915359869844166,
  "umap2": 0.9078250239467323
}