{
  "umap1": 0.37226095877532617,
  "umap2": 0.6490156119566498
}