{
  "umap1": 13.143386840820312,
  "umap2": 6.4082841873168945
}