{
  "umap1": 8.592714309692383,
  "umap2": 5.726644515991211
}