{
  "umap1": 0.7044515358779876,
  "umap2": 0.7656804500921953
}