{
  "umap1": 12.087045669555664,
  "umap2": 3.318369150161743
}