{
  "umap1": 2.950124979019165,
  "umap2": 10.607776641845703
}