{
  "umap1": 0.5538316937479519,
  "umap2": 0.932449018802748
}