{
  "No direct optim ancestor": "None",
  "umap1": 0.5472750667505105,
  "umap2": 0.38645653231826294
}