{
  "umap1": 0.49724186324994846,
  "umap2": 0.02792869396000608
}