{
  "umap1": 10.540558815002441,
  "umap2": 1.370150089263916
}