{
  "No direct optim ancestor": "None",
  "umap1": 0.5352484824284899,
  "umap2": 0.9548096122315356
}