{
  "umap1": 0.17936257728919136,
  "umap2": 0.7939861489510771
}