{
  "umap1": 0.20632240424996195,
  "umap2": 0.2770861363912439
}