{
  "No direct optim ancestor": "None",
  "umap1": 0.8078932759023167,
  "umap2": 0.892847737669404
}