{
  "umap1": 0.8602141964142975,
  "umap2": 0.9864594977090818
}