{
  "umap1": 12.156397819519043,
  "umap2": 4.929579734802246
}