{
  "umap1": 12.558601379394531,
  "umap2": 7.373295307159424
}