{
  "umap1": 13.8570556640625,
  "umap2": 1.9025557041168213
}