{
  "No direct optim ancestor": "None",
  "umap1": 0.11888250455899374,
  "umap2": 0.2846242763505875
}