{
  "umap1": 0.37414639081693934,
  "umap2": 0.7937846368132242
}