{
  "No direct optim ancestor": "None",
  "umap1": 0.6320309762874009,
  "umap2": 0.7142714997736267
}