{
  "umap1": 0.741614147309707,
  "umap2": 0.4970148936517619
}