{
  "umap1": 13.210551261901855,
  "umap2": 2.8418126106262207
}