{
  "umap1": 8.329404830932617,
  "umap2": 7.2788519859313965
}