{
  "umap1": 10.049579620361328,
  "umap2": 1.2019528150558472
}