{
  "umap1": 0.747343240823745,
  "umap2": 0.44827975558057265
}