{
  "No direct optim ancestor": "None",
  "umap1": 0.30579887298605724,
  "umap2": 0.7912491034894448
}