{
  "No direct optim ancestor": "None",
  "umap1": 0.48962932028003847,
  "umap2": 0.36936885022225163
}