{
  "umap1": 0.5812802091936071,
  "umap2": 0.820060113025989
}