{
  "umap1": 8.364707946777344,
  "umap2": 8.9129638671875
}