{
  "umap1": 0.66411276933697,
  "umap2": 0.3884289421207422
}