{
  "umap1": 13.241823196411133,
  "umap2": 4.388792514801025
}