{
  "umap1": 8.355267524719238,
  "umap2": 7.2450456619262695
}