{
  "umap1": 0.7316955003371186,
  "umap2": 0.1747364232219386
}