{
  "umap1": 13.225621223449707,
  "umap2": 4.269742965698242
}