{
  "umap1": 0.39482804555441975,
  "umap2": 0.42696780046711114
}