{
  "No direct optim ancestor": "None",
  "umap1": 0.1168210490838899,
  "umap2": 0.028653272034733335
}