{
  "umap1": 0.10840398632372028,
  "umap2": 0.41071124120925073
}