{
  "umap1": 11.236387252807617,
  "umap2": 2.808727502822876
}