{
  "No direct optim ancestor": "None",
  "umap1": 0.9973472953628271,
  "umap2": 0.5178852263219335
}