{
  "umap1": 13.00550365447998,
  "umap2": 3.2672805786132812
}