{
  "umap1": 13.332261085510254,
  "umap2": 6.281867504119873
}