{
  "umap1": 0.32263874007353943,
  "umap2": 0.8857338856765318
}