{
  "No direct optim ancestor": "None",
  "umap1": 0.20427785346581906,
  "umap2": 0.9033273784968127
}