{
  "umap1": 12.699828147888184,
  "umap2": 4.315465450286865
}