{
  "No direct optim ancestor": "None",
  "umap1": 0.002593055112338538,
  "umap2": 0.5302350205164823
}