{
  "umap1": 0.27984015301408105,
  "umap2": 0.1845688532603862
}