{
  "umap1": 0.47602040218640895,
  "umap2": 0.41510410607436943
}