{
  "No direct optim ancestor": "None",
  "umap1": 0.5220173367993771,
  "umap2": 0.9262023196437974
}