{
  "umap1": 10.635265350341797,
  "umap2": 2.50081205368042
}