{
  "No direct optim ancestor": "None",
  "umap1": 0.8511017085196434,
  "umap2": 0.13922805113126846
}