{
  "umap1": 0.3886639187514208,
  "umap2": 0.2613243842219112
}