{
  "umap1": 0.33419852554034546,
  "umap2": 0.7735565955232067
}