{
  "No direct optim ancestor": "None",
  "umap1": 0.6305610788704237,
  "umap2": 0.9974155574159976
}