{
  "umap1": 11.769187927246094,
  "umap2": 2.292131185531616
}