{
  "No direct optim ancestor": "None",
  "umap1": 0.11107138213864765,
  "umap2": 0.6431967960241105
}