{
  "umap1": 0.22824488862147607,
  "umap2": 0.9783258616876634
}