{
  "No direct optim ancestor": "None",
  "umap1": 0.8284590312406135,
  "umap2": 0.576937503459873
}