{
  "umap1": 0.5296311404267361,
  "umap2": 0.9198637488330247
}