{
  "umap1": 14.594104766845703,
  "umap2": 5.380363464355469
}