{
  "umap1": 14.084344863891602,
  "umap2": 2.7410786151885986
}