{
  "umap1": 11.655167579650879,
  "umap2": 4.499149322509766
}