{
  "umap1": 5.0728254318237305,
  "umap2": 10.667975425720215
}