{
  "umap1": 0.3433323212259144,
  "umap2": 0.2736120414698453
}