{
  "No direct optim ancestor": "None",
  "umap1": 0.9067576036059974,
  "umap2": 0.32018392455424616
}