{
  "umap1": 12.611321449279785,
  "umap2": 7.30974006652832
}