{
  "umap1": 0.08824137429793355,
  "umap2": 0.015290231876779026
}