{
  "umap1": 0.7401702927945194,
  "umap2": 0.7254244985653234
}