{
  "No direct optim ancestor": "None",
  "umap1": 0.16362527774871283,
  "umap2": 0.8459930749476471
}