{
  "umap1": 12.63543701171875,
  "umap2": 4.619111061096191
}