{
  "No direct optim ancestor": "None",
  "umap1": 0.46594016496509805,
  "umap2": 0.2502539603642707
}