{
  "umap1": 0.1793017853244957,
  "umap2": 0.7203416073119068
}