{
  "No direct optim ancestor": "None",
  "umap1": 0.8515106897484334,
  "umap2": 0.5051855273622432
}