{
  "umap1": 0.6239693036340024,
  "umap2": 0.42559416236594005
}