{
  "umap1": 0.09903424743246858,
  "umap2": 0.567244186666678
}