{
  "umap1": 1.0164766311645508,
  "umap2": 9.646570205688477
}