{
  "umap1": 0.14254866783375675,
  "umap2": 0.8167120024747995
}