{
  "No direct optim ancestor": "None",
  "umap1": 0.3741791940866006,
  "umap2": 0.4587118410287879
}