{
  "umap1": 0.4020221981007551,
  "umap2": 0.35129973071956966
}