{
  "umap1": 0.3059957175787935,
  "umap2": 0.09499376610050447
}