{
  "No direct optim ancestor": "None",
  "umap1": 0.4576800498371315,
  "umap2": 0.19099341753365306
}