{
  "umap1": 11.458175659179688,
  "umap2": 2.725278615951538
}