{
  "umap1": 0.19801064257677725,
  "umap2": 0.28072323989918857
}