{
  "umap1": 0.5089498867461062,
  "umap2": 0.6962632586033248
}