{
  "No direct optim ancestor": "None",
  "umap1": 0.22987997070238786,
  "umap2": 0.0395954313533593
}