{
  "umap1": 11.115499496459961,
  "umap2": 1.200139045715332
}