{
  "umap1": 9.309165000915527,
  "umap2": 5.643683433532715
}