{
  "umap1": 3.311999797821045,
  "umap2": 10.450770378112793
}