{
  "umap1": 0.10873554664875751,
  "umap2": 0.8806101455454617
}