{
  "umap1": 12.683981895446777,
  "umap2": 2.50388765335083
}