{
  "umap1": 12.189576148986816,
  "umap2": 2.2186896800994873
}