{
  "No direct optim ancestor": "None",
  "umap1": 0.023412648898540334,
  "umap2": 0.05245487909818258
}