{
  "umap1": 0.46588344602708,
  "umap2": 0.9447631852506608
}