{
  "No direct optim ancestor": "None",
  "umap1": 0.8389660905731954,
  "umap2": 0.488378728244784
}