{
  "umap1": 0.48634778250244226,
  "umap2": 0.09945633344336213
}