{
  "umap1": 13.963518142700195,
  "umap2": 4.953924655914307
}