{
  "umap1": 8.772558212280273,
  "umap2": 6.196338176727295
}