{
  "umap1": 0.833017327343465,
  "umap2": 0.7937612479900422
}