{
  "No direct optim ancestor": "None",
  "umap1": 0.26495136156223287,
  "umap2": 0.39057459167855635
}