{
  "umap1": 0.7861159396191537,
  "umap2": 0.3011647614682237
}