{
  "umap1": 12.302596092224121,
  "umap2": 2.1970715522766113
}