{
  "umap1": 13.027907371520996,
  "umap2": 3.3853487968444824
}