{
  "umap1": 0.39049033898332486,
  "umap2": 0.5295851784273448
}