{
  "No direct optim ancestor": "None",
  "umap1": 0.051196638428976815,
  "umap2": 0.09361005960296775
}