{
  "No direct optim ancestor": "None",
  "umap1": 0.7521773720211954,
  "umap2": 0.37450769560149166
}