{
  "umap1": 0.6996713057368396,
  "umap2": 0.8553606056964942
}