{
  "umap1": 8.817178726196289,
  "umap2": 5.737948417663574
}