{
  "umap1": 14.124642372131348,
  "umap2": 5.174482345581055
}