{
  "umap1": 0.15345377032101526,
  "umap2": 0.14585468988224803
}