{
  "No direct optim ancestor": "None",
  "umap1": 0.07937735429055537,
  "umap2": 0.49160331367685983
}