{
  "umap1": 0.7461438781123414,
  "umap2": 0.6932325318955636
}