{
  "umap1": 2.8578357696533203,
  "umap2": 10.497325897216797
}