{
  "umap1": 0.5484414207650641,
  "umap2": 0.6967877483706846
}