{
  "No direct optim ancestor": "None",
  "umap1": 0.16153078855348768,
  "umap2": 0.5030833544739042
}