{
  "No direct optim ancestor": "None",
  "umap1": 0.3674544572652352,
  "umap2": 0.12416464621816803
}