{
  "umap1": 9.366463661193848,
  "umap2": 4.033064842224121
}