{
  "umap1": 0.5189937296529468,
  "umap2": 0.9759430631816999
}