{
  "umap1": 11.654071807861328,
  "umap2": 1.5904356241226196
}