{
  "umap1": 11.831389427185059,
  "umap2": 1.7364332675933838
}