{
  "No direct optim ancestor": "None",
  "umap1": 0.1873324289782079,
  "umap2": 0.5032669809654581
}