{
  "umap1": 0.514621323934638,
  "umap2": 0.6710670751322554
}