{
  "umap1": 8.951528549194336,
  "umap2": 5.995521545410156
}