{
  "umap1": 11.89890193939209,
  "umap2": 1.5372868776321411
}