{
  "umap1": 0.17596741979664288,
  "umap2": 0.019411515169025062
}