{
  "No direct optim ancestor": "None",
  "umap1": 0.4457024521604318,
  "umap2": 0.13537129162163142
}