{
  "umap1": 13.68850326538086,
  "umap2": 6.369376182556152
}