{
  "No direct optim ancestor": "None",
  "umap1": 0.43777746937197715,
  "umap2": 0.2758469443245355
}