{
  "umap1": 0.1692268670473025,
  "umap2": 0.5221392502998299
}