{
  "umap1": 0.4036933069632138,
  "umap2": 0.24065159429284244
}