{
  "No direct optim ancestor": "None",
  "umap1": 0.27814251095150744,
  "umap2": 0.6373975074295603
}