{
  "umap1": 10.655633926391602,
  "umap2": 1.2526683807373047
}