{
  "No direct optim ancestor": "None",
  "umap1": 0.339433975747813,
  "umap2": 0.08315130636799417
}