{
  "umap1": 0.2199782296429733,
  "umap2": 0.39023874805431535
}