{
  "umap1": 0.16931276328896627,
  "umap2": 0.05479751191697435
}