{
  "umap1": 1.6974146366119385,
  "umap2": 10.101948738098145
}