{
  "umap1": 10.823006629943848,
  "umap2": 1.2115473747253418
}