{
  "No direct optim ancestor": "None",
  "umap1": 0.03258336641499249,
  "umap2": 0.6587845195912938
}