{
  "umap1": 0.10824605336245541,
  "umap2": 0.06263489352207408
}