{
  "umap1": 14.137283325195312,
  "umap2": 5.2125678062438965
}