{
  "umap1": 0.35475206615022714,
  "umap2": 0.3567516486547688
}