{
  "No direct optim ancestor": "None",
  "umap1": 0.37347161186481226,
  "umap2": 0.5100299485384114
}