{
  "umap1": 12.713325500488281,
  "umap2": 3.8786473274230957
}