{
  "umap1": 0.23408133642227302,
  "umap2": 0.8518823741506767
}