{
  "umap1": 12.779512405395508,
  "umap2": 6.0776166915893555
}