{
  "No direct optim ancestor": "None",
  "umap1": 0.5955417797932007,
  "umap2": 0.7232438212434134
}