{
  "umap1": 0.02592778282108943,
  "umap2": 0.3335287465288963
}