{
  "umap1": 10.916775703430176,
  "umap2": 2.112372398376465
}