{
  "No direct optim ancestor": "None",
  "umap1": 0.41605836418686826,
  "umap2": 0.9030382277740355
}