{
  "umap1": 0.19078259885755566,
  "umap2": 0.7012796554952571
}