{
  "No direct optim ancestor": "None",
  "umap1": 0.30332663131705595,
  "umap2": 0.2689315588498651
}