{
  "umap1": 0.04100124549687534,
  "umap2": 0.307549067537518
}