{
  "umap1": 12.1150484085083,
  "umap2": 3.781836986541748
}