{
  "No direct optim ancestor": "None",
  "umap1": 0.8484024714656153,
  "umap2": 0.5708374226276475
}