{
  "umap1": 0.23838936701410807,
  "umap2": 0.44973933313295666
}