{
  "umap1": 9.189261436462402,
  "umap2": 5.866730690002441
}