{
  "No direct optim ancestor": "None",
  "umap1": 0.48746045502004653,
  "umap2": 0.4773101563997054
}