{
  "umap1": 9.588068008422852,
  "umap2": 1.6909643411636353
}