{
  "umap1": 0.7533883061089119,
  "umap2": 0.5268801168794075
}