{
  "No direct optim ancestor": "None",
  "umap1": 0.7759820257291405,
  "umap2": 0.13737584422681415
}