{
  "umap1": 11.02181339263916,
  "umap2": 2.3574821949005127
}