{
  "umap1": 0.9364835212489095,
  "umap2": 0.868188985478496
}