{
  "No direct optim ancestor": "None",
  "umap1": 0.283889759405215,
  "umap2": 0.9846633451470953
}