{
  "No direct optim ancestor": "None",
  "umap1": 0.26149146173575954,
  "umap2": 0.913494269916928
}