{
  "umap1": 0.16769813312900017,
  "umap2": 0.13361525713512812
}