{
  "umap1": 13.608592987060547,
  "umap2": 3.4349217414855957
}