{
  "No direct optim ancestor": "None",
  "umap1": 0.34246369761829165,
  "umap2": 0.5710488016279978
}