{
  "umap1": 0.08527066334846245,
  "umap2": 0.015169516246463677
}