{
  "umap1": 12.02224349975586,
  "umap2": 2.8422653675079346
}