{
  "No direct optim ancestor": "None",
  "umap1": 0.2009905238433285,
  "umap2": 0.13049620982780197
}