{
  "umap1": 0.18494893143370983,
  "umap2": 0.7499396305031669
}