{
  "umap1": 0.2067723464672082,
  "umap2": 0.9333659492710228
}