{
  "No direct optim ancestor": "None",
  "umap1": 0.07895859240005476,
  "umap2": 0.3920386670020567
}