{
  "umap1": 0.2653882250530971,
  "umap2": 0.5944732335119323
}