{
  "No direct optim ancestor": "None",
  "umap1": 0.27005967386711505,
  "umap2": 0.19654321519606577
}