{
  "umap1": 13.968132019042969,
  "umap2": 5.943376541137695
}