{
  "umap1": 0.44707736258197683,
  "umap2": 0.022611803609861703
}