{
  "umap1": 8.353503227233887,
  "umap2": 7.257907390594482
}