{
  "umap1": 0.26721554417524795,
  "umap2": 0.05091320889273976
}