{
  "umap1": 13.90697193145752,
  "umap2": 2.011735677719116
}