{
  "No direct optim ancestor": "None",
  "umap1": 0.7476052100206371,
  "umap2": 0.1987153265960524
}