{
  "umap1": 0.20263865597852826,
  "umap2": 0.7787405961550997
}