{
  "umap1": 10.06834602355957,
  "umap2": 2.539649486541748
}