{
  "umap1": 0.02455034870095052,
  "umap2": 0.24652631698196137
}