{
  "umap1": 1.0387051105499268,
  "umap2": 9.62363052368164
}