{
  "umap1": 0.15861515825408745,
  "umap2": 0.7527288253655469
}