{
  "No direct optim ancestor": "None",
  "umap1": 0.7513799787040889,
  "umap2": 0.6450464453028969
}