{
  "No direct optim ancestor": "None",
  "umap1": 0.37983161227200535,
  "umap2": 0.13371638536690877
}