{
  "umap1": 0.6540324932039465,
  "umap2": 0.5788096998231553
}