{
  "umap1": 12.212602615356445,
  "umap2": 2.897761106491089
}