{
  "umap1": 13.827027320861816,
  "umap2": 4.961899280548096
}