{
  "No direct optim ancestor": "None",
  "umap1": 0.3935418367143745,
  "umap2": 0.4110358619869592
}