{
  "umap1": 0.9162737070553397,
  "umap2": 0.7394806480763247
}