{
  "No direct optim ancestor": "None",
  "umap1": 0.17933141850005574,
  "umap2": 0.9940555459346206
}