{
  "umap1": 0.6199761756741506,
  "umap2": 0.02562505655942071
}