{
  "umap1": 0.20223144135176885,
  "umap2": 0.8218790887326657
}