{
  "umap1": 12.853882789611816,
  "umap2": 4.243800163269043
}