{
  "No direct optim ancestor": "None",
  "umap1": 0.728346681895013,
  "umap2": 0.658514881674225
}