{
  "No direct optim ancestor": "None",
  "umap1": 0.6178683385017937,
  "umap2": 0.9121279705701825
}