{
  "umap1": 11.449098587036133,
  "umap2": 1.9189015626907349
}