{
  "umap1": 0.5590062581445684,
  "umap2": 0.22816019047230307
}