{
  "umap1": 10.024890899658203,
  "umap2": 2.7292134761810303
}