{
  "umap1": 1.158262014389038,
  "umap2": 9.58437728881836
}