{
  "umap1": 0.045653432327611876,
  "umap2": 0.3319937925754395
}