{
  "umap1": 10.245609283447266,
  "umap2": 1.900439739227295
}