{
  "umap1": 0.3115520556021316,
  "umap2": 0.09168005976054339
}