{
  "No direct optim ancestor": "None",
  "umap1": 0.37044677306568274,
  "umap2": 0.4114064982237622
}