{
  "umap1": 0.4747465331716999,
  "umap2": 0.6727716608515822
}