{
  "umap1": 0.8749802287258507,
  "umap2": 0.9238366968639872,
  "Direct optim goal": "a photo of a red six-pointed star with green outline"
}