{
  "umap1": 2.647456407546997,
  "umap2": 10.716360092163086
}