{
  "No direct optim ancestor": "None",
  "umap1": 0.49378093477724094,
  "umap2": 0.2752459236646533
}