{
  "umap1": 0.5740558604968949,
  "umap2": 0.9786013407936055
}