{
  "umap1": 0.27042413304676627,
  "umap2": 0.4687707525929299
}