{
  "No direct optim ancestor": "None",
  "umap1": 0.687953249409941,
  "umap2": 0.38758052942160026
}