{
  "umap1": 13.07226276397705,
  "umap2": 2.5787973403930664
}