{
  "No direct optim ancestor": "None",
  "umap1": 0.4851974238930694,
  "umap2": 0.51090088338336
}