{
  "umap1": 0.15328279781830623,
  "umap2": 0.9743135179963629
}