{
  "umap1": 0.3379858681338018,
  "umap2": 0.22242614467481747
}