{
  "No direct optim ancestor": "None",
  "umap1": 0.2128366543178598,
  "umap2": 0.9652485495414955
}