{
  "umap1": 0.18355758113316656,
  "umap2": 0.11610075560291122
}