{
  "umap1": 12.698149681091309,
  "umap2": 4.283716201782227
}