{
  "umap1": 10.728175163269043,
  "umap2": 1.8659578561782837
}