{
  "umap1": 8.952180862426758,
  "umap2": 5.764435291290283
}