{
  "umap1": 10.895832061767578,
  "umap2": 2.3424038887023926
}