{
  "umap1": 9.760085105895996,
  "umap2": 6.111997127532959
}