{
  "umap1": 11.435147285461426,
  "umap2": 3.2845449447631836
}