{
  "No direct optim ancestor": "None",
  "umap1": 0.5401859795620435,
  "umap2": 0.9648635365245839
}