{
  "umap1": 0.02531681968549082,
  "umap2": 0.5503302564451192
}