{
  "umap1": 13.017386436462402,
  "umap2": 6.80941104888916
}