{
  "umap1": 0.6895519390614627,
  "umap2": 0.8261232010134568
}