{
  "umap1": 11.18822956085205,
  "umap2": 2.0463240146636963
}