{
  "No direct optim ancestor": "None",
  "umap1": 0.9632472973600991,
  "umap2": 0.32881856453428415
}