{
  "No direct optim ancestor": "None",
  "umap1": 0.9373893492979678,
  "umap2": 0.49661470570840616
}