{
  "umap1": 0.6299682391567374,
  "umap2": 0.7269273379354853
}