{
  "No direct optim ancestor": "None",
  "umap1": 0.27478424758485465,
  "umap2": 0.23996695380593314
}