{
  "umap1": 9.102170944213867,
  "umap2": 2.8275680541992188
}