{
  "umap1": 0.019869389592064968,
  "umap2": 0.6156429297193459
}