{
  "umap1": 0.3604860570781978,
  "umap2": 0.8066068655848819
}