{
  "No direct optim ancestor": "None",
  "umap1": 0.6073004062924272,
  "umap2": 0.05525535613640098
}