{
  "umap1": 10.022603034973145,
  "umap2": 3.6132898330688477
}