{
  "umap1": 0.17022954582438798,
  "umap2": 0.7714470604063988
}