{
  "No direct optim ancestor": "None",
  "umap1": 0.043355117564858436,
  "umap2": 0.779065748005657
}