{
  "umap1": 4.829575061798096,
  "umap2": 10.925603866577148
}