{
  "umap1": 9.009178161621094,
  "umap2": 6.683655738830566
}