{
  "umap1": 0.9938459963589978,
  "umap2": 0.1447677545712116
}