{
  "umap1": 3.526561975479126,
  "umap2": 10.378375053405762
}