{
  "umap1": 0.7754747245902622,
  "umap2": 0.3839095343739153
}