{
  "No direct optim ancestor": "None",
  "umap1": 0.3925009606084001,
  "umap2": 0.43783766781365285
}