{
  "umap1": 0.7829653305055239,
  "umap2": 0.23730545542927883
}