{
  "umap1": 13.530827522277832,
  "umap2": 5.7917914390563965
}