{
  "umap1": 13.483819007873535,
  "umap2": 4.380939960479736
}