{
  "No direct optim ancestor": "None",
  "umap1": 0.46887583678180345,
  "umap2": 0.473016549832896
}