{
  "umap1": 0.6848632545479296,
  "umap2": 0.020843410479204683
}