{
  "umap1": 4.883575916290283,
  "umap2": 10.876510620117188
}