{
  "umap1": 0.8472283427215102,
  "umap2": 0.050045756777502004
}