{
  "No direct optim ancestor": "None",
  "umap1": 0.31902114975300466,
  "umap2": 0.7149471745384693
}