{
  "umap1": 3.8465116024017334,
  "umap2": 9.916508674621582
}