{
  "umap1": 10.086359024047852,
  "umap2": 2.886655807495117
}