{
  "umap1": 0.31505264111731424,
  "umap2": 0.5198156108676496
}