{
  "No direct optim ancestor": "None",
  "umap1": 0.7667499662925791,
  "umap2": 0.8374073677504161
}