{
  "umap1": 9.681652069091797,
  "umap2": 1.270482063293457
}