{
  "No direct optim ancestor": "None",
  "umap1": 0.1067299425386411,
  "umap2": 0.00939496709953036
}