{
  "umap1": 0.7038624267363257,
  "umap2": 0.579042010550179
}