{
  "umap1": 4.88866662979126,
  "umap2": 10.85981273651123
}