{
  "umap1": 10.802105903625488,
  "umap2": 1.1767728328704834
}