{
  "No direct optim ancestor": "None",
  "umap1": 0.26202927303197476,
  "umap2": 0.5162582999255251
}