{
  "umap1": 0.2601505788722899,
  "umap2": 0.7384918237847552
}