{
  "umap1": 0.8444077893383819,
  "umap2": 0.5569565845107307
}