{
  "No direct optim ancestor": "None",
  "umap1": 0.8791619375685562,
  "umap2": 0.6061762870068296
}