{
  "umap1": 10.186933517456055,
  "umap2": 3.2464373111724854
}