{
  "umap1": 12.395752906799316,
  "umap2": 7.159558296203613
}