{
  "umap1": 0.040023144365399665,
  "umap2": 0.20493970357894575
}