{
  "umap1": 13.881811141967773,
  "umap2": 1.9559613466262817
}