{
  "No direct optim ancestor": "None",
  "umap1": 0.6458928746168574,
  "umap2": 0.625235256341492
}