{
  "umap1": 2.8480184078216553,
  "umap2": 10.593948364257812
}