{
  "umap1": 0.9357438176227628,
  "umap2": 0.17845294872366646
}