{
  "umap1": 0.8621575781761768,
  "umap2": 0.5199354720084548
}