{
  "No direct optim ancestor": "None",
  "umap1": 0.23392105802806284,
  "umap2": 0.9587358896465011
}