{
  "umap1": 12.875990867614746,
  "umap2": 6.9754414558410645
}