{
  "umap1": 0.22032879406796635,
  "umap2": 0.0030793060563831798
}