{
  "umap1": 12.493780136108398,
  "umap2": 3.855639934539795
}