{
  "No direct optim ancestor": "None",
  "umap1": 0.37376076962291693,
  "umap2": 0.11754390898722988
}