{
  "umap1": 0.16923525836498676,
  "umap2": 0.24526264756278626
}