{
  "umap1": 14.006285667419434,
  "umap2": 2.0833442211151123
}