{
  "umap1": 9.615506172180176,
  "umap2": 2.907630681991577
}