{
  "umap1": 0.5029543883034109,
  "umap2": 0.03252902572252503
}