{
  "umap1": 13.84605598449707,
  "umap2": 2.45664381980896
}