{
  "No direct optim ancestor": "None",
  "umap1": 0.7955481223586645,
  "umap2": 0.5073783259597292
}