{
  "umap1": 0.7200593815054801,
  "umap2": 0.23564780237247485
}