{
  "No direct optim ancestor": "None",
  "umap1": 0.03212204996762258,
  "umap2": 0.5043567433102197
}