{
  "umap1": 0.7031924352362036,
  "umap2": 0.7341346810994921
}