{
  "umap1": 0.8056530143438041,
  "umap2": 0.9845039883649694
}