{
  "No direct optim ancestor": "None",
  "umap1": 0.3431395733363639,
  "umap2": 0.5456919847971651
}