{
  "umap1": 0.7324882653855608,
  "umap2": 0.16561723300654196
}