{
  "umap1": 10.387014389038086,
  "umap2": 1.8615162372589111
}