{
  "umap1": 11.266858100891113,
  "umap2": 1.461716651916504
}