{
  "No direct optim ancestor": "None",
  "umap1": 0.07752670027230979,
  "umap2": 0.26066739856876164
}