{
  "umap1": 0.5596914161036547,
  "umap2": 0.18557533381378943
}