{
  "umap1": 13.221092224121094,
  "umap2": 6.517420291900635
}