{
  "umap1": 11.56237506866455,
  "umap2": 3.721472978591919
}