{
  "umap1": 3.833869218826294,
  "umap2": 9.863704681396484
}