{
  "umap1": 0.8733720242936702,
  "umap2": 0.3555793420106498
}