{
  "umap1": 5.018908977508545,
  "umap2": 10.744651794433594
}