{
  "umap1": 3.518690347671509,
  "umap2": 9.872512817382812
}