{
  "umap1": 0.17541515765872795,
  "umap2": 0.1405279922322662
}