{
  "umap1": 0.840994704718507,
  "umap2": 0.6120499864809068
}