{
  "No direct optim ancestor": "None",
  "umap1": 0.541117335208778,
  "umap2": 0.9864121222491998
}