{
  "umap1": 14.037567138671875,
  "umap2": 4.475545883178711
}