{
  "umap1": 10.77524471282959,
  "umap2": 1.8323867321014404
}