{
  "No direct optim ancestor": "None",
  "umap1": 0.06666551545507904,
  "umap2": 0.4757538529160328
}