{
  "umap1": 0.928362958482506,
  "umap2": 0.8960207281124467
}