{
  "umap1": 0.5116234102026688,
  "umap2": 0.43328804512173524
}