{
  "umap1": 9.619428634643555,
  "umap2": 3.0182712078094482
}