{
  "No direct optim ancestor": "None",
  "umap1": 0.6794483137118389,
  "umap2": 0.061668888607988026
}