{
  "No direct optim ancestor": "None",
  "umap1": 0.07947954740387753,
  "umap2": 0.9604683886756806
}