{
  "umap1": 0.6706303649452596,
  "umap2": 0.7800078338106008
}