{
  "No direct optim ancestor": "None",
  "umap1": 0.9368392414036799,
  "umap2": 0.19455285945027034
}