{
  "umap1": 0.8192493224214922,
  "umap2": 0.4405937923879427
}