{
  "umap1": 0.27552014475253517,
  "umap2": 0.5672637536818445
}