{
  "No direct optim ancestor": "None",
  "umap1": 0.8649686179967241,
  "umap2": 0.6463278854270245
}