{
  "umap1": 13.730202674865723,
  "umap2": 1.7258039712905884
}