{
  "umap1": 12.58763313293457,
  "umap2": 3.1502768993377686
}