{
  "No direct optim ancestor": "None",
  "umap1": 0.6027319230135985,
  "umap2": 0.49116702572437887
}