{
  "umap1": 0.10458089898898648,
  "umap2": 0.9472815271630265
}