{
  "umap1": 0.47738681866904464,
  "umap2": 0.7671841643351495
}