{
  "umap1": 3.234469175338745,
  "umap2": 10.188243865966797
}