{
  "umap1": 12.262012481689453,
  "umap2": 1.9328101873397827
}