{
  "umap1": 0.3295903212636143,
  "umap2": 0.2067954517509213
}