{
  "No direct optim ancestor": "None",
  "umap1": 0.6572173555412987,
  "umap2": 0.2011124189846164
}