{
  "umap1": 11.122432708740234,
  "umap2": 2.0402958393096924
}