{
  "umap1": 0.38665996343405706,
  "umap2": 0.17798874319178593
}