{
  "umap1": 1.0049331188201904,
  "umap2": 9.718429565429688
}