{
  "umap1": 7.305179595947266,
  "umap2": 5.875184535980225
}