{
  "umap1": 0.26149318652387965,
  "umap2": 0.48757668396448683
}