{
  "umap1": 13.978469848632812,
  "umap2": 1.9999268054962158
}