{
  "umap1": 14.090859413146973,
  "umap2": 4.524631977081299
}