{
  "umap1": 0.005138784099527061,
  "umap2": 0.146455559401375
}