{
  "No direct optim ancestor": "None",
  "umap1": 0.021080197713378546,
  "umap2": 0.9234252748510181
}