{
  "umap1": 13.249582290649414,
  "umap2": 7.506136894226074
}