{
  "umap1": 12.089629173278809,
  "umap2": 3.2736217975616455
}