{
  "No direct optim ancestor": "None",
  "umap1": 0.29926716936353326,
  "umap2": 0.37340046399594995
}