{
  "umap1": 0.08207634768758287,
  "umap2": 0.6252260226214432
}