{
  "umap1": 1.3547619581222534,
  "umap2": 10.010324478149414
}