{
  "umap1": 0.09131614703319957,
  "umap2": 0.47037386542205784
}