{
  "umap1": 8.706377029418945,
  "umap2": 3.266998291015625
}