{
  "umap1": 14.095351219177246,
  "umap2": 5.4201130867004395
}