{
  "No direct optim ancestor": "None",
  "umap1": 0.5812326507061638,
  "umap2": 0.38750730506135944
}