{
  "umap1": 0.05512994697493223,
  "umap2": 0.09195945711523446
}