{
  "umap1": 0.7323300726020885,
  "umap2": 0.7714169561133501
}