{
  "umap1": 8.349878311157227,
  "umap2": 7.256852626800537
}