{
  "No direct optim ancestor": "None",
  "umap1": 0.7283258895070875,
  "umap2": 0.8015902282081451
}