{
  "umap1": 0.3505436137085449,
  "umap2": 0.7122710732368935
}