{
  "No direct optim ancestor": "None",
  "umap1": 0.9114988159181113,
  "umap2": 0.4524961795811684
}