{
  "umap1": 0.6623336506960941,
  "umap2": 0.8146116626107731
}