{
  "No direct optim ancestor": "None",
  "umap1": 0.9803747376196416,
  "umap2": 0.057828343679992567
}