{
  "umap1": 0.8554419693967039,
  "umap2": 0.512550552866374
}