{
  "umap1": 14.175542831420898,
  "umap2": 5.745885848999023
}