{
  "umap1": 1.7070302963256836,
  "umap2": 10.102066040039062
}