{
  "umap1": 8.677682876586914,
  "umap2": 5.335735321044922
}