{
  "umap1": 10.361126899719238,
  "umap2": 3.7132174968719482
}