{
  "umap1": 0.20250047784701508,
  "umap2": 0.12210563204059188
}