{
  "No direct optim ancestor": "None",
  "umap1": 0.7571870790126451,
  "umap2": 0.7640156849813772
}