{
  "umap1": 0.6368372772750007,
  "umap2": 0.3968542889581519
}