{
  "umap1": 3.7425198554992676,
  "umap2": 10.180431365966797
}