{
  "umap1": 12.210850715637207,
  "umap2": 3.987396001815796
}