{
  "umap1": 0.7504574826230375,
  "umap2": 0.5585846752940663
}