{
  "No direct optim ancestor": "None",
  "umap1": 0.7237919809003734,
  "umap2": 0.5616082206010177
}