{
  "No direct optim ancestor": "None",
  "umap1": 0.9713357714767566,
  "umap2": 0.9801494206752425
}