{
  "umap1": 0.4254492456729221,
  "umap2": 0.9132235174622225
}