{
  "No direct optim ancestor": "None",
  "umap1": 0.06123167013977682,
  "umap2": 0.6206946048370752
}