{
  "umap1": 0.9364173063484894,
  "umap2": 0.9601878643956261
}