{
  "umap1": 8.990549087524414,
  "umap2": 6.512026309967041
}