{
  "umap1": 0.9644298304744183,
  "umap2": 0.8756890490143131
}