{
  "No direct optim ancestor": "None",
  "umap1": 0.821598069630304,
  "umap2": 0.3777541934768581
}