{
  "umap1": 2.8357787132263184,
  "umap2": 10.530184745788574
}