{
  "umap1": 12.372467041015625,
  "umap2": 1.7187910079956055
}