{
  "umap1": 0.6011824536079747,
  "umap2": 0.18038060104828668
}