{
  "No direct optim ancestor": "None",
  "umap1": 0.4410518053643099,
  "umap2": 0.32989972262065037
}