{
  "umap1": 10.44039249420166,
  "umap2": 1.629827618598938
}