{
  "No direct optim ancestor": "None",
  "umap1": 0.8249896638519645,
  "umap2": 0.5271765905402795
}