{
  "umap1": 0.8624725231909645,
  "umap2": 0.18815224060987412
}