{
  "umap1": 8.367269515991211,
  "umap2": 4.704514503479004
}