{
  "umap1": 0.31015020334861365,
  "umap2": 0.517239169834265
}