{
  "umap1": 10.189484596252441,
  "umap2": 4.463845729827881
}