{
  "No direct optim ancestor": "None",
  "umap1": 0.7335100612703388,
  "umap2": 0.8060524380216166
}