{
  "umap1": 0.08667316687941118,
  "umap2": 0.8118593800152396
}