{
  "No direct optim ancestor": "None",
  "umap1": 0.3730574636298115,
  "umap2": 0.7517995637709687
}