{
  "umap1": 0.6578481884133179,
  "umap2": 0.4767120056359869
}