{
  "umap1": 0.4737514200111984,
  "umap2": 0.7678664363080868
}