{
  "No direct optim ancestor": "None",
  "umap1": 0.3299004832694099,
  "umap2": 0.6020584718094275
}