{
  "umap1": 0.26729200709843226,
  "umap2": 0.7089407796898015
}