{
  "umap1": 13.381011009216309,
  "umap2": 6.527621746063232
}