{
  "umap1": 9.627243995666504,
  "umap2": 3.4304208755493164
}