{
  "umap1": 11.607393264770508,
  "umap2": 3.765373706817627
}