{
  "umap1": 11.099957466125488,
  "umap2": 3.3789618015289307
}