{
  "umap1": 8.558053970336914,
  "umap2": 3.2219269275665283
}