{
  "umap1": 0.6482962723184712,
  "umap2": 0.7089812898407224
}