{
  "No direct optim ancestor": "None",
  "umap1": 0.25947518116988755,
  "umap2": 0.3790481058045977
}