{
  "umap1": 0.3694604692809432,
  "umap2": 0.15580209254795452
}