{
  "umap1": 10.693962097167969,
  "umap2": 2.178271532058716
}