{
  "No direct optim ancestor": "None",
  "umap1": 0.8207714800964742,
  "umap2": 0.8771780653765521
}