{
  "umap1": 12.978086471557617,
  "umap2": 5.1736297607421875
}