{
  "umap1": 0.01219373792061973,
  "umap2": 0.8764665231954933
}