{
  "umap1": 0.010353669324295156,
  "umap2": 0.5826137314962384
}