{
  "umap1": 12.712414741516113,
  "umap2": 7.144973278045654
}