{
  "No direct optim ancestor": "None",
  "umap1": 0.8250473098617531,
  "umap2": 0.5574881025509035
}