{
  "umap1": 0.45814849885078013,
  "umap2": 0.2366624157189927
}