{
  "umap1": 13.76810073852539,
  "umap2": 5.882060527801514
}