{
  "umap1": 0.6228518522569244,
  "umap2": 0.033337440940023444
}