{
  "No direct optim ancestor": "None",
  "umap1": 0.4648640304546009,
  "umap2": 0.3609856278728726
}