{
  "umap1": 0.6618791208261093,
  "umap2": 0.6230337822437731
}