{
  "No direct optim ancestor": "None",
  "umap1": 0.7327808349115102,
  "umap2": 0.6113725081398289
}