{
  "umap1": 0.8091626927349241,
  "umap2": 0.3050811131943165
}