{
  "umap1": 9.0239896774292,
  "umap2": 6.368061065673828
}