{
  "umap1": 12.313637733459473,
  "umap2": 2.4164490699768066
}