{
  "No direct optim ancestor": "None",
  "umap1": 0.49123297626645834,
  "umap2": 0.6355540076776685
}