{
  "umap1": 0.2105241414932859,
  "umap2": 0.47849525870516174
}