{
  "umap1": 11.40162181854248,
  "umap2": 1.5698919296264648
}