{
  "umap1": 8.340666770935059,
  "umap2": 7.265031814575195
}