{
  "umap1": 0.572280614898599,
  "umap2": 0.607677113295343
}