{
  "No direct optim ancestor": "None",
  "umap1": 0.7239901225554738,
  "umap2": 0.028628844649849938
}