{
  "No direct optim ancestor": "None",
  "umap1": 0.07507859195032529,
  "umap2": 0.14885943150470005
}