{
  "umap1": 11.195307731628418,
  "umap2": 3.4684133529663086
}