{
  "umap1": 0.8981392031980577,
  "umap2": 0.5668449841884948
}