{
  "No direct optim ancestor": "None",
  "umap1": 0.013181417420006225,
  "umap2": 0.5615990967749123
}