{
  "umap1": 0.7177333155339594,
  "umap2": 0.7364763012753157
}