{
  "No direct optim ancestor": "None",
  "umap1": 0.06867722251055308,
  "umap2": 0.762343967606472
}