{
  "umap1": 0.3045403678581129,
  "umap2": 0.1427084706256555
}