{
  "umap1": 13.245403289794922,
  "umap2": 2.2548463344573975
}