{
  "No direct optim ancestor": "None",
  "umap1": 0.30196340693361945,
  "umap2": 0.08505807818839495
}