{
  "umap1": 0.824322056699031,
  "umap2": 0.9358292180727081
}