{
  "umap1": 1.212638020515442,
  "umap2": 9.86829948425293
}