{
  "umap1": 14.344589233398438,
  "umap2": 5.7035136222839355
}