{
  "umap1": 0.5269856445725825,
  "umap2": 0.1261647469655034
}