{
  "No direct optim ancestor": "None",
  "umap1": 0.7748428704583289,
  "umap2": 0.5351801311823894
}