{
  "No direct optim ancestor": "None",
  "umap1": 0.3168612046831284,
  "umap2": 0.44993403738400983
}