{
  "umap1": 0.8596737602125325,
  "umap2": 0.6528549673186144
}