{
  "umap1": 0.7519585832699657,
  "umap2": 0.45631835240511986
}