{
  "umap1": 9.753220558166504,
  "umap2": 2.7118566036224365
}