{
  "No direct optim ancestor": "None",
  "umap1": 0.6667498343507512,
  "umap2": 0.9846139644086256
}