{
  "umap1": 0.0860236985346099,
  "umap2": 0.8536846029192283
}