{
  "umap1": 4.94078254699707,
  "umap2": 10.829113006591797
}