{
  "umap1": 0.3472206704272558,
  "umap2": 0.39357297652588397
}