{
  "umap1": 0.1301521673611059,
  "umap2": 0.1672296160083112
}