{
  "umap1": 0.9484259722778997,
  "umap2": 0.3709662474933535
}