{
  "umap1": 3.620563268661499,
  "umap2": 10.276365280151367
}