{
  "No direct optim ancestor": "None",
  "umap1": 0.8256467858236068,
  "umap2": 0.9332246561267602
}