{
  "umap1": 0.6832909321705382,
  "umap2": 0.5715402853864427
}