{
  "umap1": 0.29241266422371537,
  "umap2": 0.8497476007133713
}