{
  "No direct optim ancestor": "None",
  "umap1": 0.028434114898873375,
  "umap2": 0.9522974902200482
}