{
  "umap1": 0.7535239185330829,
  "umap2": 0.8889085203179861,
  "Direct optim goal": "a pepperoni pizza"
}