{
  "umap1": 2.631002426147461,
  "umap2": 10.699227333068848
}