{
  "umap1": 0.5253694266015185,
  "umap2": 0.748162563228182
}