{
  "umap1": 0.7447486753476192,
  "umap2": 0.21755112819370692
}