{
  "No direct optim ancestor": "None",
  "umap1": 0.9505960716780703,
  "umap2": 0.7435189259136433
}