{
  "umap1": 8.684423446655273,
  "umap2": 3.105245590209961
}