{
  "umap1": 0.16022160376347117,
  "umap2": 0.5044138928546836
}