{
  "umap1": 9.466264724731445,
  "umap2": 1.6970642805099487
}