{
  "umap1": 0.54489079515625,
  "umap2": 0.9780905180693475
}