{
  "No direct optim ancestor": "None",
  "umap1": 0.5062316610351408,
  "umap2": 0.02398446337438409
}