{
  "umap1": 11.989299774169922,
  "umap2": 1.6234036684036255
}