{
  "umap1": 0.003602704663752343,
  "umap2": 0.9309802173154933
}