{
  "No direct optim ancestor": "None",
  "umap1": 0.25828204778909447,
  "umap2": 0.2573644837986543
}