{
  "umap1": 0.7977231177513522,
  "umap2": 0.8229941213673477
}