{
  "umap1": 12.50136947631836,
  "umap2": 4.411243438720703
}