{
  "umap1": 10.20439338684082,
  "umap2": 2.578031301498413
}