{
  "No direct optim ancestor": "None",
  "umap1": 0.5406537202832412,
  "umap2": 0.455207948609633
}