{
  "umap1": 0.6481332659946962,
  "umap2": 0.33012829823337575
}