{
  "umap1": 0.682378212087362,
  "umap2": 0.920145469046217
}