{
  "umap1": 3.527083158493042,
  "umap2": 10.373323440551758
}