{
  "No direct optim ancestor": "None",
  "umap1": 0.14698133450055273,
  "umap2": 0.7318147386643046
}