{
  "umap1": 0.3821676129258318,
  "umap2": 0.859993280729511
}