{
  "umap1": 9.844473838806152,
  "umap2": 2.9426074028015137
}