{
  "umap1": 10.69582462310791,
  "umap2": 2.521969795227051
}