{
  "umap1": 0.7625487242846005,
  "umap2": 0.6643790167756897
}