{
  "umap1": 13.139871597290039,
  "umap2": 3.1663155555725098
}