{
  "No direct optim ancestor": "None",
  "umap1": 0.789471813453627,
  "umap2": 0.6063116218864963
}