{
  "umap1": 0.9309689230865744,
  "umap2": 0.1886465594703699
}