{
  "umap1": 0.6172452180564924,
  "umap2": 0.5669575202549014
}