{
  "umap1": 9.475613594055176,
  "umap2": 1.8975411653518677
}