{
  "umap1": 0.5677200689207976,
  "umap2": 0.5672682063447791
}