{
  "No direct optim ancestor": "None",
  "umap1": 0.008474132982517424,
  "umap2": 0.7993682762384291
}