{
  "No direct optim ancestor": "None",
  "umap1": 0.6328093309028958,
  "umap2": 0.3769546260062152
}