{
  "umap1": 0.019123716305324057,
  "umap2": 0.8531736030297735
}