{
  "umap1": 0.2606146986976321,
  "umap2": 0.5612302039605904
}