{
  "umap1": 11.999410629272461,
  "umap2": 3.7542724609375
}