{
  "No direct optim ancestor": "None",
  "umap1": 0.16804650070496918,
  "umap2": 0.8193070145078042
}