{
  "No direct optim ancestor": "None",
  "umap1": 0.40003030640115633,
  "umap2": 0.10630699597498483
}