{
  "umap1": 0.9388201749229466,
  "umap2": 0.30729111143672794
}