{
  "umap1": 0.2046158425426189,
  "umap2": 0.18905381910986596
}