{
  "umap1": 11.041172981262207,
  "umap2": 2.427983045578003
}