{
  "umap1": 3.2073097229003906,
  "umap2": 10.45349407196045
}