{
  "umap1": 10.00661563873291,
  "umap2": 2.474348545074463
}