{
  "No direct optim ancestor": "None",
  "umap1": 0.7302355497611903,
  "umap2": 0.5732346952348417
}