{
  "umap1": 0.30362848400258124,
  "umap2": 0.2798938952238115
}