{
  "umap1": 3.030827045440674,
  "umap2": 10.596794128417969
}