{
  "umap1": 0.3918684002088355,
  "umap2": 0.5437792735516905
}