{
  "umap1": 0.15725167016841668,
  "umap2": 0.601913009411802
}