{
  "No direct optim ancestor": "None",
  "umap1": 0.4889128079180096,
  "umap2": 0.60281424444087
}