{
  "umap1": 0.899832982531344,
  "umap2": 0.10940684220937114
}