{
  "No direct optim ancestor": "None",
  "umap1": 0.7546305454075545,
  "umap2": 0.5041123053464678
}