{
  "umap1": 8.835633277893066,
  "umap2": 5.939190864562988
}