{
  "umap1": 1.0159598588943481,
  "umap2": 9.619202613830566
}