{
  "umap1": 0.8106467120532518,
  "umap2": 0.23608742325759302
}