{
  "umap1": 13.511345863342285,
  "umap2": 5.588193893432617
}