{
  "No direct optim ancestor": "None",
  "umap1": 0.5185011727955373,
  "umap2": 0.9438872510597885
}