{
  "umap1": 2.7692909240722656,
  "umap2": 10.643553733825684
}