{
  "No direct optim ancestor": "None",
  "umap1": 0.10497270481632504,
  "umap2": 0.2882163171495461
}