{
  "umap1": 13.587787628173828,
  "umap2": 3.812180280685425
}