{
  "umap1": 0.8349702291437501,
  "umap2": 0.7915863821359613
}