{
  "umap1": 9.685629844665527,
  "umap2": 3.126401424407959
}