{
  "No direct optim ancestor": "None",
  "umap1": 0.6879396740570188,
  "umap2": 0.3336585889417397
}