{
  "umap1": 0.8138546083428361,
  "umap2": 0.4740184030703424
}