{
  "No direct optim ancestor": "None",
  "umap1": 0.6932632678312466,
  "umap2": 0.707408269906522
}