{
  "umap1": 11.836261749267578,
  "umap2": 2.2942421436309814
}