{
  "umap1": 0.07705316763667369,
  "umap2": 0.8705644137608968
}