{
  "No direct optim ancestor": "None",
  "umap1": 0.37326449396258776,
  "umap2": 0.9444864699842147
}