{
  "umap1": 0.6578011775807964,
  "umap2": 0.6101962011731901
}