{
  "No direct optim ancestor": "None",
  "umap1": 0.9752372527965775,
  "umap2": 0.19610122329583057
}