{
  "umap1": 0.909154045313598,
  "umap2": 0.10015784822608487
}