{
  "umap1": 0.22922437514541716,
  "umap2": 0.8827733327320475
}