{
  "umap1": 12.94910717010498,
  "umap2": 2.9195353984832764
}