{
  "umap1": 14.23012638092041,
  "umap2": 4.624190330505371
}