{
  "umap1": 4.937572002410889,
  "umap2": 10.82494831085205
}