{
  "umap1": 0.9706622495396963,
  "umap2": 0.9929932255208965
}