{
  "umap1": 3.8899667263031006,
  "umap2": 9.885180473327637
}