{
  "umap1": 0.9898225827422946,
  "umap2": 0.9831417806341688
}