{
  "No direct optim ancestor": "None",
  "umap1": 0.7055466980354373,
  "umap2": 0.4727577093168631
}