{
  "umap1": 3.908067226409912,
  "umap2": 9.911751747131348
}