{
  "umap1": 0.321994482746615,
  "umap2": 0.10923267735174269
}