{
  "umap1": 0.7756221600591701,
  "umap2": 0.5885406053299905
}