{
  "No direct optim ancestor": "None",
  "umap1": 0.055439703749026514,
  "umap2": 0.42136035785793535
}