{
  "umap1": 0.7722722172009393,
  "umap2": 0.11410812319017205
}