{
  "umap1": 10.277261734008789,
  "umap2": 2.5333166122436523
}