{
  "umap1": 1.1512565612792969,
  "umap2": 9.845487594604492
}