{
  "umap1": 0.707848703553486,
  "umap2": 0.044847610109114866
}