{
  "umap1": 0.5444376550310057,
  "umap2": 0.8995592579105196
}