{
  "No direct optim ancestor": "None",
  "umap1": 0.7178138979870835,
  "umap2": 0.3295616518053356
}