{
  "umap1": 0.6061506724729028,
  "umap2": 0.25050287922729253
}