{
  "umap1": 0.4818785421596533,
  "umap2": 0.6991891624076998
}