{
  "umap1": 8.398557662963867,
  "umap2": 7.140381336212158
}