{
  "No direct optim ancestor": "None",
  "umap1": 0.014081773855565971,
  "umap2": 0.7631692467529275
}