{
  "umap1": 0.9984841406236988,
  "umap2": 0.6671505377670288
}