{
  "No direct optim ancestor": "None",
  "umap1": 0.8286229776161533,
  "umap2": 0.25801693879344845
}