{
  "umap1": 12.28895378112793,
  "umap2": 1.9354203939437866
}