{
  "umap1": 0.9528638698174435,
  "umap2": 0.007380860650456733
}