{
  "umap1": 0.5891851792242239,
  "umap2": 0.7651580886205324
}