{
  "umap1": 13.190442085266113,
  "umap2": 2.3608734607696533
}