{
  "No direct optim ancestor": "None",
  "umap1": 0.4300598944864441,
  "umap2": 0.6629225172217896
}