{
  "umap1": 11.718936920166016,
  "umap2": 3.0780534744262695
}