{
  "umap1": 0.7433954549610412,
  "umap2": 0.9367260713267582
}