{
  "No direct optim ancestor": "None",
  "umap1": 0.9384291135706039,
  "umap2": 0.44209503185224697
}