{
  "umap1": 0.7004199987597551,
  "umap2": 0.13555971602210404
}