{
  "No direct optim ancestor": "None",
  "umap1": 0.15000288105552595,
  "umap2": 0.3189405518564208
}