{
  "umap1": 11.201226234436035,
  "umap2": 1.6000398397445679
}