{
  "umap1": 0.730091356758834,
  "umap2": 0.8798620002280072
}