{
  "No direct optim ancestor": "None",
  "umap1": 0.5127175763524725,
  "umap2": 0.4471634797415359
}