{
  "umap1": 0.7954428903163954,
  "umap2": 0.5020552977017261
}