{
  "umap1": 3.690845251083374,
  "umap2": 10.222944259643555
}