{
  "umap1": 12.258944511413574,
  "umap2": 1.6269423961639404
}