{
  "No direct optim ancestor": "None",
  "umap1": 0.6863947072959906,
  "umap2": 0.49156238896836213
}