{
  "umap1": 0.8485536590907143,
  "umap2": 0.12220703524732224
}