{
  "umap1": 7.981368064880371,
  "umap2": 8.86892318725586
}