{
  "umap1": 13.95855712890625,
  "umap2": 6.011255741119385
}