{
  "umap1": 0.7688891554133374,
  "umap2": 0.6244564971234619
}