{
  "No direct optim ancestor": "None",
  "umap1": 0.3153066949193274,
  "umap2": 0.2617847441709157
}