{
  "No direct optim ancestor": "None",
  "umap1": 0.9341663516456399,
  "umap2": 0.8753557655764886
}