{
  "umap1": 0.6384001372563555,
  "umap2": 0.25738996461260455
}