{
  "umap1": 3.8175606727600098,
  "umap2": 10.024856567382812
}