{
  "umap1": 0.503172967499241,
  "umap2": 0.697869577455479
}