{
  "No direct optim ancestor": "None",
  "umap1": 0.10121493716364294,
  "umap2": 0.0005552016697181195
}