{
  "umap1": 0.6203605931547607,
  "umap2": 0.40372194946252515
}