{
  "No direct optim ancestor": "None",
  "umap1": 0.473074394103427,
  "umap2": 0.4743033413418428
}