{
  "No direct optim ancestor": "None",
  "umap1": 0.9702069198364792,
  "umap2": 0.06430098588346334
}