{
  "umap1": 0.8205675847852122,
  "umap2": 0.9226741066210858
}