{
  "umap1": 0.01671146685448699,
  "umap2": 0.09447873839660204
}