{
  "umap1": 9.30860424041748,
  "umap2": 2.4583725929260254
}