{
  "umap1": 10.583683013916016,
  "umap2": 2.679917335510254
}