{
  "umap1": 10.82564640045166,
  "umap2": 3.0294952392578125
}