{
  "No direct optim ancestor": "None",
  "umap1": 0.1592834166184035,
  "umap2": 0.3804719573065247
}