{
  "umap1": 0.6588053203766513,
  "umap2": 0.8135274656379522
}