{
  "umap1": 0.4528007906175353,
  "umap2": 0.3092823916668914
}