{
  "umap1": 13.336074829101562,
  "umap2": 6.679830074310303
}