{
  "umap1": 1.3646025657653809,
  "umap2": 9.87240219116211
}