{
  "umap1": 0.6563796138617163,
  "umap2": 0.1182267607292189
}