{
  "umap1": 3.0418856143951416,
  "umap2": 10.511909484863281
}