{
  "umap1": 0.6680406015478035,
  "umap2": 0.5359028886834746
}