{
  "umap1": 0.8804771072406635,
  "umap2": 0.8514205957545405
}