{
  "No direct optim ancestor": "None",
  "umap1": 0.9831448102639604,
  "umap2": 0.6219513193800122
}