{
  "umap1": 0.4962319798903484,
  "umap2": 0.7581435464758679
}