{
  "No direct optim ancestor": "None",
  "umap1": 0.061194471559165464,
  "umap2": 0.9257666514819891
}