{
  "umap1": 10.740620613098145,
  "umap2": 1.5965391397476196
}