{
  "umap1": 0.8793655961989645,
  "umap2": 0.15599656904895198
}