{
  "No direct optim ancestor": "None",
  "umap1": 0.28134966923136284,
  "umap2": 0.8621215371291194
}