{
  "umap1": 13.438308715820312,
  "umap2": 3.3300793170928955
}