{
  "umap1": 10.555699348449707,
  "umap2": 2.0625176429748535
}