{
  "No direct optim ancestor": "None",
  "umap1": 0.7348976994068404,
  "umap2": 0.06327953353910909
}