{
  "umap1": 0.6822906080615257,
  "umap2": 0.6890775922289203
}