{
  "umap1": 13.975852012634277,
  "umap2": 5.443154811859131
}