{
  "No direct optim ancestor": "None",
  "umap1": 0.059763077960274025,
  "umap2": 0.9915212363606256
}