{
  "umap1": 11.823538780212402,
  "umap2": 2.6589572429656982
}