{
  "umap1": 0.31403057633428944,
  "umap2": 0.17629546631546567
}