{
  "No direct optim ancestor": "None",
  "umap1": 0.009120785772485207,
  "umap2": 0.03007238789515676
}