{
  "umap1": 0.9931051206822242,
  "umap2": 0.6221544618616537
}