{
  "umap1": 9.375175476074219,
  "umap2": 3.223148822784424
}