{
  "umap1": 0.0716645010128999,
  "umap2": 0.9568316182574097
}