{
  "umap1": 12.744004249572754,
  "umap2": 3.570167064666748
}