{
  "No direct optim ancestor": "None",
  "umap1": 0.33208744253417233,
  "umap2": 0.07768144146622769
}