{
  "umap1": 0.10772472133376587,
  "umap2": 0.5777715233617029
}