{
  "No direct optim ancestor": "None",
  "umap1": 0.08489581072918406,
  "umap2": 0.26937108881337435
}