{
  "umap1": 12.261817932128906,
  "umap2": 3.176492691040039
}