{
  "umap1": 0.7189461828962711,
  "umap2": 0.32774848478243546
}