{
  "umap1": 10.12276554107666,
  "umap2": 1.7838658094406128
}