{
  "No direct optim ancestor": "None",
  "umap1": 0.33829673532104576,
  "umap2": 0.8214190941035752
}