{
  "umap1": 0.9503160298083524,
  "umap2": 0.9647340194846246
}