{
  "No direct optim ancestor": "None",
  "umap1": 0.454551368803752,
  "umap2": 0.007450365861659147
}