{
  "umap1": 0.2588448202000787,
  "umap2": 0.4425100713111685
}