{
  "umap1": 13.874627113342285,
  "umap2": 3.7314178943634033
}