{
  "umap1": 12.608919143676758,
  "umap2": 2.80977463722229
}