{
  "umap1": 0.45722508657661654,
  "umap2": 0.9661555342595161
}