{
  "umap1": 0.3585202517582362,
  "umap2": 0.03396942107156464
}