{
  "umap1": 3.4231507778167725,
  "umap2": 9.86465072631836
}