{
  "umap1": 0.6506639458202375,
  "umap2": 0.3187618773516777
}