{
  "No direct optim ancestor": "None",
  "umap1": 0.9806651269639264,
  "umap2": 0.37674069776177366
}