{
  "umap1": 0.604447023820468,
  "umap2": 0.5452931042877833
}