{
  "No direct optim ancestor": "None",
  "umap1": 0.7427293507251127,
  "umap2": 0.20883409601452496
}