{
  "umap1": 0.6955524127213969,
  "umap2": 0.878147977499498
}