{
  "umap1": 3.794616460800171,
  "umap2": 9.86734676361084
}