{
  "umap1": 13.913528442382812,
  "umap2": 5.480134010314941
}