{
  "umap1": 0.5769388376528768,
  "umap2": 0.9879694613865942
}