{
  "umap1": 1.2032588720321655,
  "umap2": 9.551583290100098
}