{
  "umap1": 0.6880371052087859,
  "umap2": 0.5493293181736999
}