{
  "umap1": 12.178937911987305,
  "umap2": 3.1931803226470947
}