{
  "umap1": 0.1943338409345985,
  "umap2": 0.32971347051878985
}