{
  "No direct optim ancestor": "None",
  "umap1": 0.5074158379557486,
  "umap2": 0.9740802738783102
}