{
  "umap1": 0.685306451607268,
  "umap2": 0.016611611170859297
}