{
  "No direct optim ancestor": "None",
  "umap1": 0.1455151698266316,
  "umap2": 0.6570012435127585
}