{
  "umap1": 12.02017879486084,
  "umap2": 4.256268501281738
}