{
  "umap1": 0.8882602277727468,
  "umap2": 0.28412644086254957
}