{
  "No direct optim ancestor": "None",
  "umap1": 0.7729072834048015,
  "umap2": 0.5118697471693174
}