{
  "umap1": 0.10280599965238368,
  "umap2": 0.9377575313299688
}