{
  "No direct optim ancestor": "None",
  "umap1": 0.819865656090753,
  "umap2": 0.7294832559551196
}