{
  "umap1": 0.4639750120181333,
  "umap2": 0.3102167574227148
}