{
  "umap1": 3.1139254570007324,
  "umap2": 10.507225036621094
}