{
  "umap1": 0.5898136014881816,
  "umap2": 0.7801236707770172
}