{
  "No direct optim ancestor": "None",
  "umap1": 0.006641101095366642,
  "umap2": 0.6748074395246823
}