{
  "umap1": 0.21308996372732036,
  "umap2": 0.6574936539309195
}