{
  "umap1": 11.019824028015137,
  "umap2": 2.3561153411865234
}