{
  "umap1": 2.96736741065979,
  "umap2": 10.656968116760254
}