{
  "umap1": 13.1369047164917,
  "umap2": 7.539827346801758
}