{
  "No direct optim ancestor": "None",
  "umap1": 0.41521406554584583,
  "umap2": 0.7386410457307634
}