{
  "umap1": 9.673940658569336,
  "umap2": 5.906399726867676
}