{
  "umap1": 0.8482068879724866,
  "umap2": 0.34789447861578726
}