{
  "umap1": 12.539793014526367,
  "umap2": 1.8773927688598633
}