{
  "No direct optim ancestor": "None",
  "umap1": 0.4395453363533185,
  "umap2": 0.08927883948271309
}