{
  "umap1": 0.21937081660422308,
  "umap2": 0.18867084932499478
}