{
  "umap1": 7.2828569412231445,
  "umap2": 5.929650783538818
}