{
  "umap1": 0.9219684909567544,
  "umap2": 0.62841891623122
}