{
  "No direct optim ancestor": "None",
  "umap1": 0.9318448675146478,
  "umap2": 0.901824372733249
}