{
  "umap1": 0.4172870271195377,
  "umap2": 0.6702532063634165
}