{
  "umap1": 9.080694198608398,
  "umap2": 6.032858371734619
}