{
  "No direct optim ancestor": "None",
  "umap1": 0.6958709655643943,
  "umap2": 0.8986323921746198
}