{
  "umap1": 13.786059379577637,
  "umap2": 6.611928462982178
}