{
  "umap1": 0.13632464165845415,
  "umap2": 0.8705032678703257
}