{
  "umap1": 9.540319442749023,
  "umap2": 4.399081230163574
}