{
  "umap1": 10.703275680541992,
  "umap2": 2.427055597305298
}