{
  "umap1": 0.8581806507646041,
  "umap2": 0.013317543739607918
}