{
  "No direct optim ancestor": "None",
  "umap1": 0.16582498874183815,
  "umap2": 0.4320916812179211
}