{
  "umap1": 1.1666862964630127,
  "umap2": 9.862797737121582
}