{
  "umap1": 13.338327407836914,
  "umap2": 2.239166498184204
}