{
  "umap1": 11.815443992614746,
  "umap2": 1.98455810546875
}