{
  "No direct optim ancestor": "None",
  "umap1": 0.8850990261059127,
  "umap2": 0.40800319817199626
}