{
  "umap1": 0.5195676033381278,
  "umap2": 0.835596699680983
}