{
  "umap1": 8.602286338806152,
  "umap2": 3.199958562850952
}