{
  "umap1": 13.735738754272461,
  "umap2": 4.789620399475098
}