{
  "umap1": 13.450554847717285,
  "umap2": 3.3745415210723877
}