{
  "No direct optim ancestor": "None",
  "umap1": 0.660445655834836,
  "umap2": 0.32649260536406244
}