{
  "umap1": 0.5150531436656951,
  "umap2": 0.8457209142825303
}