{
  "umap1": 2.888033390045166,
  "umap2": 10.595643043518066
}