{
  "umap1": 0.19174977974548724,
  "umap2": 0.5349450889748508
}