{
  "umap1": 12.731621742248535,
  "umap2": 6.7425923347473145
}