{
  "umap1": 0.5274282538163162,
  "umap2": 0.056934539681949836
}