{
  "No direct optim ancestor": "None",
  "umap1": 0.3259000690847915,
  "umap2": 0.5198423591598363
}