{
  "umap1": 0.7609277922191335,
  "umap2": 0.24607540544915985
}