{
  "umap1": 0.17222395868600204,
  "umap2": 0.6923861071739418
}