{
  "umap1": 0.6466689316535645,
  "umap2": 0.1612222499321404
}