{
  "No direct optim ancestor": "None",
  "umap1": 0.332657751104664,
  "umap2": 0.1567770749500237
}