{
  "umap1": 12.522085189819336,
  "umap2": 1.7203084230422974
}