{
  "umap1": 13.024531364440918,
  "umap2": 4.44252872467041
}