{
  "umap1": 14.347457885742188,
  "umap2": 5.803755760192871
}