{
  "No direct optim ancestor": "None",
  "umap1": 0.018365771736576608,
  "umap2": 0.7401196294044511
}