{
  "umap1": 0.333370911091313,
  "umap2": 0.5076312531454119
}