{
  "umap1": 13.45333480834961,
  "umap2": 4.467224597930908
}