{
  "umap1": 11.178579330444336,
  "umap2": 6.012581825256348
}