{
  "umap1": 0.3921929324618093,
  "umap2": 0.5830530318579594
}