{
  "No direct optim ancestor": "None",
  "umap1": 0.2979148630649069,
  "umap2": 0.33372151515680093
}