{
  "umap1": 0.4833973402587396,
  "umap2": 0.7945613579333186
}