{
  "umap1": 10.191069602966309,
  "umap2": 4.163771629333496
}