{
  "umap1": 13.443923950195312,
  "umap2": 4.400158405303955
}