{
  "umap1": 0.12072365748776548,
  "umap2": 0.12398585917526084
}