{
  "No direct optim ancestor": "None",
  "umap1": 0.39554013424336854,
  "umap2": 0.04292028828384653
}