{
  "umap1": 13.928147315979004,
  "umap2": 5.6762309074401855
}