{
  "No direct optim ancestor": "None",
  "umap1": 0.05539669521488644,
  "umap2": 0.001033175708158085
}