{
  "umap1": 0.19304559687247447,
  "umap2": 0.39605119093146335
}