{
  "No direct optim ancestor": "None",
  "umap1": 0.6822909768529004,
  "umap2": 0.36256023646951296
}