{
  "umap1": 0.8124794913568514,
  "umap2": 0.9595506001866608
}