{
  "umap1": 0.49620565313674847,
  "umap2": 0.6053212334182448
}