{
  "umap1": 8.99210262298584,
  "umap2": 6.674557685852051
}