{
  "umap1": 0.31614237304742954,
  "umap2": 0.6215122936682428
}