{
  "No direct optim ancestor": "None",
  "umap1": 0.42638334428929003,
  "umap2": 0.37711777224591725
}