{
  "umap1": 0.23754268087307562,
  "umap2": 0.6970478074973072
}