{
  "No direct optim ancestor": "None",
  "umap1": 0.9441962466138211,
  "umap2": 0.021972512496981178
}