{
  "umap1": 12.667130470275879,
  "umap2": 2.0531420707702637
}