{
  "umap1": 0.5978895474889836,
  "umap2": 0.6902336107371904
}