{
  "umap1": 0.12076765105112819,
  "umap2": 0.4489129034089503
}