{
  "No direct optim ancestor": "None",
  "umap1": 0.3276564560347114,
  "umap2": 0.9209966510937089
}