{
  "umap1": 12.032946586608887,
  "umap2": 3.048567295074463
}