{
  "umap1": 2.8365390300750732,
  "umap2": 10.514036178588867
}