{
  "umap1": 0.21255781563011034,
  "umap2": 0.9084486645523097
}