{
  "umap1": 1.3568319082260132,
  "umap2": 9.997638702392578
}