{
  "No direct optim ancestor": "None",
  "umap1": 0.6180461037098982,
  "umap2": 0.41149340756278663
}