{
  "umap1": 12.909483909606934,
  "umap2": 3.046377420425415
}