{
  "umap1": 0.9974232777822709,
  "umap2": 0.3123777586552242
}