{
  "umap1": 11.501542091369629,
  "umap2": 1.722127914428711
}