{
  "No direct optim ancestor": "None",
  "umap1": 0.17413035610984273,
  "umap2": 0.9358195044714764
}