{
  "umap1": 0.9713139648897827,
  "umap2": 0.5502747143388733
}