{
  "umap1": 12.502001762390137,
  "umap2": 7.277288913726807
}