{
  "umap1": 0.756993945310254,
  "umap2": 0.1661372167710493
}