{
  "No direct optim ancestor": "None",
  "umap1": 0.4729633574991182,
  "umap2": 0.6761575668951517
}