{
  "umap1": 0.7564518287890846,
  "umap2": 0.7851408016842946
}