{
  "umap1": 0.6131623760960927,
  "umap2": 0.09560678218005014
}