{
  "No direct optim ancestor": "None",
  "umap1": 0.3448149377544809,
  "umap2": 0.9767756721359547
}