{
  "umap1": 11.543196678161621,
  "umap2": 2.1032180786132812
}