{
  "umap1": 13.437047958374023,
  "umap2": 6.512148857116699
}