{
  "umap1": 10.850287437438965,
  "umap2": 1.7364349365234375
}