{
  "umap1": 14.035457611083984,
  "umap2": 4.6393351554870605
}