{
  "umap1": 0.8614257126998354,
  "umap2": 0.7925617971988832
}