{
  "No direct optim ancestor": "None",
  "umap1": 0.20505446484821566,
  "umap2": 0.6317559802215075
}