{
  "umap1": 0.31130803996194534,
  "umap2": 0.5477278348739117
}