{
  "No direct optim ancestor": "None",
  "umap1": 0.4374068527520648,
  "umap2": 0.6497993719816497
}