{
  "No direct optim ancestor": "None",
  "umap1": 0.3883783917750777,
  "umap2": 0.005365829748579021
}