{
  "umap1": 0.39142534938020357,
  "umap2": 0.06635526490928267
}