{
  "umap1": 7.3554511070251465,
  "umap2": 5.850709438323975
}