{
  "umap1": 0.4256684380485434,
  "umap2": 0.7964392971049403
}