{
  "No direct optim ancestor": "None",
  "umap1": 0.9453205347695108,
  "umap2": 0.3529739922123779
}