{
  "umap1": 11.54224681854248,
  "umap2": 1.4932029247283936
}