{
  "umap1": 13.131929397583008,
  "umap2": 5.730033874511719
}