{
  "umap1": 0.11759901112396764,
  "umap2": 0.11687357801952258
}