{
  "No direct optim ancestor": "None",
  "umap1": 0.7861754601347573,
  "umap2": 0.4037007632782553
}