{
  "umap1": 0.6605595148689832,
  "umap2": 0.7165904392838134
}