{
  "No direct optim ancestor": "None",
  "umap1": 0.7481881512881136,
  "umap2": 0.15018237123600897
}