{
  "umap1": 12.03274154663086,
  "umap2": 1.9798108339309692
}