{
  "umap1": 3.802610397338867,
  "umap2": 10.050159454345703
}