{
  "umap1": 0.6310048315422069,
  "umap2": 0.6952147669791163
}