{
  "No direct optim ancestor": "None",
  "umap1": 0.07788452968839443,
  "umap2": 0.49821184252421247
}