{
  "umap1": 0.7255943678663984,
  "umap2": 0.5094813751677543
}