{
  "umap1": 0.8712768273734399,
  "umap2": 0.29982884581785574
}