{
  "No direct optim ancestor": "None",
  "umap1": 0.8303119674847397,
  "umap2": 0.8451080674332908
}