{
  "umap1": 13.75196647644043,
  "umap2": 4.259031295776367
}