{
  "umap1": 11.198567390441895,
  "umap2": 4.155065536499023
}