{
  "umap1": 0.4948908412551646,
  "umap2": 0.556719835715261
}