{
  "No direct optim ancestor": "None",
  "umap1": 0.11193940323150064,
  "umap2": 0.3277428461419146
}