{
  "umap1": 13.22463607788086,
  "umap2": 6.7958478927612305
}