{
  "umap1": 0.33152025087543735,
  "umap2": 0.4970494493794284
}