{
  "umap1": 0.8076285063534376,
  "umap2": 0.6727516680897138
}