{
  "umap1": 0.6541192786793532,
  "umap2": 0.005286409610739451
}