{
  "No direct optim ancestor": "None",
  "umap1": 0.17492939366730054,
  "umap2": 0.10581749116389993
}