{
  "umap1": 14.315733909606934,
  "umap2": 6.343258857727051
}