{
  "umap1": 0.47976522998890103,
  "umap2": 0.34874533740740865
}