{
  "No direct optim ancestor": "None",
  "umap1": 0.5159696754703765,
  "umap2": 0.9419237356067912
}