{
  "umap1": 0.2744450198008015,
  "umap2": 0.5507441345558335
}