{
  "umap1": 13.136387825012207,
  "umap2": 3.8824691772460938
}