{
  "No direct optim ancestor": "None",
  "umap1": 0.5462765412922637,
  "umap2": 0.7459839334317016
}