{
  "umap1": 0.25429836233387426,
  "umap2": 0.2699669489484443
}