{
  "No direct optim ancestor": "None",
  "umap1": 0.11645703408532537,
  "umap2": 0.2292247211422841
}