{
  "umap1": 8.48774242401123,
  "umap2": 4.894133567810059
}