{
  "umap1": 0.6258387826192632,
  "umap2": 0.6407645850197662
}