{
  "umap1": 8.854853630065918,
  "umap2": 6.109174728393555
}