{
  "umap1": 1.1747456789016724,
  "umap2": 9.679828643798828
}