{
  "umap1": 0.14761264359622128,
  "umap2": 0.059939139320053014
}