{
  "umap1": 0.4234271717604545,
  "umap2": 0.04891040772951816
}