{
  "umap1": 13.063268661499023,
  "umap2": 2.287076711654663
}