{
  "No direct optim ancestor": "None",
  "umap1": 0.8116766376954324,
  "umap2": 0.12130762047868249
}