{
  "No direct optim ancestor": "None",
  "umap1": 0.2541705397418226,
  "umap2": 0.5338195523244585
}