{
  "umap1": 0.5148859939197933,
  "umap2": 0.11460363130030515
}