{
  "umap1": 11.157440185546875,
  "umap2": 2.0868635177612305
}