{
  "umap1": 12.394119262695312,
  "umap2": 2.069964647293091
}