{
  "umap1": 0.9549395908343259,
  "umap2": 0.5484464342158692
}