{
  "No direct optim ancestor": "None",
  "umap1": 0.7584278101068488,
  "umap2": 0.47576840022900846
}