{
  "umap1": 10.813448905944824,
  "umap2": 2.1114048957824707
}