{
  "umap1": 0.5717075984819658,
  "umap2": 0.23951718238391062
}