{
  "No direct optim ancestor": "None",
  "umap1": 0.3241136020597791,
  "umap2": 0.3509561808645105
}