{
  "umap1": 13.895794868469238,
  "umap2": 1.8870006799697876
}