{
  "umap1": 11.855240821838379,
  "umap2": 3.736661195755005
}