{
  "No direct optim ancestor": "None",
  "umap1": 0.2463981611009658,
  "umap2": 0.5031613531751619
}