{
  "umap1": 9.509946823120117,
  "umap2": 4.680371284484863
}