{
  "umap1": 0.4086849274008325,
  "umap2": 0.706310484271737
}