{
  "No direct optim ancestor": "None",
  "umap1": 0.4692865389261819,
  "umap2": 0.8531265920265452
}