{
  "umap1": 0.7805016446235025,
  "umap2": 0.6053224100082161
}