{
  "No direct optim ancestor": "None",
  "umap1": 0.6941199938363538,
  "umap2": 0.6552356161501813
}