{
  "umap1": 12.062162399291992,
  "umap2": 3.9789986610412598
}