{
  "umap1": 0.4141531036653443,
  "umap2": 0.4568476192167903
}