{
  "umap1": 12.786952018737793,
  "umap2": 1.8620831966400146
}