{
  "umap1": 0.06453322521926963,
  "umap2": 0.23460416415947227
}