{
  "No direct optim ancestor": "None",
  "umap1": 0.9071263436305776,
  "umap2": 0.8777989895506005
}