{
  "umap1": 9.516594886779785,
  "umap2": 1.6823281049728394
}