{
  "umap1": 0.16145393316735968,
  "umap2": 0.3700722787959172
}