{
  "No direct optim ancestor": "None",
  "umap1": 0.7164200919030024,
  "umap2": 0.1850914743948926
}