{
  "umap1": 0.8397669574430923,
  "umap2": 0.7867654341494784
}