{
  "umap1": 3.018773317337036,
  "umap2": 10.454361915588379
}