{
  "umap1": 0.7885965792848083,
  "umap2": 0.755361519149414
}