{
  "No direct optim ancestor": "None",
  "umap1": 0.6451021853031504,
  "umap2": 0.4948342324337449
}