{
  "umap1": 0.39462355234886204,
  "umap2": 0.5216190342954031
}