{
  "No direct optim ancestor": "None",
  "umap1": 0.8642837649841337,
  "umap2": 0.6345252272014049
}