{
  "No direct optim ancestor": "None",
  "umap1": 0.6618408931647514,
  "umap2": 0.5519934787821809
}