{
  "umap1": 0.32572150260524424,
  "umap2": 0.10090360832374479
}