{
  "umap1": 10.452971458435059,
  "umap2": 2.8859786987304688
}