{
  "umap1": 0.015495092244966702,
  "umap2": 0.880289620948261
}