{
  "umap1": 13.818297386169434,
  "umap2": 5.735358715057373
}