{
  "umap1": 14.32955265045166,
  "umap2": 2.4696426391601562
}