{
  "umap1": 0.18671721875765912,
  "umap2": 0.1957821036697165
}