{
  "No direct optim ancestor": "None",
  "umap1": 0.5137233710381204,
  "umap2": 0.6711302363718491
}