{
  "umap1": 12.336114883422852,
  "umap2": 6.810655117034912
}