{
  "umap1": 1.1520400047302246,
  "umap2": 9.850691795349121
}