{
  "umap1": 0.6206098963400487,
  "umap2": 0.9284750226895147
}