{
  "No direct optim ancestor": "None",
  "umap1": 0.6310465186110228,
  "umap2": 0.7883352993014238
}