{
  "umap1": 11.546734809875488,
  "umap2": 3.1071178913116455
}