{
  "umap1": 0.49155756889778235,
  "umap2": 0.7644257399029958
}