{
  "umap1": 1.0125864744186401,
  "umap2": 9.625101089477539
}