{
  "umap1": 0.5416070866761884,
  "umap2": 0.47808480785269525
}