{
  "umap1": 8.805810928344727,
  "umap2": 3.183681011199951
}