{
  "umap1": 9.088088035583496,
  "umap2": 4.892487049102783
}