{
  "umap1": 1.0314443111419678,
  "umap2": 9.609145164489746
}