{
  "umap1": 0.6240457736043176,
  "umap2": 0.05533730696194106
}