{
  "umap1": 11.066822052001953,
  "umap2": 3.821479082107544
}