{
  "umap1": 0.2728230441975169,
  "umap2": 0.2665265246069304
}