{
  "No direct optim ancestor": "None",
  "umap1": 0.7707193099692289,
  "umap2": 0.2813212514803687
}