{
  "umap1": 0.7160782270981387,
  "umap2": 0.5685706231105132
}