{
  "umap1": 10.188427925109863,
  "umap2": 2.8945863246917725
}