{
  "No direct optim ancestor": "None",
  "umap1": 0.43375147521034374,
  "umap2": 0.2560049314174746
}