{
  "No direct optim ancestor": "None",
  "umap1": 0.016467096450700658,
  "umap2": 0.09621830232224571
}