{
  "umap1": 0.7974353144875604,
  "umap2": 0.8363326782811292
}