{
  "umap1": 0.3295452425357973,
  "umap2": 0.954876817118405
}