{
  "No direct optim ancestor": "None",
  "umap1": 0.7782558947972417,
  "umap2": 0.20109112814135155
}