{
  "umap1": 2.709118604660034,
  "umap2": 10.661499977111816
}