{
  "umap1": 0.6575581814435526,
  "umap2": 0.9824791744270732
}