{
  "No direct optim ancestor": "None",
  "umap1": 0.8181423690330694,
  "umap2": 0.6367465975061215
}