{
  "umap1": 14.131247520446777,
  "umap2": 3.213585376739502
}