{
  "No direct optim ancestor": "None",
  "umap1": 0.6314517616923669,
  "umap2": 0.5909710916110592
}