{
  "umap1": 11.588661193847656,
  "umap2": 6.720272541046143
}