{
  "umap1": 0.1619480298753886,
  "umap2": 0.9013850227046564
}