{
  "umap1": 0.6347733571107617,
  "umap2": 0.854086193485261
}