{
  "No direct optim ancestor": "None",
  "umap1": 0.13145845416425972,
  "umap2": 0.6494666689422159
}