{
  "umap1": 0.26203282858685784,
  "umap2": 0.31245275608809175
}