{
  "No direct optim ancestor": "None",
  "umap1": 0.07445942332154154,
  "umap2": 0.8293886737600406
}