{
  "umap1": 12.591900825500488,
  "umap2": 5.251028060913086
}