{
  "No direct optim ancestor": "None",
  "umap1": 0.06153982503092681,
  "umap2": 0.463629733599614
}