{
  "umap1": 0.5496191431617029,
  "umap2": 0.9466190619007113
}