{
  "No direct optim ancestor": "None",
  "umap1": 0.9660750947131782,
  "umap2": 0.894661035720155
}