{
  "umap1": 0.9646893806006612,
  "umap2": 0.8135480882790206
}