{
  "umap1": 3.8399546146392822,
  "umap2": 9.990477561950684
}