{
  "umap1": 0.09099083577852363,
  "umap2": 0.7773131179018756
}