{
  "umap1": 0.030020530433544468,
  "umap2": 0.6177919745693661
}