{
  "No direct optim ancestor": "None",
  "umap1": 0.47598279587356296,
  "umap2": 0.649630490386417
}