{
  "umap1": 3.3620593547821045,
  "umap2": 9.952335357666016
}