{
  "umap1": 0.7505463788268054,
  "umap2": 0.09993403896458797
}