{
  "umap1": 13.915066719055176,
  "umap2": 5.571526527404785
}