{
  "umap1": 1.1488409042358398,
  "umap2": 9.755317687988281
}