{
  "umap1": 0.9867599827008925,
  "umap2": 0.26596307516628004
}