{
  "umap1": 12.380934715270996,
  "umap2": 1.950644612312317
}