{
  "No direct optim ancestor": "None",
  "umap1": 0.23989164882873093,
  "umap2": 0.9225941412350496
}