{
  "umap1": 9.98015022277832,
  "umap2": 3.8672165870666504
}