{
  "umap1": 0.06349311019531423,
  "umap2": 0.25694290849786616
}