{
  "umap1": 0.12624809352512012,
  "umap2": 0.9069052974399965
}