{
  "No direct optim ancestor": "None",
  "umap1": 0.10308017235536548,
  "umap2": 0.4182106052809652
}