{
  "umap1": 0.23436753385220954,
  "umap2": 0.9581776967177837
}