{
  "umap1": 11.205645561218262,
  "umap2": 1.6009186506271362
}