{
  "No direct optim ancestor": "None",
  "umap1": 0.8475903039935822,
  "umap2": 0.3799108416010567
}