{
  "No direct optim ancestor": "None",
  "umap1": 0.4059217880480308,
  "umap2": 0.7532547274618535
}