{
  "umap1": 12.465164184570312,
  "umap2": 3.974210262298584
}