{
  "umap1": 0.6325149922101477,
  "umap2": 0.6215561677280131
}