{
  "No direct optim ancestor": "None",
  "umap1": 0.33464398932772643,
  "umap2": 0.7327181650106245
}