{
  "umap1": 8.875617027282715,
  "umap2": 2.864349842071533
}