{
  "umap1": 0.8078965187789743,
  "umap2": 0.09334212494675076
}