{
  "No direct optim ancestor": "None",
  "umap1": 0.454806795474892,
  "umap2": 0.45540452974290646
}