{
  "umap1": 0.30005559416638616,
  "umap2": 0.3483902085494974
}