{
  "umap1": 10.211552619934082,
  "umap2": 2.0029520988464355
}