{
  "No direct optim ancestor": "None",
  "umap1": 0.1442822702945179,
  "umap2": 0.5062109148498726
}