{
  "umap1": 0.9752455273513454,
  "umap2": 0.630008659584739
}