{
  "umap1": 10.504352569580078,
  "umap2": 5.694697380065918
}