{
  "No direct optim ancestor": "None",
  "umap1": 0.9518224887035127,
  "umap2": 0.7994298382799176
}