{
  "umap1": 0.19709393833292044,
  "umap2": 0.8922559254242449
}