{
  "umap1": 8.824690818786621,
  "umap2": 5.391037464141846
}