{
  "umap1": 12.949362754821777,
  "umap2": 7.505004405975342
}