{
  "umap1": 0.40421032442485194,
  "umap2": 0.9660139700127222
}