{
  "No direct optim ancestor": "None",
  "umap1": 0.6972591155132885,
  "umap2": 0.3385656301359732
}