{
  "umap1": 12.304924011230469,
  "umap2": 1.5434658527374268
}