{
  "No direct optim ancestor": "None",
  "umap1": 0.001988349106427423,
  "umap2": 0.5135289403587563
}