{
  "umap1": 0.20201533764359758,
  "umap2": 0.25697070927763854
}