{
  "umap1": 14.242412567138672,
  "umap2": 2.6762776374816895
}