{
  "umap1": 10.44090747833252,
  "umap2": 2.63232684135437
}