{
  "umap1": 0.7689660125673983,
  "umap2": 0.5137194557271285
}