{
  "No direct optim ancestor": "None",
  "umap1": 0.9539315766019576,
  "umap2": 0.4386322891531811
}