{
  "No direct optim ancestor": "None",
  "umap1": 0.659058394213974,
  "umap2": 0.6847727434736285
}