{
  "umap1": 0.23902915718275197,
  "umap2": 0.46018447920239336
}