{
  "umap1": 9.028640747070312,
  "umap2": 5.57036828994751
}