{
  "umap1": 12.277724266052246,
  "umap2": 1.99810791015625
}