{
  "umap1": 11.848112106323242,
  "umap2": 2.687368392944336
}