{
  "umap1": 0.8102734345424695,
  "umap2": 0.11079942412119337
}