{
  "umap1": 3.306993007659912,
  "umap2": 10.487518310546875
}