{
  "No direct optim ancestor": "None",
  "umap1": 0.872292308015449,
  "umap2": 0.817651855737749
}