{
  "umap1": 9.578413963317871,
  "umap2": 2.555961847305298
}