{
  "umap1": 0.7096447875878049,
  "umap2": 0.5061792483467032
}