{
  "umap1": 0.9994913418005226,
  "umap2": 0.41564804875337813
}