{
  "umap1": 11.14516830444336,
  "umap2": 2.454214572906494
}