{
  "No direct optim ancestor": "None",
  "umap1": 0.22169832180197324,
  "umap2": 0.7732232087549028
}