{
  "umap1": 10.976395606994629,
  "umap2": 5.843459606170654
}