{
  "No direct optim ancestor": "None",
  "umap1": 0.8905018408312225,
  "umap2": 0.30631385377997267
}