{
  "umap1": 0.4958033410652998,
  "umap2": 0.49412643265416734
}