{
  "No direct optim ancestor": "None",
  "umap1": 0.6183284585177671,
  "umap2": 0.5298876113494834
}