{
  "umap1": 0.9065411638309411,
  "umap2": 0.324462841595724
}