{
  "umap1": 0.43828106260402966,
  "umap2": 0.28604527239061395
}