{
  "No direct optim ancestor": "None",
  "umap1": 0.10718046184392593,
  "umap2": 0.8023407591562612
}