{
  "umap1": 3.455005407333374,
  "umap2": 10.391124725341797
}