{
  "umap1": 13.188910484313965,
  "umap2": 2.7623708248138428
}