{
  "umap1": 0.6868619521154145,
  "umap2": 0.6080430048920298
}