{
  "No direct optim ancestor": "None",
  "umap1": 0.6426299079743135,
  "umap2": 0.0772828455488278
}