{
  "umap1": 12.23883056640625,
  "umap2": 5.028059005737305
}