{
  "umap1": 2.960571765899658,
  "umap2": 10.618013381958008
}