{
  "umap1": 11.31185531616211,
  "umap2": 1.4817367792129517
}