{
  "No direct optim ancestor": "None",
  "umap1": 0.8082342909612213,
  "umap2": 0.5333801657422697
}