{
  "umap1": 0.5021621890184004,
  "umap2": 0.34661044917449724
}