{
  "umap1": 0.629513475773525,
  "umap2": 0.4796577666977744
}