{
  "umap1": 14.302872657775879,
  "umap2": 6.086142539978027
}