{
  "No direct optim ancestor": "None",
  "umap1": 0.8059437825579508,
  "umap2": 0.925138400839803
}