{
  "umap1": 9.54045295715332,
  "umap2": 5.868339538574219
}