{
  "No direct optim ancestor": "None",
  "umap1": 0.6958608268222313,
  "umap2": 0.6624667309326676
}