{
  "umap1": 0.9159774292623727,
  "umap2": 0.6512543589840563
}