{
  "No direct optim ancestor": "None",
  "umap1": 0.7836616199459723,
  "umap2": 0.42702532644261637
}