{
  "umap1": 0.4416627307338241,
  "umap2": 0.12360610437171526
}