{
  "umap1": 9.975991249084473,
  "umap2": 2.5504233837127686
}