{
  "umap1": 0.41820716685730364,
  "umap2": 0.8281707037924105
}