{
  "umap1": 1.1372401714324951,
  "umap2": 9.820399284362793
}