{
  "umap1": 0.5497870582333922,
  "umap2": 0.5755928463720646
}