{
  "No direct optim ancestor": "None",
  "umap1": 0.9372712480959035,
  "umap2": 0.6071160747255623
}