{
  "umap1": 11.663692474365234,
  "umap2": 3.125741958618164
}