{
  "umap1": 0.6325342093403261,
  "umap2": 0.4286033303202955
}