{
  "No direct optim ancestor": "None",
  "umap1": 0.03444316492185129,
  "umap2": 0.17748740362972604
}