{
  "umap1": 0.8963189282573535,
  "umap2": 0.429441937968838
}