{
  "umap1": 10.59761905670166,
  "umap2": 5.482474327087402
}