{
  "umap1": 11.46678352355957,
  "umap2": 1.6200422048568726
}