{
  "umap1": 0.7731988691114476,
  "umap2": 0.4428682844182228
}