{
  "No direct optim ancestor": "None",
  "umap1": 0.8795837699197183,
  "umap2": 0.5983967327859093
}