{
  "No direct optim ancestor": "None",
  "umap1": 0.7667214324042053,
  "umap2": 0.8668408014575208
}