{
  "umap1": 0.3806310161734988,
  "umap2": 0.6266682033739662
}