{
  "No direct optim ancestor": "None",
  "umap1": 0.2670134061433419,
  "umap2": 0.33227701425113765
}