{
  "umap1": 0.7595468500898521,
  "umap2": 0.75556406583733
}