{
  "umap1": 10.237982749938965,
  "umap2": 6.736361980438232
}