{
  "No direct optim ancestor": "None",
  "umap1": 0.4692657816006164,
  "umap2": 0.69187566447854
}