{
  "umap1": 13.098505020141602,
  "umap2": 2.7681829929351807
}