{
  "umap1": 0.768904645274773,
  "umap2": 0.4226586604610121
}