{
  "umap1": 13.084436416625977,
  "umap2": 4.372653484344482
}