{
  "No direct optim ancestor": "None",
  "umap1": 0.3404404115923447,
  "umap2": 0.3928911409340651
}