{
  "umap1": 0.7778366864571634,
  "umap2": 0.9989989888922582
}