{
  "No direct optim ancestor": "None",
  "umap1": 0.3583498258669394,
  "umap2": 0.3580250492699548
}