{
  "umap1": 0.3077334301055883,
  "umap2": 0.13719664692204503
}