{
  "umap1": 0.7260753598289015,
  "umap2": 0.7384219347103611
}