{
  "No direct optim ancestor": "None",
  "umap1": 0.9915849039472983,
  "umap2": 0.5956541920329486
}