{
  "No direct optim ancestor": "None",
  "umap1": 0.21386045573587087,
  "umap2": 0.4181053526472144
}