{
  "umap1": 0.8882151293741267,
  "umap2": 0.04455182301191496
}