{
  "umap1": 0.8141554603272609,
  "umap2": 0.07208776769808989
}