{
  "No direct optim ancestor": "None",
  "umap1": 0.5347667062202415,
  "umap2": 0.8750494404016546
}