{
  "umap1": 14.12058162689209,
  "umap2": 6.161502361297607
}