{
  "umap1": 12.137353897094727,
  "umap2": 3.520359754562378
}