{
  "No direct optim ancestor": "None",
  "umap1": 0.9611408410768584,
  "umap2": 0.5892779331717118
}