{
  "umap1": 0.6377776693227613,
  "umap2": 0.4239386344862749
}