{
  "No direct optim ancestor": "None",
  "umap1": 0.3941921006282145,
  "umap2": 0.8166037360215467
}