{
  "umap1": 0.17710020105576996,
  "umap2": 0.12737779764810442
}