{
  "umap1": 11.764172554016113,
  "umap2": 3.198608875274658
}