{
  "umap1": 0.3553906358827644,
  "umap2": 0.20531364401880348
}