{
  "umap1": 3.9037394523620605,
  "umap2": 9.823522567749023
}