{
  "No direct optim ancestor": "None",
  "umap1": 0.7332011765063188,
  "umap2": 0.3044067568449974
}