{
  "umap1": 11.388258934020996,
  "umap2": 1.889861822128296
}