{
  "umap1": 0.3883825665315308,
  "umap2": 0.967509797207951
}