{
  "umap1": 12.224149703979492,
  "umap2": 3.0753750801086426
}