{
  "umap1": 0.9734435116020583,
  "umap2": 0.2819458859653916
}