{
  "No direct optim ancestor": "None",
  "umap1": 0.08914731033167522,
  "umap2": 0.3419850428420421
}