{
  "umap1": 12.426393508911133,
  "umap2": 2.076531410217285
}