{
  "No direct optim ancestor": "None",
  "umap1": 0.5259196523896787,
  "umap2": 0.9066873564388993
}