{
  "umap1": 9.722479820251465,
  "umap2": 1.9807562828063965
}