{
  "umap1": 0.8531243484518776,
  "umap2": 0.029577948635601592
}