{
  "umap1": 9.820786476135254,
  "umap2": 6.022298812866211
}