{
  "No direct optim ancestor": "None",
  "umap1": 0.3634437552095503,
  "umap2": 0.0043525267293924585
}