{
  "umap1": 0.7815881048647703,
  "umap2": 0.6651322664314544
}