{
  "No direct optim ancestor": "None",
  "umap1": 0.7780280431936397,
  "umap2": 0.39751118260171303
}