{
  "umap1": 0.479580662898751,
  "umap2": 0.19331270207220075
}