{
  "umap1": 12.786368370056152,
  "umap2": 7.442478179931641
}