{
  "No direct optim ancestor": "None",
  "umap1": 0.02276527559490582,
  "umap2": 0.6240694738445453
}