{
  "umap1": 0.9977922093317366,
  "umap2": 0.41164821385839334
}