{
  "umap1": 0.4300719016993164,
  "umap2": 0.920085748151341
}