{
  "umap1": 2.6940646171569824,
  "umap2": 10.647964477539062
}