{
  "umap1": 0.7409606387399231,
  "umap2": 0.9291358980152254
}