{
  "umap1": 11.359024047851562,
  "umap2": 3.6713268756866455
}