{
  "umap1": 13.433310508728027,
  "umap2": 6.895911693572998
}