{
  "umap1": 13.62462043762207,
  "umap2": 4.495207786560059
}