{
  "umap1": 0.36204558123705477,
  "umap2": 0.2812550273970932
}