{
  "umap1": 0.23749855218914817,
  "umap2": 0.18693814295022004
}