{
  "No direct optim ancestor": "None",
  "umap1": 0.931108960228718,
  "umap2": 0.4026443040468394
}