{
  "umap1": 13.752878189086914,
  "umap2": 2.333456516265869
}