{
  "umap1": 0.6990647214932825,
  "umap2": 0.9593033598256727
}