{
  "umap1": 12.740501403808594,
  "umap2": 4.795208930969238
}