{
  "No direct optim ancestor": "None",
  "umap1": 0.8783366185562242,
  "umap2": 0.5206537396305756
}