{
  "umap1": 0.55290915376868,
  "umap2": 0.7799584897371117
}