{
  "umap1": 7.3045806884765625,
  "umap2": 5.891606330871582
}