{
  "umap1": 7.935932636260986,
  "umap2": 8.92185115814209
}