{
  "umap1": 11.57648754119873,
  "umap2": 3.34049654006958
}