{
  "umap1": 0.19815343350219772,
  "umap2": 0.6103400233496019
}