{
  "umap1": 10.767735481262207,
  "umap2": 1.8136752843856812
}