{
  "No direct optim ancestor": "None",
  "umap1": 0.4544745423580524,
  "umap2": 0.9026538157158805
}