{
  "No direct optim ancestor": "None",
  "umap1": 0.9502291861033277,
  "umap2": 0.7520621723753089
}