{
  "umap1": 10.871210098266602,
  "umap2": 2.2081758975982666
}