{
  "umap1": 0.5853137682918786,
  "umap2": 0.02820868686110478
}