{
  "umap1": 9.008077621459961,
  "umap2": 6.687961101531982
}