{
  "umap1": 10.607172966003418,
  "umap2": 1.2200664281845093
}