{
  "umap1": 0.5103817549141862,
  "umap2": 0.10547247844504515
}