{
  "No direct optim ancestor": "None",
  "umap1": 0.2640639714449279,
  "umap2": 0.9750979149010603
}