{
  "umap1": 0.48694994208184017,
  "umap2": 0.03022492992872161
}