{
  "umap1": 12.652859687805176,
  "umap2": 7.4973297119140625
}