{
  "No direct optim ancestor": "None",
  "umap1": 0.9662685618853402,
  "umap2": 0.5447222919338168
}