{
  "umap1": 12.71275806427002,
  "umap2": 6.224140167236328
}