{
  "No direct optim ancestor": "None",
  "umap1": 0.05998584821141617,
  "umap2": 0.8191324896628658
}