{
  "umap1": 0.35801744995311646,
  "umap2": 0.9855623196223033
}