{
  "umap1": 13.000053405761719,
  "umap2": 4.340052604675293
}