{
  "umap1": 4.974814414978027,
  "umap2": 10.78836441040039
}