{
  "umap1": 0.7508117968910529,
  "umap2": 0.1761090992932235
}