{
  "umap1": 0.1388339904170639,
  "umap2": 0.5265478861433692
}