{
  "No direct optim ancestor": "None",
  "umap1": 0.4902745880143575,
  "umap2": 0.6492934313728657
}