{
  "umap1": 8.576327323913574,
  "umap2": 7.9275922775268555
}