{
  "umap1": 1.1585310697555542,
  "umap2": 9.622651100158691
}