{
  "umap1": 13.232842445373535,
  "umap2": 3.0843639373779297
}