{
  "umap1": 0.8071514040423683,
  "umap2": 0.5484709733282451
}