{
  "No direct optim ancestor": "None",
  "umap1": 0.47886858162125856,
  "umap2": 0.46616034907493176
}