{
  "umap1": 12.178056716918945,
  "umap2": 2.214982748031616
}