{
  "umap1": 13.997784614562988,
  "umap2": 1.7633516788482666
}