{
  "umap1": 0.32714276264583375,
  "umap2": 0.7203773183653353
}