{
  "No direct optim ancestor": "None",
  "umap1": 0.5028154791880556,
  "umap2": 0.013895212596175543
}