{
  "umap1": 11.31118392944336,
  "umap2": 2.3539071083068848
}