{
  "umap1": 11.75101089477539,
  "umap2": 2.61527943611145
}