{
  "umap1": 0.6119633495153926,
  "umap2": 0.929102107846038
}