{
  "No direct optim ancestor": "None",
  "umap1": 0.05642521608587614,
  "umap2": 0.7785467194117729
}