{
  "umap1": 8.330475807189941,
  "umap2": 7.260079383850098
}