{
  "No direct optim ancestor": "None",
  "umap1": 0.7730559574926711,
  "umap2": 0.911836341815989
}