{
  "umap1": 0.7895976335569783,
  "umap2": 0.27582028682365645
}