{
  "No direct optim ancestor": "None",
  "umap1": 0.8264966026033603,
  "umap2": 0.05059638801440558
}