{
  "umap1": 0.20097745288985114,
  "umap2": 0.6167127902783146
}