{
  "No direct optim ancestor": "None",
  "umap1": 0.32198682468766515,
  "umap2": 0.2485198659826987
}