{
  "umap1": 0.6192560904114375,
  "umap2": 0.02015024989675329
}