{
  "umap1": 12.813360214233398,
  "umap2": 2.6714625358581543
}