{
  "umap1": 0.08953718426454638,
  "umap2": 0.23679963204766075
}