{
  "No direct optim ancestor": "None",
  "umap1": 0.22194144319648212,
  "umap2": 0.10143380202697327
}