{
  "umap1": 0.8758059527701864,
  "umap2": 0.040545191728070584
}