{
  "umap1": 10.749612808227539,
  "umap2": 2.1224453449249268
}