{
  "No direct optim ancestor": "None",
  "umap1": 0.9758059395951436,
  "umap2": 0.09192768545797492
}