{
  "umap1": 0.5681878618544248,
  "umap2": 0.6273332315200553
}