{
  "umap1": 12.728230476379395,
  "umap2": 2.8728983402252197
}