{
  "umap1": 0.7414718977340652,
  "umap2": 0.0302172615262023
}