{
  "No direct optim ancestor": "None",
  "umap1": 0.9592583793152087,
  "umap2": 0.3622214979642717
}