{
  "No direct optim ancestor": "None",
  "umap1": 0.6228495932691416,
  "umap2": 0.7266713191869993
}