{
  "umap1": 0.25185549990209455,
  "umap2": 0.8458633610497194
}