{
  "umap1": 10.683786392211914,
  "umap2": 2.3281795978546143
}