{
  "No direct optim ancestor": "None",
  "umap1": 0.2893230618947642,
  "umap2": 0.27247795124697494
}