{
  "umap1": 0.9761129820738265,
  "umap2": 0.4781422753685395
}