{
  "No direct optim ancestor": "None",
  "umap1": 0.9600822614007097,
  "umap2": 0.41301254580701885
}