{
  "umap1": 0.6694048140169889,
  "umap2": 0.897466641122004
}