{
  "No direct optim ancestor": "None",
  "umap1": 0.7799328955165782,
  "umap2": 0.6759297672323868
}