{
  "umap1": 0.8281266133442864,
  "umap2": 0.506978111719279
}