{
  "umap1": 0.47895706557580064,
  "umap2": 0.20736889761377675
}