{
  "No direct optim ancestor": "None",
  "umap1": 0.020987976870571967,
  "umap2": 0.17938565119166394
}