{
  "umap1": 0.1376121687408195,
  "umap2": 0.6325689598529107
}