{
  "umap1": 7.319372653961182,
  "umap2": 5.866152286529541
}