{
  "umap1": 1.2986340522766113,
  "umap2": 9.985968589782715
}