{
  "No direct optim ancestor": "None",
  "umap1": 0.07260679957849447,
  "umap2": 0.09701035899453492
}