{
  "umap1": 0.7714535126499831,
  "umap2": 0.014207986244735071
}