{
  "umap1": 0.46225180910201336,
  "umap2": 0.786101640619274
}