{
  "No direct optim ancestor": "None",
  "umap1": 0.7240943961480467,
  "umap2": 0.5293196194266645
}