{
  "umap1": 12.404555320739746,
  "umap2": 2.935451030731201
}