{
  "umap1": 0.9641892787387615,
  "umap2": 0.9811751436312338
}