{
  "No direct optim ancestor": "None",
  "umap1": 0.5822024086558539,
  "umap2": 0.3673800818613989
}