{
  "umap1": 10.409278869628906,
  "umap2": 4.99234676361084
}