{
  "umap1": 0.07123757346881188,
  "umap2": 0.14117615940651895
}