{
  "No direct optim ancestor": "None",
  "umap1": 0.706889089992862,
  "umap2": 0.2360271218115434
}