{
  "umap1": 11.539437294006348,
  "umap2": 2.5157387256622314
}