{
  "umap1": 13.529939651489258,
  "umap2": 7.180018901824951
}