{
  "umap1": 0.6738531232893697,
  "umap2": 0.14862024960292797
}