{
  "umap1": 3.5211997032165527,
  "umap2": 9.863551139831543
}