{
  "umap1": 0.4708993551374263,
  "umap2": 0.9994489570537451
}