{
  "umap1": 8.071378707885742,
  "umap2": 8.88061809539795
}