{
  "umap1": 0.061048850448279124,
  "umap2": 0.6950150140990915
}