{
  "No direct optim ancestor": "None",
  "umap1": 0.16257017813233732,
  "umap2": 0.14969722046734113
}