{
  "No direct optim ancestor": "None",
  "umap1": 0.8815436215345748,
  "umap2": 0.25295881755438077
}