{
  "umap1": 0.022278247759953462,
  "umap2": 0.4066869890241547
}