{
  "umap1": 12.699334144592285,
  "umap2": 2.0537586212158203
}