{
  "umap1": 1.3451509475708008,
  "umap2": 10.053004264831543
}