{
  "umap1": 0.5960843141059459,
  "umap2": 0.8205664276085336
}