{
  "umap1": 9.893608093261719,
  "umap2": 2.5836594104766846
}