{
  "umap1": 2.984879732131958,
  "umap2": 10.594175338745117
}