{
  "umap1": 12.948298454284668,
  "umap2": 4.632745265960693
}