{
  "umap1": 2.9609999656677246,
  "umap2": 10.615843772888184
}