{
  "umap1": 0.0817084186217909,
  "umap2": 0.8183764911393135
}