{
  "umap1": 0.038451044302370674,
  "umap2": 0.9184804164798417
}