{
  "No direct optim ancestor": "None",
  "umap1": 0.7762129249038786,
  "umap2": 0.9037602893915768
}