{
  "umap1": 0.45525080863963063,
  "umap2": 0.4441220415673728
}