{
  "No direct optim ancestor": "None",
  "umap1": 0.12494577292743436,
  "umap2": 0.1865518825570256
}