{
  "umap1": 1.3499605655670166,
  "umap2": 9.983938217163086
}