{
  "umap1": 7.921192646026611,
  "umap2": 8.90930461883545
}