{
  "No direct optim ancestor": "None",
  "umap1": 0.4296755016969729,
  "umap2": 0.31504577094736386
}