{
  "umap1": 0.160547876214563,
  "umap2": 0.2562653205282831
}