{
  "umap1": 10.349689483642578,
  "umap2": 3.404165506362915
}