{
  "umap1": 10.9602689743042,
  "umap2": 1.4571270942687988
}