{
  "umap1": 13.660160064697266,
  "umap2": 4.391414165496826
}