{
  "umap1": 0.6574743640425096,
  "umap2": 0.18541447183763127
}