{
  "No direct optim ancestor": "None",
  "umap1": 0.4743582746565941,
  "umap2": 0.8258599998013382
}