{
  "umap1": 12.96920108795166,
  "umap2": 6.594398021697998
}