{
  "umap1": 10.947175979614258,
  "umap2": 5.109032154083252
}