{
  "umap1": 0.1696938095428172,
  "umap2": 0.43227219864479316
}