{
  "umap1": 2.74075984954834,
  "umap2": 10.663979530334473
}