{
  "No direct optim ancestor": "None",
  "umap1": 0.8512318777958465,
  "umap2": 0.7694535796989919
}