{
  "umap1": 10.565714836120605,
  "umap2": 3.7218103408813477
}