{
  "umap1": 0.2626392927354545,
  "umap2": 0.6508845163512151
}