{
  "No direct optim ancestor": "None",
  "umap1": 0.5193045987218026,
  "umap2": 0.682206599265443
}