{
  "umap1": 0.4749044629356465,
  "umap2": 0.9621110902070295
}