{
  "umap1": 10.066671371459961,
  "umap2": 4.748699188232422
}