{
  "umap1": 0.18211388849917798,
  "umap2": 0.3690416954463287
}