{
  "No direct optim ancestor": "None",
  "umap1": 0.5399703396977821,
  "umap2": 0.7037150477588887
}