{
  "umap1": 10.834587097167969,
  "umap2": 2.0377135276794434
}