{
  "No direct optim ancestor": "None",
  "umap1": 0.532051616394857,
  "umap2": 0.5812322363896811
}