{
  "umap1": 0.3720219623598954,
  "umap2": 0.5944048176260233
}