{
  "umap1": 10.60033130645752,
  "umap2": 2.0810818672180176
}