{
  "umap1": 0.5723923997019883,
  "umap2": 0.4997454410320865
}