{
  "umap1": 9.634249687194824,
  "umap2": 5.6581244468688965
}