{
  "No direct optim ancestor": "None",
  "umap1": 0.022612863670036787,
  "umap2": 0.5949533964202898
}