{
  "umap1": 12.020869255065918,
  "umap2": 3.3221898078918457
}