{
  "umap1": 0.7854360799121939,
  "umap2": 0.03531780015344321
}