{
  "No direct optim ancestor": "None",
  "umap1": 0.9525198492688194,
  "umap2": 0.5567478108969528
}