{
  "umap1": 0.5145690113787309,
  "umap2": 0.9556759816937521
}