{
  "No direct optim ancestor": "None",
  "umap1": 0.8061772425094972,
  "umap2": 0.22743422332042862
}