{
  "umap1": 12.01976490020752,
  "umap2": 3.205894708633423
}