{
  "umap1": 11.176098823547363,
  "umap2": 7.543501377105713
}