{
  "No direct optim ancestor": "None",
  "umap1": 0.8009410223390903,
  "umap2": 0.3876580576462889
}