{
  "umap1": 0.3433974767715201,
  "umap2": 0.844360591611424
}