{
  "umap1": 13.03567886352539,
  "umap2": 7.045032978057861
}