{
  "umap1": 0.6213967842913598,
  "umap2": 0.7925318304004021
}