{
  "umap1": 13.553032875061035,
  "umap2": 1.61342453956604
}