{
  "No direct optim ancestor": "None",
  "umap1": 0.2504025140160948,
  "umap2": 0.0010089666612005388
}