{
  "umap1": 0.9293226509338857,
  "umap2": 0.3184640690404694
}