{
  "No direct optim ancestor": "None",
  "umap1": 0.49178797462781565,
  "umap2": 0.7845850735037116
}