{
  "umap1": 0.6594521141649597,
  "umap2": 0.9895677123341071
}