{
  "No direct optim ancestor": "None",
  "umap1": 0.6356148220554485,
  "umap2": 0.39717751241618404
}