{
  "umap1": 0.17427288542295705,
  "umap2": 0.9497106860069957
}