{
  "umap1": 9.997776985168457,
  "umap2": 2.768226385116577
}