{
  "umap1": 0.2666004473353575,
  "umap2": 0.11440903609704212
}