{
  "umap1": 3.087395668029785,
  "umap2": 10.45754623413086
}