{
  "umap1": 0.9974175271055954,
  "umap2": 0.030836271080011413
}