{
  "No direct optim ancestor": "None",
  "umap1": 0.7244484120498706,
  "umap2": 0.5767905455568094
}