{
  "umap1": 13.5341157913208,
  "umap2": 7.232725620269775
}