{
  "umap1": 0.9819492069717012,
  "umap2": 0.821537330164164
}