{
  "umap1": 9.784005165100098,
  "umap2": 6.250250339508057
}