{
  "umap1": 0.027397142452066037,
  "umap2": 0.9831837206215448
}