{
  "No direct optim ancestor": "None",
  "umap1": 0.8371641345296641,
  "umap2": 0.889031427331066
}