{
  "umap1": 8.639439582824707,
  "umap2": 5.201775550842285
}