{
  "No direct optim ancestor": "None",
  "umap1": 0.32229018777268736,
  "umap2": 0.39939897422112414
}