{
  "umap1": 0.5328200342296342,
  "umap2": 0.8331175056154304
}