{
  "umap1": 12.134325981140137,
  "umap2": 1.8239294290542603
}