{
  "No direct optim ancestor": "None",
  "umap1": 0.06947817394019595,
  "umap2": 0.7024735948149615
}