{
  "umap1": 0.2522849036797371,
  "umap2": 0.25739556593937296
}