{
  "umap1": 13.965129852294922,
  "umap2": 2.020510673522949
}