{
  "umap1": 0.8172811418225927,
  "umap2": 0.45668188736909043
}