{
  "No direct optim ancestor": "None",
  "umap1": 0.09643925240678242,
  "umap2": 0.8209559722224168
}