{
  "umap1": 8.338690757751465,
  "umap2": 7.255340099334717
}