{
  "umap1": 13.711956024169922,
  "umap2": 2.058289051055908
}