{
  "umap1": 0.9271338722214163,
  "umap2": 0.6670287814961285
}