{
  "No direct optim ancestor": "None",
  "umap1": 0.2125276947097111,
  "umap2": 0.47104107425856745
}