{
  "umap1": 12.125609397888184,
  "umap2": 1.831290364265442
}