{
  "No direct optim ancestor": "None",
  "umap1": 0.7715645478422838,
  "umap2": 0.2653502052255001
}