{
  "umap1": 0.0996127531901686,
  "umap2": 0.03944466190985074
}