{
  "umap1": 13.268102645874023,
  "umap2": 4.660155296325684
}