{
  "umap1": 8.636823654174805,
  "umap2": 3.186333656311035
}