{
  "umap1": 7.320525169372559,
  "umap2": 5.888055801391602
}