{
  "No direct optim ancestor": "None",
  "umap1": 0.04860914056900112,
  "umap2": 0.16897984725054582
}