{
  "umap1": 0.7687713464507696,
  "umap2": 0.37984638067953314
}