{
  "umap1": 12.599613189697266,
  "umap2": 4.707889556884766
}