{
  "umap1": 10.98967456817627,
  "umap2": 1.9662470817565918
}