{
  "umap1": 0.08993862601142621,
  "umap2": 0.8217912995594758
}