{
  "umap1": 3.8984594345092773,
  "umap2": 9.838837623596191
}