{
  "umap1": 0.5995977685981212,
  "umap2": 0.20523847079107826
}