{
  "umap1": 0.29552608287773896,
  "umap2": 0.3460780610670552
}