{
  "No direct optim ancestor": "None",
  "umap1": 0.21529439005375284,
  "umap2": 0.8424410563158374
}