{
  "umap1": 0.04264956043151025,
  "umap2": 0.6837742584810409
}