{
  "No direct optim ancestor": "None",
  "umap1": 0.7442008274676117,
  "umap2": 0.5324968308382289
}