{
  "umap1": 10.402740478515625,
  "umap2": 3.4707911014556885
}