{
  "No direct optim ancestor": "None",
  "umap1": 0.823995797850086,
  "umap2": 0.5145778051978747
}