{
  "umap1": 0.8898920348915423,
  "umap2": 0.47113400645463255
}