{
  "No direct optim ancestor": "None",
  "umap1": 0.6893019212304969,
  "umap2": 0.6138113380064578
}