{
  "umap1": 0.868602645697816,
  "umap2": 0.5100875689223924
}