{
  "umap1": 10.015750885009766,
  "umap2": 2.9945082664489746
}