{
  "No direct optim ancestor": "None",
  "umap1": 0.47950808065078265,
  "umap2": 0.9131861169930754
}