{
  "umap1": 0.4719246368507596,
  "umap2": 0.8253015442605259
}