{
  "umap1": 0.10452117035484787,
  "umap2": 0.27862882963193114
}