{
  "No direct optim ancestor": "None",
  "umap1": 0.9965835727336037,
  "umap2": 0.04540096038340358
}