{
  "umap1": 0.07851341939774203,
  "umap2": 0.4656565111709656
}