{
  "No direct optim ancestor": "None",
  "umap1": 0.8440318775591399,
  "umap2": 0.013096992102829663
}