{
  "umap1": 0.06927880631980543,
  "umap2": 0.13472417050275687
}