{
  "No direct optim ancestor": "None",
  "umap1": 0.5316903590507929,
  "umap2": 0.7924984939192093
}