{
  "umap1": 8.75762939453125,
  "umap2": 5.02174711227417
}