{
  "umap1": 0.24628892862893959,
  "umap2": 0.4345392146782475
}