{
  "No direct optim ancestor": "None",
  "umap1": 0.0778039697803743,
  "umap2": 0.514830542050028
}