{
  "No direct optim ancestor": "None",
  "umap1": 0.4316740537046502,
  "umap2": 0.15608295067090627
}