{
  "umap1": 12.888787269592285,
  "umap2": 3.2045021057128906
}