{
  "umap1": 0.8269958883828218,
  "umap2": 0.7504378570282721
}