{
  "No direct optim ancestor": "None",
  "umap1": 0.44137635301168854,
  "umap2": 0.4526362758200715
}