{
  "umap1": 0.4778393869246915,
  "umap2": 0.6430197559788404
}