{
  "umap1": 14.062418937683105,
  "umap2": 2.4614105224609375
}