{
  "umap1": 0.8787658123488317,
  "umap2": 0.6063224847007442
}