{
  "No direct optim ancestor": "None",
  "umap1": 0.5590469691984131,
  "umap2": 0.8423509751700289
}