{
  "No direct optim ancestor": "None",
  "umap1": 0.2872995158538635,
  "umap2": 0.2766531840714773
}