{
  "umap1": 0.8840126906191802,
  "umap2": 0.7889670304099436
}