{
  "umap1": 13.316720962524414,
  "umap2": 4.927821159362793
}