{
  "umap1": 12.166275024414062,
  "umap2": 2.0678975582122803
}