{
  "No direct optim ancestor": "None",
  "umap1": 0.2549038778165542,
  "umap2": 0.05000116226912532
}