{
  "umap1": 0.5749249321573526,
  "umap2": 0.48005004644384697
}