{
  "No direct optim ancestor": "None",
  "umap1": 0.31321250191316796,
  "umap2": 0.3303528522789264
}