{
  "umap1": 12.03425121307373,
  "umap2": 3.780315399169922
}