{
  "umap1": 0.6542840887923855,
  "umap2": 0.3409067771933503
}