{
  "umap1": 0.014707984168922716,
  "umap2": 0.5370080865323752
}