{
  "No direct optim ancestor": "None",
  "umap1": 0.6518761223061529,
  "umap2": 0.41448044431336784
}