{
  "umap1": 11.285340309143066,
  "umap2": 3.596745252609253
}