{
  "umap1": 0.017245993901532697,
  "umap2": 0.6222581719811158
}