{
  "umap1": 4.842434883117676,
  "umap2": 10.890806198120117
}