{
  "umap1": 0.013953952676641346,
  "umap2": 0.8047300717478518
}