{
  "No direct optim ancestor": "None",
  "umap1": 0.6080056795507307,
  "umap2": 0.20123096389816864
}