{
  "umap1": 10.61047077178955,
  "umap2": 3.2759854793548584
}