{
  "umap1": 0.9499964206383608,
  "umap2": 0.07171239635978832
}