{
  "No direct optim ancestor": "None",
  "umap1": 0.6033083897756832,
  "umap2": 0.5746919458091235
}