{
  "umap1": 0.2623686942349893,
  "umap2": 0.2070140206876233
}