{
  "umap1": 0.7041303131510173,
  "umap2": 0.5767300948250612
}