{
  "umap1": 2.7009494304656982,
  "umap2": 10.670284271240234
}