{
  "No direct optim ancestor": "None",
  "umap1": 0.8853690824758507,
  "umap2": 0.6222201367747441
}