{
  "umap1": 11.087862014770508,
  "umap2": 2.6297531127929688
}