{
  "umap1": 0.40083912321083304,
  "umap2": 0.9079325045824427
}