{
  "umap1": 0.670384721954198,
  "umap2": 0.5995041443295845
}