{
  "umap1": 12.954980850219727,
  "umap2": 3.4435904026031494
}