{
  "No direct optim ancestor": "None",
  "umap1": 0.4004276048677363,
  "umap2": 0.11664144929687292
}