{
  "No direct optim ancestor": "None",
  "umap1": 0.08662124774650481,
  "umap2": 0.23321029660781822
}