{
  "umap1": 0.8658187407588323,
  "umap2": 0.3842332120722982
}