{
  "umap1": 12.481575965881348,
  "umap2": 7.278672218322754
}