{
  "No direct optim ancestor": "None",
  "umap1": 0.23011331485733721,
  "umap2": 0.8835640723530342
}