{
  "umap1": 0.17014785073740613,
  "umap2": 0.8173158766437936
}