{
  "umap1": 0.9556602085289653,
  "umap2": 0.4792990916779727
}