{
  "umap1": 0.4513961227967811,
  "umap2": 0.5167524018286854
}