{
  "umap1": 3.6830430030822754,
  "umap2": 10.011343002319336
}