{
  "umap1": 0.7860688029197107,
  "umap2": 0.029041587341607666
}