{
  "umap1": 0.04720170203476082,
  "umap2": 0.6027147764035268
}