{
  "umap1": 12.50653076171875,
  "umap2": 2.698444128036499
}