{
  "No direct optim ancestor": "None",
  "umap1": 0.7128420364329141,
  "umap2": 0.9545225180988328
}