{
  "umap1": 0.49112655867493704,
  "umap2": 0.9512225846527683
}