{
  "umap1": 0.9181568583098437,
  "umap2": 0.8922290446056144
}