{
  "No direct optim ancestor": "None",
  "umap1": 0.6100896919617393,
  "umap2": 0.6002680048985145
}