{
  "umap1": 9.492899894714355,
  "umap2": 5.913660049438477
}