{
  "umap1": 10.602572441101074,
  "umap2": 3.5565731525421143
}