{
  "umap1": 13.39351749420166,
  "umap2": 2.7960920333862305
}