{
  "umap1": 0.6542847606056704,
  "umap2": 0.19528412087988622
}