{
  "No direct optim ancestor": "None",
  "umap1": 0.9341597166732893,
  "umap2": 0.626305912485776
}