{
  "umap1": 0.8786143411662855,
  "umap2": 0.2648643282841322
}