{
  "No direct optim ancestor": "None",
  "umap1": 0.781019011250941,
  "umap2": 0.004373922719893453
}