{
  "umap1": 14.000685691833496,
  "umap2": 4.694388389587402
}