{
  "umap1": 11.5524320602417,
  "umap2": 2.4212429523468018
}