{
  "umap1": 3.821913719177246,
  "umap2": 9.966973304748535
}