{
  "No direct optim ancestor": "None",
  "umap1": 0.20901575573854747,
  "umap2": 0.47865171292697817
}