{
  "umap1": 0.0036339729438662483,
  "umap2": 0.953628881554929
}