{
  "umap1": 0.018876380000289683,
  "umap2": 0.25604862170299747
}