{
  "No direct optim ancestor": "None",
  "umap1": 0.9171237107436834,
  "umap2": 0.5649598799028356
}