{
  "umap1": 12.841750144958496,
  "umap2": 5.181125640869141
}