{
  "umap1": 0.10303989481337805,
  "umap2": 0.10630557552028419
}