{
  "No direct optim ancestor": "None",
  "umap1": 0.9240424864106795,
  "umap2": 0.7042111864987033
}