{
  "umap1": 8.762718200683594,
  "umap2": 5.507284641265869
}