{
  "umap1": 0.8759625746749313,
  "umap2": 0.6430322057472843
}