{
  "umap1": 9.082704544067383,
  "umap2": 6.196719169616699
}