{
  "No direct optim ancestor": "None",
  "umap1": 0.8777999674867843,
  "umap2": 0.708802369362243
}