{
  "umap1": 0.7482976299096801,
  "umap2": 0.012131961986130868
}