{
  "umap1": 13.227879524230957,
  "umap2": 2.301475763320923
}