{
  "umap1": 0.014145828975199781,
  "umap2": 0.6740261785540221
}