{
  "No direct optim ancestor": "None",
  "umap1": 0.05136891235370589,
  "umap2": 0.4828747057657494
}