{
  "No direct optim ancestor": "None",
  "umap1": 0.92552632003367,
  "umap2": 0.5561189604394975
}