{
  "umap1": 12.34808349609375,
  "umap2": 4.027534484863281
}