{
  "umap1": 0.09711839732733085,
  "umap2": 0.8335508502772692
}