{
  "umap1": 9.410741806030273,
  "umap2": 1.6477689743041992
}