{
  "No direct optim ancestor": "None",
  "umap1": 0.35378345354147633,
  "umap2": 0.5090878893664321
}