{
  "umap1": 0.11202910096125296,
  "umap2": 0.4004196380054891
}