{
  "umap1": 12.908726692199707,
  "umap2": 7.5341410636901855
}