{
  "umap1": 0.8428082583558858,
  "umap2": 0.05040304013151431
}