{
  "umap1": 13.41685676574707,
  "umap2": 6.430548191070557
}