{
  "No direct optim ancestor": "None",
  "umap1": 0.5340612469208988,
  "umap2": 0.05407308177699921
}