{
  "umap1": 9.751762390136719,
  "umap2": 1.2523258924484253
}