{
  "No direct optim ancestor": "None",
  "umap1": 0.9730506609310904,
  "umap2": 0.7766522283444539
}