{
  "umap1": 0.9258569762444169,
  "umap2": 0.34164058236520567
}