{
  "umap1": 11.299896240234375,
  "umap2": 2.4227614402770996
}