{
  "umap1": 0.6169240976398389,
  "umap2": 0.4625441333109148
}