{
  "No direct optim ancestor": "None",
  "umap1": 0.04922918481452088,
  "umap2": 0.3030179501694801
}