{
  "No direct optim ancestor": "None",
  "umap1": 0.7788451616620586,
  "umap2": 0.7347306865509798
}