{
  "umap1": 0.7220842489755112,
  "umap2": 0.760231950705303
}