{
  "umap1": 0.02276830164716037,
  "umap2": 0.5083558959942355
}