{
  "No direct optim ancestor": "None",
  "umap1": 0.33701322615023466,
  "umap2": 0.5818788617438468
}