{
  "umap1": 10.83816146850586,
  "umap2": 1.700645089149475
}