{
  "No direct optim ancestor": "None",
  "umap1": 0.9019476279115335,
  "umap2": 0.46039700859524146
}