{
  "umap1": 0.7425809340471219,
  "umap2": 0.859591634568031
}