{
  "umap1": 0.33662930439131555,
  "umap2": 0.9162336214756772
}