{
  "No direct optim ancestor": "None",
  "umap1": 0.31180531312565984,
  "umap2": 0.22693799211658883
}