{
  "umap1": 3.7556581497192383,
  "umap2": 9.847149848937988
}