{
  "umap1": 13.14856243133545,
  "umap2": 7.245633125305176
}