{
  "No direct optim ancestor": "None",
  "umap1": 0.24089722811172365,
  "umap2": 0.16737549064371815
}