{
  "umap1": 0.5849590711029152,
  "umap2": 0.07973448239360958
}