{
  "umap1": 13.534817695617676,
  "umap2": 7.01548433303833
}