{
  "umap1": 13.240117073059082,
  "umap2": 6.296673774719238
}