{
  "umap1": 0.5949313390627559,
  "umap2": 0.5938830406603616
}