{
  "umap1": 11.651409149169922,
  "umap2": 2.200824737548828
}