{
  "No direct optim ancestor": "None",
  "umap1": 0.9366635263301448,
  "umap2": 0.41751973409257037
}