{
  "umap1": 11.695338249206543,
  "umap2": 3.5265727043151855
}