{
  "No direct optim ancestor": "None",
  "umap1": 0.3375526148405945,
  "umap2": 0.485516356284564
}