{
  "umap1": 0.7859231027398347,
  "umap2": 0.08179061274740884
}