{
  "umap1": 9.943644523620605,
  "umap2": 2.48507022857666
}