{
  "umap1": 0.10729814164368257,
  "umap2": 0.6845006537311409
}