{
  "No direct optim ancestor": "None",
  "umap1": 0.7729776294833034,
  "umap2": 0.8137837997582503
}