{
  "No direct optim ancestor": "None",
  "umap1": 0.17663358117191597,
  "umap2": 0.9271379796840672
}