{
  "umap1": 0.5839105523679158,
  "umap2": 0.7718254783469889
}