{
  "umap1": 9.525466918945312,
  "umap2": 2.597668170928955
}