{
  "umap1": 0.12039341485180355,
  "umap2": 0.28600050054464676
}