{
  "No direct optim ancestor": "None",
  "umap1": 0.025306538415438395,
  "umap2": 0.8981126843895907
}