{
  "umap1": 14.378273963928223,
  "umap2": 5.382445335388184
}