{
  "umap1": 7.625713348388672,
  "umap2": 5.676817417144775
}