{
  "umap1": 11.917474746704102,
  "umap2": 2.2899298667907715
}