{
  "umap1": 9.270185470581055,
  "umap2": 4.832070827484131
}