{
  "umap1": 0.8538964682888608,
  "umap2": 0.20035192216605957
}