{
  "No direct optim ancestor": "None",
  "umap1": 0.303313044784134,
  "umap2": 0.4382754724620772
}