{
  "umap1": 10.959117889404297,
  "umap2": 1.4990427494049072
}