{
  "umap1": 0.8160667139352341,
  "umap2": 0.3672832751429054
}