{
  "No direct optim ancestor": "None",
  "umap1": 0.30892189235772605,
  "umap2": 0.19869712655538474
}