{
  "umap1": 12.990236282348633,
  "umap2": 6.9141316413879395
}