{
  "umap1": 11.574950218200684,
  "umap2": 3.161003828048706
}