{
  "umap1": 12.965258598327637,
  "umap2": 4.330964088439941
}