{
  "umap1": 13.401396751403809,
  "umap2": 4.804865837097168
}