{
  "umap1": 0.7148688728297024,
  "umap2": 0.12794862697395193
}