{
  "No direct optim ancestor": "None",
  "umap1": 0.7283404878728055,
  "umap2": 0.4339862259868329
}