{
  "No direct optim ancestor": "None",
  "umap1": 0.08661973473739581,
  "umap2": 0.6700040413206318
}