{
  "umap1": 13.027645111083984,
  "umap2": 4.275028228759766
}