{
  "umap1": 0.5781068310790792,
  "umap2": 0.7038497948234721
}