{
  "umap1": 0.5540921669463355,
  "umap2": 0.327136809656687
}