{
  "No direct optim ancestor": "None",
  "umap1": 0.5354668255263517,
  "umap2": 0.24540840666838548
}