{
  "umap1": 0.5147600887419008,
  "umap2": 0.21275349899502383
}