{
  "No direct optim ancestor": "None",
  "umap1": 0.6812393666769381,
  "umap2": 0.18781516441656843
}