{
  "umap1": 0.7086556809234742,
  "umap2": 0.915664640835652
}