{
  "umap1": 13.399290084838867,
  "umap2": 3.37164568901062
}