{
  "Direct optim goal": "a photo of a green fern leaf",
  "umap1": 0.10181006378835289,
  "umap2": 0.8849064996891193
}