{
  "umap1": 0.44945131189772836,
  "umap2": 0.12920906478108918,
  "Direct optim goal": "a photo of a green fern leaf"
}