{
  "umap1": 7.972721099853516,
  "umap2": 8.887125015258789
}