{
  "umap1": 0.6030951126499242,
  "umap2": 0.011985123021014399
}