{
  "umap1": 9.057234764099121,
  "umap2": 7.01455020904541
}