{
  "umap1": 0.5158131538427209,
  "umap2": 0.5122217109845496
}