{
  "No direct optim ancestor": "None",
  "umap1": 0.594200941231538,
  "umap2": 0.33553971134329463
}