{
  "umap1": 13.700251579284668,
  "umap2": 4.5128173828125
}