{
  "No direct optim ancestor": "None",
  "umap1": 0.1850840114904635,
  "umap2": 0.6452140817336385
}