{
  "umap1": 0.6587588300497483,
  "umap2": 0.7648417001967609
}