{
  "umap1": 0.002884626844592897,
  "umap2": 0.35088672584570646
}