{
  "No direct optim ancestor": "None",
  "umap1": 0.7027889740781086,
  "umap2": 0.8450584774392711
}