{
  "umap1": 11.654122352600098,
  "umap2": 2.7920680046081543
}