{
  "umap1": 0.7852993349142413,
  "umap2": 0.26327901975746004
}