{
  "No direct optim ancestor": "None",
  "umap1": 0.8904453081847657,
  "umap2": 0.2571993449496762
}