{
  "umap1": 13.325394630432129,
  "umap2": 5.625321388244629
}