{
  "umap1": 0.12815711945019015,
  "umap2": 0.05115253954438159
}