{
  "No direct optim ancestor": "None",
  "umap1": 0.3148446839051928,
  "umap2": 0.4722943670911489
}