{
  "umap1": 10.230875015258789,
  "umap2": 3.398019790649414
}