{
  "umap1": 0.33118736469137444,
  "umap2": 0.6508800478830957
}