{
  "No direct optim ancestor": "None",
  "umap1": 0.8954840939922493,
  "umap2": 0.8191865121519016
}