{
  "No direct optim ancestor": "None",
  "umap1": 0.12254580476166921,
  "umap2": 0.9262051405867728
}