{
  "umap1": 10.375560760498047,
  "umap2": 3.9216103553771973
}