{
  "umap1": 0.35791843369584897,
  "umap2": 0.9684078981513747
}