{
  "umap1": 10.755731582641602,
  "umap2": 1.3207247257232666
}