{
  "No direct optim ancestor": "None",
  "umap1": 0.06611771947359069,
  "umap2": 0.819265923789528
}