{
  "umap1": 0.6266938206138478,
  "umap2": 0.11279534205375996
}