{
  "umap1": 0.6528216651751646,
  "umap2": 0.9579611433859146
}