{
  "umap1": 2.959695339202881,
  "umap2": 10.431902885437012
}