{
  "umap1": 0.3630452067030434,
  "umap2": 0.10108747097274584
}