{
  "umap1": 1.0592539310455322,
  "umap2": 9.763116836547852
}