{
  "umap1": 11.91198444366455,
  "umap2": 6.844491481781006
}