{
  "umap1": 0.23168543664861363,
  "umap2": 0.26088373929495645
}