{
  "No direct optim ancestor": "None",
  "umap1": 0.7780484106336732,
  "umap2": 0.1009371613585387
}