{
  "No direct optim ancestor": "None",
  "umap1": 0.15918372048123663,
  "umap2": 0.6556740366430797
}