{
  "umap1": 12.870509147644043,
  "umap2": 7.651628494262695
}