{
  "umap1": 0.2047231774723366,
  "umap2": 0.9298345078694057
}