{
  "umap1": 0.9433426063836708,
  "umap2": 0.46556007161253987
}