{
  "umap1": 9.897666931152344,
  "umap2": 4.959071636199951
}