{
  "No direct optim ancestor": "None",
  "umap1": 0.12631641602249344,
  "umap2": 0.6875542191835197
}