{
  "umap1": 3.2691495418548584,
  "umap2": 10.10666561126709
}