{
  "umap1": 0.8213656637027887,
  "umap2": 0.10996053878806
}