{
  "umap1": 13.572611808776855,
  "umap2": 2.6736557483673096
}