{
  "No direct optim ancestor": "None",
  "umap1": 0.010860687988784923,
  "umap2": 0.9714950250195811
}