{
  "umap1": 0.39410910691678125,
  "umap2": 0.6557202781665984
}