{
  "umap1": 10.370941162109375,
  "umap2": 5.639904022216797
}