{
  "No direct optim ancestor": "None",
  "umap1": 0.9609687045265602,
  "umap2": 0.4931763185120619
}