{
  "umap1": 0.5335767173276239,
  "umap2": 0.8522392943905969
}