{
  "No direct optim ancestor": "None",
  "umap1": 0.8630504850483397,
  "umap2": 0.49653053677899794
}