{
  "umap1": 0.47567709960245996,
  "umap2": 0.4685827068180415
}