{
  "umap1": 0.9731932281867185,
  "umap2": 0.5015865269831581
}