{
  "No direct optim ancestor": "None",
  "umap1": 0.989478443983414,
  "umap2": 0.5991286706443126
}