{
  "umap1": 0.5357549013257173,
  "umap2": 0.3005325099819317
}