{
  "umap1": 14.074793815612793,
  "umap2": 2.7104883193969727
}