{
  "No direct optim ancestor": "None",
  "umap1": 0.5190170236890651,
  "umap2": 0.5081636992420338
}