{
  "umap1": 0.909694121254304,
  "umap2": 0.6730652420378663
}