{
  "umap1": 0.1461084207242499,
  "umap2": 0.9043748981878676
}