{
  "umap1": 10.399365425109863,
  "umap2": 3.480093479156494
}