{
  "No direct optim ancestor": "None",
  "umap1": 0.6856926573723776,
  "umap2": 0.12088199094119612
}