{
  "umap1": 0.6290386557640404,
  "umap2": 0.44975428928186323
}