{
  "umap1": 4.9941935539245605,
  "umap2": 10.733841896057129
}