{
  "umap1": 7.32772970199585,
  "umap2": 5.874647617340088
}