{
  "No direct optim ancestor": "None",
  "umap1": 0.523824849454172,
  "umap2": 0.6506649336860602
}