{
  "umap1": 0.17663469372607132,
  "umap2": 0.12042788854470632
}