{
  "umap1": 11.127243041992188,
  "umap2": 1.5904359817504883
}