{
  "umap1": 3.1353423595428467,
  "umap2": 10.61078929901123
}