{
  "umap1": 0.39608488237251116,
  "umap2": 0.06218534831356892
}