{
  "No direct optim ancestor": "None",
  "umap1": 0.9372168240433886,
  "umap2": 0.014307417195864924
}