{
  "umap1": 3.422154664993286,
  "umap2": 9.949460983276367
}