{
  "umap1": 0.40154907318430033,
  "umap2": 0.7993897907222572
}