{
  "No direct optim ancestor": "None",
  "umap1": 0.9170017131155545,
  "umap2": 0.8515035102185055
}