{
  "umap1": 7.334432601928711,
  "umap2": 5.864102840423584
}