{
  "umap1": 0.4466446433773532,
  "umap2": 0.12090179218234542
}