{
  "No direct optim ancestor": "None",
  "umap1": 0.5692968329290384,
  "umap2": 0.6655237410211384
}