{
  "umap1": 0.5945992621140909,
  "umap2": 0.4529819031312452
}