{
  "umap1": 3.7137720584869385,
  "umap2": 10.104324340820312
}