{
  "umap1": 10.214879035949707,
  "umap2": 3.0202178955078125
}