{
  "umap1": 0.043442722000249345,
  "umap2": 0.9983220634967946
}