{
  "umap1": 9.586212158203125,
  "umap2": 5.8105669021606445
}