{
  "No direct optim ancestor": "None",
  "umap1": 0.9284189347239945,
  "umap2": 0.6161949147502799
}