{
  "umap1": 0.1872137520236603,
  "umap2": 0.07924242241608415
}