{
  "umap1": 9.902325630187988,
  "umap2": 2.502485752105713
}