{
  "No direct optim ancestor": "None",
  "umap1": 0.0057262150928503175,
  "umap2": 0.39610036430211504
}