{
  "No direct optim ancestor": "None",
  "umap1": 0.16453755860736174,
  "umap2": 0.2955430279973116
}