{
  "umap1": 0.3676851021479741,
  "umap2": 0.08462355375741548
}