{
  "umap1": 0.4583373747617938,
  "umap2": 0.6711243814234634
}