{
  "umap1": 0.07277372322174347,
  "umap2": 0.2337802762423672
}