{
  "No direct optim ancestor": "None",
  "umap1": 0.2793654895948664,
  "umap2": 0.4844088237720271
}