{
  "umap1": 10.997114181518555,
  "umap2": 1.5053404569625854
}