{
  "umap1": 3.551812171936035,
  "umap2": 10.266020774841309
}