{
  "umap1": 12.26308822631836,
  "umap2": 4.031050682067871
}