{
  "umap1": 12.25594425201416,
  "umap2": 2.7673299312591553
}