{
  "umap1": 0.972458634699009,
  "umap2": 0.9763044394091619
}