{
  "No direct optim ancestor": "None",
  "umap1": 0.09978104262147125,
  "umap2": 0.4113221004030687
}