{
  "umap1": 4.9713568687438965,
  "umap2": 10.788799285888672
}