{
  "umap1": 0.4309073762952321,
  "umap2": 0.8451411262356412
}