{
  "No direct optim ancestor": "None",
  "umap1": 0.18740482784719759,
  "umap2": 0.5009824141875283
}