{
  "umap1": 0.4025315107965177,
  "umap2": 0.6667029457756913
}