{
  "umap1": 10.83355712890625,
  "umap2": 2.2539401054382324
}