{
  "umap1": 12.116645812988281,
  "umap2": 5.143301486968994
}