{
  "umap1": 0.980378930156303,
  "umap2": 0.6486687032568555
}