{
  "No direct optim ancestor": "None",
  "umap1": 0.2043555028597891,
  "umap2": 0.570056619434753
}