{
  "umap1": 3.154147148132324,
  "umap2": 10.528909683227539
}