{
  "umap1": 13.69552993774414,
  "umap2": 5.00754451751709
}