{
  "No direct optim ancestor": "None",
  "umap1": 0.6915199183491946,
  "umap2": 0.8446383275460406
}