{
  "umap1": 14.043915748596191,
  "umap2": 2.1540780067443848
}