{
  "umap1": 0.22776827125500287,
  "umap2": 0.3243712366108935
}