{
  "umap1": 12.311393737792969,
  "umap2": 3.7800917625427246
}