{
  "umap1": 0.6401792588894895,
  "umap2": 0.39665522656273744
}