{
  "No direct optim ancestor": "None",
  "umap1": 0.3115239040813411,
  "umap2": 0.9474365175771393
}