{
  "umap1": 7.878515720367432,
  "umap2": 5.5762715339660645
}