{
  "umap1": 0.17085395153947536,
  "umap2": 0.42368530008018734,
  "Direct optim goal": "a photo of a peacock feather with green barbs and red eye spots"
}