{
  "umap1": 12.911584854125977,
  "umap2": 2.85286021232605
}