{
  "umap1": 13.211586952209473,
  "umap2": 5.705428123474121
}