{
  "umap1": 9.785289764404297,
  "umap2": 5.987996578216553
}