{
  "No direct optim ancestor": "None",
  "umap1": 0.6953370469066419,
  "umap2": 0.3546770530118225
}