{
  "umap1": 0.9158207539045528,
  "umap2": 0.4120141713252825
}