{
  "umap1": 0.9627559660164149,
  "umap2": 0.059211419325408965
}