{
  "umap1": 0.04388790547878019,
  "umap2": 0.9743403908158899
}