{
  "No direct optim ancestor": "None",
  "umap1": 0.9888303706934203,
  "umap2": 0.16570791761108994
}