{
  "No direct optim ancestor": "None",
  "umap1": 0.8777592908968963,
  "umap2": 0.9994201026610832
}