{
  "umap1": 0.3274215296746267,
  "umap2": 0.3218309239438678
}