{
  "umap1": 9.526280403137207,
  "umap2": 4.243819713592529
}