{
  "umap1": 9.674457550048828,
  "umap2": 5.959047794342041
}