{
  "No direct optim ancestor": "None",
  "umap1": 0.8525198737470804,
  "umap2": 0.45820560968425583
}