{
  "umap1": 0.533450403537857,
  "umap2": 0.7105777791179144
}