{
  "umap1": 3.4424550533294678,
  "umap2": 10.297859191894531
}