{
  "umap1": 0.6701173005319699,
  "umap2": 0.1382138747098275
}