{
  "No direct optim ancestor": "None",
  "umap1": 0.8396285931968485,
  "umap2": 0.349408769088142
}