{
  "umap1": 10.816767692565918,
  "umap2": 2.047043800354004
}