{
  "No direct optim ancestor": "None",
  "umap1": 0.6038723490005684,
  "umap2": 0.9354519646649766
}