{
  "umap1": 0.5120615153390048,
  "umap2": 0.1653163959542473
}