{
  "umap1": 10.746367454528809,
  "umap2": 2.3785412311553955
}