{
  "umap1": 0.943726658821106,
  "umap2": 9.563630104064941
}