{
  "No direct optim ancestor": "None",
  "umap1": 0.3160965573015294,
  "umap2": 0.04317075919372604
}