{
  "umap1": 0.6361038697775574,
  "umap2": 0.6891745922645991
}