{
  "umap1": 10.244016647338867,
  "umap2": 4.457942485809326
}