{
  "umap1": 0.9604694946321802,
  "umap2": 0.04785624408922784
}