{
  "No direct optim ancestor": "None",
  "umap1": 0.06964478814305552,
  "umap2": 0.2808676889699254
}