{
  "umap1": 0.23721780501192458,
  "umap2": 0.7124653985030059
}