{
  "No direct optim ancestor": "None",
  "umap1": 0.665386745569372,
  "umap2": 0.035690149604477694
}