{
  "umap1": 13.608794212341309,
  "umap2": 7.164024829864502
}