{
  "umap1": 12.61943531036377,
  "umap2": 7.124638080596924
}