{
  "umap1": 11.581208229064941,
  "umap2": 2.1715450286865234
}