{
  "umap1": 0.5775013577680239,
  "umap2": 0.026716562403281574
}