{
  "umap1": 11.251663208007812,
  "umap2": 3.348679542541504
}