{
  "No direct optim ancestor": "None",
  "umap1": 0.7725574172984995,
  "umap2": 0.9382277867911278
}