{
  "umap1": 12.012413024902344,
  "umap2": 2.3712587356567383
}