{
  "umap1": 9.584428787231445,
  "umap2": 4.464064598083496
}