{
  "umap1": 0.03887950835608678,
  "umap2": 0.29035190621558826
}