{
  "No direct optim ancestor": "None",
  "umap1": 0.2914181083111833,
  "umap2": 0.5453981248359414
}