{
  "umap1": 0.5747020639977675,
  "umap2": 0.8096002456964001
}