{
  "No direct optim ancestor": "None",
  "umap1": 0.07942346349265128,
  "umap2": 0.2038171147088329
}