{
  "umap1": 10.36923599243164,
  "umap2": 1.9840712547302246
}