{
  "umap1": 0.6395936445941695,
  "umap2": 0.12215640947581707
}