{
  "umap1": 12.346359252929688,
  "umap2": 4.608668327331543
}