{
  "No direct optim ancestor": "None",
  "umap1": 0.9756385495002848,
  "umap2": 0.962231600285007
}