{
  "umap1": 0.07900358142246167,
  "umap2": 0.6487312676868824
}