{
  "umap1": 0.21874961762768674,
  "umap2": 0.7032909692079355
}