{
  "umap1": 0.22784167875051986,
  "umap2": 0.5502867854747313
}