{
  "umap1": 11.374579429626465,
  "umap2": 3.7043046951293945
}