{
  "No direct optim ancestor": "None",
  "umap1": 0.35527152979690346,
  "umap2": 0.8929831967342686
}