{
  "No direct optim ancestor": "None",
  "umap1": 0.8049585529168325,
  "umap2": 0.7613199007066398
}