{
  "umap1": 0.8248006797849412,
  "umap2": 0.6100365990150239
}