{
  "umap1": 11.591779708862305,
  "umap2": 3.4903697967529297
}