{
  "umap1": 8.08889102935791,
  "umap2": 8.760168075561523
}