{
  "umap1": 0.7744884333821372,
  "umap2": 0.7006811489530672
}