{
  "umap1": 0.4485544644311158,
  "umap2": 0.773616248167557
}