{
  "No direct optim ancestor": "None",
  "umap1": 0.1827008059299139,
  "umap2": 0.8630598331010347
}