{
  "umap1": 13.915879249572754,
  "umap2": 1.9942442178726196
}