{
  "umap1": 8.645126342773438,
  "umap2": 8.830161094665527
}