{
  "umap1": 0.14523745650057762,
  "umap2": 0.6324223794395539
}