{
  "No direct optim ancestor": "None",
  "umap1": 0.14920756317918626,
  "umap2": 0.785488407573377
}