{
  "umap1": 0.943105155479466,
  "umap2": 0.22006580332888326
}