{
  "No direct optim ancestor": "None",
  "umap1": 0.07908048513474175,
  "umap2": 0.38696357102435275
}