{
  "umap1": 0.9349979908467488,
  "umap2": 0.71314442428025
}