{
  "umap1": 12.001142501831055,
  "umap2": 3.712102174758911
}