{
  "umap1": 1.4024592638015747,
  "umap2": 10.067367553710938
}