{
  "umap1": 0.25036600620139293,
  "umap2": 0.983532684419386
}