{
  "umap1": 14.024869918823242,
  "umap2": 2.294149875640869
}