{
  "umap1": 0.9197273745636118,
  "umap2": 0.3335051557703965
}