{
  "No direct optim ancestor": "None",
  "umap1": 0.4921624370871065,
  "umap2": 0.20621573775487867
}