{
  "umap1": 11.511377334594727,
  "umap2": 2.15221905708313
}