{
  "umap1": 12.973044395446777,
  "umap2": 3.4654946327209473
}