{
  "No direct optim ancestor": "None",
  "umap1": 0.5202974819446715,
  "umap2": 0.6110348359068646
}