{
  "umap1": 0.823529422619381,
  "umap2": 0.7662100502710812
}