{
  "umap1": 8.886746406555176,
  "umap2": 2.901381015777588
}