{
  "umap1": 0.7751433836978185,
  "umap2": 0.8066570202478136
}