{
  "No direct optim ancestor": "None",
  "umap1": 0.9592020236204611,
  "umap2": 0.33483494818173654
}