{
  "umap1": 0.7929410256526411,
  "umap2": 0.36865102136901884
}