{
  "umap1": 9.479569435119629,
  "umap2": 2.0189764499664307
}