{
  "umap1": 8.96705436706543,
  "umap2": 4.802799701690674
}