{
  "No direct optim ancestor": "None",
  "umap1": 0.265656378457091,
  "umap2": 0.19501456323130473
}