{
  "umap1": 14.191266059875488,
  "umap2": 6.204082012176514
}