{
  "umap1": 0.3400509057583926,
  "umap2": 0.09415661100437489
}