{
  "umap1": 4.895814895629883,
  "umap2": 10.864998817443848
}