{
  "umap1": 0.5384301437012515,
  "umap2": 0.7446571857574643
}