{
  "umap1": 12.811708450317383,
  "umap2": 2.890603542327881
}