{
  "No direct optim ancestor": "None",
  "umap1": 0.3898941865129718,
  "umap2": 0.35942432132256763
}