{
  "umap1": 0.22881663177375366,
  "umap2": 0.09204463703286003
}