{
  "umap1": 10.950102806091309,
  "umap2": 4.639801979064941
}