{
  "No direct optim ancestor": "None",
  "umap1": 0.6170364892909928,
  "umap2": 0.7720188332478025
}