{
  "umap1": 0.020144970338585866,
  "umap2": 0.11111878652165486
}