{
  "umap1": 12.101834297180176,
  "umap2": 4.018428802490234
}