{
  "umap1": 0.8284427128311258,
  "umap2": 0.14716996587642506
}