{
  "umap1": 12.308676719665527,
  "umap2": 2.1990058422088623
}