{
  "umap1": 1.7026137113571167,
  "umap2": 10.105058670043945
}