{
  "umap1": 10.562628746032715,
  "umap2": 1.5935355424880981
}