{
  "umap1": 2.889218330383301,
  "umap2": 10.575529098510742
}