{
  "umap1": 13.371850967407227,
  "umap2": 4.790535926818848
}