{
  "umap1": 11.266488075256348,
  "umap2": 3.912827730178833
}