{
  "umap1": 0.7870158853120099,
  "umap2": 0.40390104539952587
}