{
  "umap1": 14.580484390258789,
  "umap2": 5.054769039154053
}