{
  "No direct optim ancestor": "None",
  "umap1": 0.7596461392148586,
  "umap2": 0.6411566167709865
}