{
  "umap1": 10.731354713439941,
  "umap2": 1.7765580415725708
}