{
  "umap1": 9.814594268798828,
  "umap2": 3.64225172996521
}