{
  "No direct optim ancestor": "None",
  "umap1": 0.2644081071504921,
  "umap2": 0.42014717075817176
}