{
  "umap1": 0.37660124040975007,
  "umap2": 0.3350811714400991
}