{
  "umap1": 3.3695015907287598,
  "umap2": 9.948028564453125
}