{
  "No direct optim ancestor": "None",
  "umap1": 0.6750757168870457,
  "umap2": 0.4337415578996948
}