{
  "umap1": 12.977886199951172,
  "umap2": 3.807676315307617
}