{
  "umap1": 0.8678951190456373,
  "umap2": 0.22365214348029105
}