{
  "umap1": 0.8494114586984376,
  "umap2": 0.07246627219132162
}