{
  "No direct optim ancestor": "None",
  "umap1": 0.46776762451791,
  "umap2": 0.10471454500240585
}