{
  "umap1": 13.593505859375,
  "umap2": 2.8148746490478516
}