{
  "No direct optim ancestor": "None",
  "umap1": 0.8549468109387022,
  "umap2": 0.4064155784723916
}