{
  "umap1": 0.6454660348508194,
  "umap2": 0.6581693290022314
}