{
  "umap1": 0.7434551493415772,
  "umap2": 0.6401349736620991
}