{
  "umap1": 4.8978190422058105,
  "umap2": 10.916121482849121
}