{
  "umap1": 2.9608161449432373,
  "umap2": 10.624870300292969
}