{
  "umap1": 0.148683164004636,
  "umap2": 0.6587613693146114
}