{
  "No direct optim ancestor": "None",
  "umap1": 0.4001036198843051,
  "umap2": 0.15925727598067108
}