{
  "umap1": 0.6553017743820989,
  "umap2": 0.31568393241159265
}