{
  "umap1": 7.316768169403076,
  "umap2": 5.864733695983887
}