{
  "umap1": 8.32479476928711,
  "umap2": 6.890026092529297
}