{
  "umap1": 11.156405448913574,
  "umap2": 2.390822172164917
}