{
  "umap1": 0.3350497121433662,
  "umap2": 0.44154885229274765
}