{
  "No direct optim ancestor": "None",
  "umap1": 0.051124209255194786,
  "umap2": 0.14774676170984458
}