{
  "umap1": 11.438844680786133,
  "umap2": 2.0329360961914062
}