{
  "umap1": 9.918150901794434,
  "umap2": 6.2840070724487305
}