{
  "umap1": 0.2994593204486027,
  "umap2": 0.5558240602324636
}