{
  "No direct optim ancestor": "None",
  "umap1": 0.40987959114773265,
  "umap2": 0.4697447728972495
}