{
  "umap1": 2.879387617111206,
  "umap2": 10.512496948242188
}