{
  "umap1": 1.039767861366272,
  "umap2": 9.683741569519043
}