{
  "umap1": 0.7672353596018038,
  "umap2": 0.2649214729807503
}