{
  "No direct optim ancestor": "None",
  "umap1": 0.9464133003232977,
  "umap2": 0.657846203419412
}