{
  "No direct optim ancestor": "None",
  "umap1": 0.185465456728801,
  "umap2": 0.7752209666956104
}