{
  "umap1": 0.8461837329464751,
  "umap2": 0.7709595628421237
}