{
  "umap1": 13.130794525146484,
  "umap2": 5.169949531555176
}