{
  "umap1": 0.9250434616373651,
  "umap2": 0.5339230410631598
}