{
  "No direct optim ancestor": "None",
  "umap1": 0.6432443068232335,
  "umap2": 0.13365669912537115
}