{
  "umap1": 12.503738403320312,
  "umap2": 4.520020008087158
}