{
  "umap1": 0.15879493292257785,
  "umap2": 0.17050998654215932
}