{
  "umap1": 2.792815923690796,
  "umap2": 10.643049240112305
}