{
  "umap1": 0.3163561397350153,
  "umap2": 0.638731329163026
}