{
  "umap1": 0.9544727775463996,
  "umap2": 0.9547455074897571
}