{
  "No direct optim ancestor": "None",
  "umap1": 0.7413997734624875,
  "umap2": 0.3048307364646885
}