{
  "umap1": 11.203771591186523,
  "umap2": 1.6154781579971313
}