{
  "No direct optim ancestor": "None",
  "umap1": 0.483066120822362,
  "umap2": 0.69554765895095
}