{
  "umap1": 13.024677276611328,
  "umap2": 5.014393329620361
}