{
  "umap1": 0.47894255226099236,
  "umap2": 0.9583965458361561
}