{
  "umap1": 13.341364860534668,
  "umap2": 6.174376010894775
}