{
  "No direct optim ancestor": "None",
  "umap1": 0.8151902872020096,
  "umap2": 0.31191848148255386
}