{
  "umap1": 0.910853648035277,
  "umap2": 0.05252236392247778
}