{
  "umap1": 0.10117162269923852,
  "umap2": 0.2928994084029857
}