{
  "umap1": 0.4904272486357488,
  "umap2": 0.4004826717052794
}