{
  "umap1": 9.504343032836914,
  "umap2": 5.801556587219238
}