{
  "No direct optim ancestor": "None",
  "umap1": 0.48742146508335493,
  "umap2": 0.9557694803130085
}