{
  "umap1": 0.47625570795945715,
  "umap2": 0.08515249777335432
}