{
  "umap1": 3.2846083641052246,
  "umap2": 10.198177337646484
}