{
  "No direct optim ancestor": "None",
  "umap1": 0.4839161699967982,
  "umap2": 0.5963315028625155
}