{
  "umap1": 0.42764611504946126,
  "umap2": 0.4690428194308648
}