{
  "umap1": 13.423605918884277,
  "umap2": 3.667212963104248
}