{
  "No direct optim ancestor": "None",
  "umap1": 0.6337610144230206,
  "umap2": 0.20388684009698155
}