{
  "umap1": 12.504934310913086,
  "umap2": 7.290780067443848
}