{
  "umap1": 0.4473070839385139,
  "umap2": 0.05103495701804339
}