{
  "No direct optim ancestor": "None",
  "umap1": 0.5279680195577513,
  "umap2": 0.7831413778794835
}