{
  "umap1": 0.1862256009019566,
  "umap2": 0.7877626441832968
}