{
  "umap1": 0.11514147390678231,
  "umap2": 0.16027056538927154
}