{
  "No direct optim ancestor": "None",
  "umap1": 0.14473480815071071,
  "umap2": 0.33736949008439354
}