{
  "No direct optim ancestor": "None",
  "umap1": 0.36640808395431557,
  "umap2": 0.9705357255204298
}