{
  "umap1": 0.5921327371218038,
  "umap2": 0.4683164231282344
}