{
  "No direct optim ancestor": "None",
  "umap1": 0.6750803165624322,
  "umap2": 0.7622472908465042
}