{
  "umap1": 0.9354659516235919,
  "umap2": 0.5052768014911934
}