{
  "No direct optim ancestor": "None",
  "umap1": 0.7468704896175009,
  "umap2": 0.9958892317490798
}