{
  "umap1": 0.7845977352267691,
  "umap2": 0.22274136678810474
}