{
  "umap1": 11.65990161895752,
  "umap2": 2.7918643951416016
}