{
  "No direct optim ancestor": "None",
  "umap1": 0.49743606643927585,
  "umap2": 0.37080358606276065
}