{
  "umap1": 0.386842966695612,
  "umap2": 0.11076558125678504
}