{
  "umap1": 11.937384605407715,
  "umap2": 3.1499669551849365
}