{
  "umap1": 0.9640144754777207,
  "umap2": 0.6180863501693825
}