{
  "umap1": 0.4577541657943578,
  "umap2": 0.7059529322537763
}