{
  "No direct optim ancestor": "None",
  "umap1": 0.25716503620757514,
  "umap2": 0.195495910096244
}