{
  "umap1": 13.019968032836914,
  "umap2": 7.068492889404297
}