{
  "umap1": 12.4701566696167,
  "umap2": 4.036803245544434
}