{
  "umap1": 0.43454997129999773,
  "umap2": 0.14441474720981362
}