{
  "umap1": 12.099285125732422,
  "umap2": 2.166238307952881
}