{
  "No direct optim ancestor": "None",
  "umap1": 0.06963114010937455,
  "umap2": 0.7630425706513104
}