{
  "No direct optim ancestor": "None",
  "umap1": 0.74430106046134,
  "umap2": 0.8649385936377159
}