{
  "umap1": 10.9830904006958,
  "umap2": 4.939152240753174
}