{
  "umap1": 0.6130237169117487,
  "umap2": 0.7282400859948672
}