{
  "umap1": 3.5580434799194336,
  "umap2": 10.396329879760742
}