{
  "umap1": 0.744477558504676,
  "umap2": 0.11190285976306436
}