{
  "umap1": 12.934511184692383,
  "umap2": 3.1559841632843018
}