{
  "umap1": 0.10274232265988548,
  "umap2": 0.09921932951366297
}