{
  "No direct optim ancestor": "None",
  "umap1": 0.22456703702056935,
  "umap2": 0.5464173234039134
}