{
  "umap1": 1.5326404571533203,
  "umap2": 9.904557228088379
}