{
  "umap1": 0.24337428713436982,
  "umap2": 0.7665653539294537
}