{
  "No direct optim ancestor": "None",
  "umap1": 0.7354650508005962,
  "umap2": 0.1874102560341352
}