{
  "umap1": 0.8899388547787037,
  "umap2": 0.9728481226186637
}