{
  "umap1": 12.798236846923828,
  "umap2": 4.550927639007568
}