{
  "umap1": 0.2140079498872347,
  "umap2": 0.746362303358293
}