{
  "No direct optim ancestor": "None",
  "umap1": 0.38782410956783153,
  "umap2": 0.4085780586913782
}