{
  "umap1": 1.038811206817627,
  "umap2": 9.689589500427246
}