{
  "umap1": 0.08884032476147563,
  "umap2": 0.4040177280159293
}