{
  "umap1": 0.689961156768121,
  "umap2": 0.09387103170112798
}