{
  "No direct optim ancestor": "None",
  "umap1": 0.5305671061167037,
  "umap2": 0.8701704406838457
}