{
  "umap1": 10.1569242477417,
  "umap2": 2.5327084064483643
}