{
  "umap1": 13.578612327575684,
  "umap2": 5.377231597900391
}