{
  "umap1": 0.9073761919526988,
  "umap2": 0.5197744559787357
}