{
  "No direct optim ancestor": "None",
  "umap1": 0.2511294323200174,
  "umap2": 0.28756596741607554
}