{
  "No direct optim ancestor": "None",
  "umap1": 0.6487507836303571,
  "umap2": 0.5996903491049003
}