{
  "umap1": 0.5205174212143711,
  "umap2": 0.7139382293832311
}