{
  "No direct optim ancestor": "None",
  "umap1": 0.3590692941646969,
  "umap2": 0.866701651034754
}