{
  "umap1": 0.1389744373627152,
  "umap2": 0.647362866444199
}