{
  "umap1": 8.722982406616211,
  "umap2": 4.166928291320801
}