{
  "umap1": 10.269183158874512,
  "umap2": 6.296016693115234
}