{
  "No direct optim ancestor": "None",
  "umap1": 0.6849732667766123,
  "umap2": 0.37761525594475087
}