{
  "umap1": 0.5931887724068795,
  "umap2": 0.41735838780113277
}