{
  "umap1": 9.073081970214844,
  "umap2": 6.555428981781006
}