{
  "umap1": 0.48647768517128,
  "umap2": 0.21144185820196693
}