{
  "umap1": 3.7565674781799316,
  "umap2": 10.047452926635742
}