{
  "umap1": 0.7968322371829467,
  "umap2": 0.6636440836688395
}