{
  "umap1": 4.946418285369873,
  "umap2": 10.817113876342773
}