{
  "No direct optim ancestor": "None",
  "umap1": 0.6770693591453206,
  "umap2": 0.05649820133725325
}