{
  "umap1": 0.5575315640499592,
  "umap2": 0.474447497585326
}