{
  "umap1": 3.9423112869262695,
  "umap2": 9.776400566101074
}