{
  "No direct optim ancestor": "None",
  "umap1": 0.21659665652421922,
  "umap2": 0.41763745016055787
}