{
  "umap1": 8.59299087524414,
  "umap2": 5.323835849761963
}