{
  "umap1": 0.3521292365003468,
  "umap2": 0.21903666300299418
}