{
  "umap1": 10.493699073791504,
  "umap2": 5.837977886199951
}