{
  "umap1": 3.9277279376983643,
  "umap2": 9.965339660644531
}