{
  "umap1": 0.5784937751345857,
  "umap2": 0.233017568239958
}