{
  "umap1": 0.373835627921575,
  "umap2": 0.20180238087909363
}