{
  "No direct optim ancestor": "None",
  "umap1": 0.978553097322794,
  "umap2": 0.8462614809333029
}