{
  "umap1": 0.8126074882437139,
  "umap2": 0.6207768996284436
}