{
  "No direct optim ancestor": "None",
  "umap1": 0.9627125544791613,
  "umap2": 0.2484468833901734
}