{
  "umap1": 0.5817418405647772,
  "umap2": 0.9625530413737174
}