{
  "umap1": 9.916752815246582,
  "umap2": 2.657043695449829
}