{
  "No direct optim ancestor": "None",
  "umap1": 0.0838021090883111,
  "umap2": 0.030434568000390017
}