{
  "umap1": 9.545257568359375,
  "umap2": 5.8741774559021
}