{
  "No direct optim ancestor": "None",
  "umap1": 0.9869134656085665,
  "umap2": 0.08351345729362514
}