{
  "umap1": 0.4582968055181146,
  "umap2": 0.32235049803244953
}