{
  "umap1": 11.649012565612793,
  "umap2": 3.0399436950683594
}