{
  "No direct optim ancestor": "None",
  "umap1": 0.27976622763326076,
  "umap2": 0.5075118974994531
}