{
  "umap1": 0.7509616973271277,
  "umap2": 0.3831759392171309
}