{
  "umap1": 13.050701141357422,
  "umap2": 6.627834320068359
}