{
  "umap1": 0.31053079878619794,
  "umap2": 0.8524943439033502
}