{
  "umap1": 12.239641189575195,
  "umap2": 3.364295244216919
}