{
  "umap1": 3.205648422241211,
  "umap2": 10.552435874938965
}