{
  "umap1": 0.18224614788760363,
  "umap2": 0.3229607126816947
}