{
  "No direct optim ancestor": "None",
  "umap1": 0.1319514312714697,
  "umap2": 0.3150005507837432
}