{
  "umap1": 13.319604873657227,
  "umap2": 6.278197765350342
}