{
  "No direct optim ancestor": "None",
  "umap1": 0.182854065419915,
  "umap2": 0.8231194052784864
}