{
  "umap1": 0.38205621274707835,
  "umap2": 0.11588843927843195
}