{
  "umap1": 12.496447563171387,
  "umap2": 3.8096208572387695
}