{
  "No direct optim ancestor": "None",
  "umap1": 0.23218760654443882,
  "umap2": 0.17927137945466387
}