{
  "umap1": 13.188880920410156,
  "umap2": 3.7725422382354736
}