{
  "umap1": 0.833326710644525,
  "umap2": 0.5169161635839176
}