{
  "No direct optim ancestor": "None",
  "umap1": 0.4307782090028879,
  "umap2": 0.20532129768391616
}