{
  "umap1": 10.41130256652832,
  "umap2": 3.2600481510162354
}