{
  "umap1": 0.8452421945228127,
  "umap2": 0.6012534509629057
}