{
  "No direct optim ancestor": "None",
  "umap1": 0.8720161129972058,
  "umap2": 0.9081590963249694
}