{
  "umap1": 0.4077012154860281,
  "umap2": 0.4992645692579981
}