{
  "umap1": 11.410938262939453,
  "umap2": 3.7000553607940674
}