{
  "No direct optim ancestor": "None",
  "umap1": 0.4635769222929459,
  "umap2": 0.2791381315495245
}