{
  "umap1": 0.42055589905574486,
  "umap2": 0.39138605776320057
}