{
  "umap1": 12.734883308410645,
  "umap2": 7.333534240722656
}