{
  "umap1": 0.42123772774819246,
  "umap2": 0.1043667950955347
}