{
  "No direct optim ancestor": "None",
  "umap1": 0.5818246961835857,
  "umap2": 0.15526827408544042
}