{
  "umap1": 13.73112964630127,
  "umap2": 4.591392517089844
}