{
  "umap1": 0.09480495567296021,
  "umap2": 0.31228695402171425
}