{
  "No direct optim ancestor": "None",
  "umap1": 0.014910065849629839,
  "umap2": 0.6837870829808624
}