{
  "umap1": 10.765634536743164,
  "umap2": 2.2613511085510254
}