{
  "No direct optim ancestor": "None",
  "umap1": 0.6187774607325834,
  "umap2": 0.1325942832728746
}