{
  "umap1": 0.618456381395669,
  "umap2": 0.6712050590163577
}