{
  "umap1": 12.028064727783203,
  "umap2": 3.100405693054199
}