{
  "No direct optim ancestor": "None",
  "umap1": 0.5403663495836486,
  "umap2": 0.06051020453523914
}