{
  "umap1": 0.423000798872298,
  "umap2": 0.20152289016788916
}