{
  "umap1": 0.45791446575978967,
  "umap2": 0.6255055856269448
}