{
  "umap1": 13.04895305633545,
  "umap2": 1.6367427110671997
}