{
  "No direct optim ancestor": "None",
  "umap1": 0.544218381746709,
  "umap2": 0.7904782557404919
}