{
  "umap1": 0.0959804733760602,
  "umap2": 0.20536898794019354
}