{
  "umap1": 7.289539813995361,
  "umap2": 5.931153774261475
}