{
  "umap1": 12.115032196044922,
  "umap2": 7.230538845062256
}