{
  "umap1": 0.4726660563732882,
  "umap2": 0.0038235097134424745
}