{
  "No direct optim ancestor": "None",
  "umap1": 0.8475015264918172,
  "umap2": 0.37209617215564095
}