{
  "umap1": 8.939894676208496,
  "umap2": 6.029998779296875
}