{
  "umap1": 0.5081171426367183,
  "umap2": 0.003697838684419863
}