{
  "No direct optim ancestor": "None",
  "umap1": 0.24891588985991053,
  "umap2": 0.5813527414958461
}