{
  "umap1": 0.3036411712810574,
  "umap2": 0.47301877322289754
}