{
  "No direct optim ancestor": "None",
  "umap1": 0.93978387897523,
  "umap2": 0.46305933605428573
}