{
  "umap1": 13.998228073120117,
  "umap2": 2.193819999694824
}