{
  "umap1": 0.7013138155775516,
  "umap2": 0.2570359845127572
}