{
  "No direct optim ancestor": "None",
  "umap1": 0.27585908262818015,
  "umap2": 0.8827353636092482
}