{
  "umap1": 13.473843574523926,
  "umap2": 3.4190495014190674
}