{
  "umap1": 11.624088287353516,
  "umap2": 2.9631147384643555
}