{
  "umap1": 10.214725494384766,
  "umap2": 5.868401050567627
}