{
  "umap1": 2.9021143913269043,
  "umap2": 10.446893692016602
}