{
  "umap1": 3.8858680725097656,
  "umap2": 9.85036563873291
}