{
  "umap1": 0.7108020752357946,
  "umap2": 0.9849350118891622
}