{
  "umap1": 8.949821472167969,
  "umap2": 5.805775165557861
}