{
  "No direct optim ancestor": "None",
  "umap1": 0.64417971576795,
  "umap2": 0.1279831547969581
}