{
  "umap1": 0.3630803890023495,
  "umap2": 0.7985854487356261
}