{
  "umap1": 11.388155937194824,
  "umap2": 3.7120425701141357
}