{
  "umap1": 0.7505288150814501,
  "umap2": 0.692320018551949
}