{
  "No direct optim ancestor": "None",
  "umap1": 0.6978618922962353,
  "umap2": 0.733317260854673
}