{
  "umap1": 9.94371509552002,
  "umap2": 5.537891387939453
}