{
  "No direct optim ancestor": "None",
  "umap1": 0.00932383370612011,
  "umap2": 0.028861904559666307
}