{
  "umap1": 0.25888739218205636,
  "umap2": 0.3148674117221991
}