{
  "No direct optim ancestor": "None",
  "umap1": 0.05113224273929928,
  "umap2": 0.2588445502749883
}