{
  "umap1": 0.4087135620334703,
  "umap2": 0.815121208198806
}