{
  "umap1": 13.3780517578125,
  "umap2": 3.818330764770508
}