{
  "No direct optim ancestor": "None",
  "umap1": 0.7805881782875579,
  "umap2": 0.26347857942605435
}