{
  "umap1": 0.9048277358649791,
  "umap2": 0.38645402598348133
}