{
  "umap1": 8.890054702758789,
  "umap2": 5.852937698364258
}