{
  "No direct optim ancestor": "None",
  "umap1": 0.16585527039576986,
  "umap2": 0.375737059798804
}