{
  "umap1": 0.7582446050701177,
  "umap2": 0.06656935012280374
}