{
  "umap1": 0.10793417969336794,
  "umap2": 0.9919757612571449
}