{
  "No direct optim ancestor": "None",
  "umap1": 0.758719223304766,
  "umap2": 0.6586880007551489
}