{
  "umap1": 10.84300708770752,
  "umap2": 1.3567674160003662
}