{
  "umap1": 0.27914563746055476,
  "umap2": 0.9327501027201935
}