{
  "No direct optim ancestor": "None",
  "umap1": 0.6715675716643509,
  "umap2": 0.002813465726444586
}