{
  "umap1": 13.783126831054688,
  "umap2": 2.7613518238067627
}