{
  "umap1": 8.916097640991211,
  "umap2": 2.738774299621582
}