{
  "umap1": 11.36688232421875,
  "umap2": 3.832547187805176
}