{
  "umap1": 13.39576244354248,
  "umap2": 4.49193811416626
}