{
  "umap1": 0.9946031388492957,
  "umap2": 0.08187429727840967
}