{
  "umap1": 0.3605892930707235,
  "umap2": 0.27748507130754063
}