{
  "No direct optim ancestor": "None",
  "umap1": 0.2063025367082365,
  "umap2": 0.33566173529023846
}