{
  "umap1": 9.68968677520752,
  "umap2": 3.182997465133667
}