{
  "umap1": 0.9252386005490068,
  "umap2": 0.900088282485948
}