{
  "umap1": 0.8336344321052506,
  "umap2": 0.27859032648104054
}