{
  "No direct optim ancestor": "None",
  "umap1": 0.23789893785851535,
  "umap2": 0.49321535093051205
}