{
  "umap1": 10.321121215820312,
  "umap2": 2.2123143672943115
}