{
  "No direct optim ancestor": "None",
  "umap1": 0.7357342348691401,
  "umap2": 0.5536587841292779
}