{
  "umap1": 0.0863872605371141,
  "umap2": 0.4948114235191666
}