{
  "umap1": 11.937518119812012,
  "umap2": 2.4586451053619385
}