{
  "umap1": 0.03162401581912111,
  "umap2": 0.560461638779946
}