{
  "No direct optim ancestor": "None",
  "umap1": 0.44652040301115314,
  "umap2": 0.2306625905845201
}