{
  "umap1": 13.689611434936523,
  "umap2": 6.290933132171631
}