{
  "umap1": 0.9291711025910289,
  "umap2": 0.3669014326234217
}