{
  "umap1": 0.6137164159587024,
  "umap2": 0.9739758092193804
}