{
  "No direct optim ancestor": "None",
  "umap1": 0.8429919315303179,
  "umap2": 0.7048283873693488
}