{
  "umap1": 0.9157450507063033,
  "umap2": 0.8634578432912114
}