{
  "No direct optim ancestor": "None",
  "umap1": 0.5546104974738361,
  "umap2": 0.5873219060964555
}