{
  "umap1": 0.6267016824447559,
  "umap2": 0.24177391491111544
}