{
  "umap1": 0.46471880548855904,
  "umap2": 0.000763489606557699
}