{
  "No direct optim ancestor": "None",
  "umap1": 0.4154173490200538,
  "umap2": 0.6563829109274137
}