{
  "umap1": 11.961272239685059,
  "umap2": 2.6487247943878174
}