{
  "umap1": 10.213114738464355,
  "umap2": 7.076266765594482
}