{
  "umap1": 3.57983136177063,
  "umap2": 10.347635269165039
}