{
  "umap1": 11.661627769470215,
  "umap2": 2.5983004570007324
}