{
  "umap1": 14.15133285522461,
  "umap2": 3.219449996948242
}