{
  "umap1": 10.99852466583252,
  "umap2": 1.20528244972229
}