{
  "No direct optim ancestor": "None",
  "umap1": 0.6579104353032061,
  "umap2": 0.4028622413124946
}