{
  "umap1": 0.3415158610042244,
  "umap2": 0.8348185516163237
}