{
  "umap1": 13.464784622192383,
  "umap2": 6.570106029510498
}