{
  "umap1": 12.418586730957031,
  "umap2": 2.808084726333618
}