{
  "umap1": 0.34027039086237865,
  "umap2": 0.6605202636060007,
  "Direct optim goal": "a pink square"
}