{
  "umap1": 0.9185005156689412,
  "umap2": 0.01400081275804732
}