{
  "umap1": 0.5796181754928565,
  "umap2": 0.7291454905381776
}