{
  "No direct optim ancestor": "None",
  "umap1": 0.9714405099971629,
  "umap2": 0.4368153377357513
}