{
  "No direct optim ancestor": "None",
  "umap1": 0.32637073691688645,
  "umap2": 0.9118710159847887
}