{
  "umap1": 0.9810505873409248,
  "umap2": 0.08023043968318777
}