{
  "umap1": 14.233776092529297,
  "umap2": 5.721926689147949
}