{
  "umap1": 4.901852607727051,
  "umap2": 10.861860275268555
}