{
  "umap1": 0.3617010171095213,
  "umap2": 0.31842171792640594
}