{
  "umap1": 3.838127613067627,
  "umap2": 9.827851295471191
}