{
  "umap1": 12.175919532775879,
  "umap2": 7.574583530426025
}