{
  "umap1": 0.892373008691553,
  "umap2": 0.43571422255793824
}