{
  "umap1": 13.310882568359375,
  "umap2": 6.532145977020264
}