{
  "No direct optim ancestor": "None",
  "umap1": 0.6966681362861842,
  "umap2": 0.235251441460802
}