{
  "No direct optim ancestor": "None",
  "umap1": 0.00901826692496166,
  "umap2": 0.3475767981637794
}