{
  "umap1": 0.3838762841310084,
  "umap2": 0.8813240295411296
}