{
  "umap1": 0.877890213148597,
  "umap2": 0.5792617378327184
}