{
  "No direct optim ancestor": "None",
  "umap1": 0.5050173877838117,
  "umap2": 0.8846599982168603
}