{
  "umap1": 11.968971252441406,
  "umap2": 1.7807366847991943
}