{
  "umap1": 12.138232231140137,
  "umap2": 2.097383499145508
}