{
  "umap1": 0.029554536446916413,
  "umap2": 0.7788275476950147
}