{
  "No direct optim ancestor": "None",
  "umap1": 0.9755185287438992,
  "umap2": 0.0700360096183148
}