{
  "umap1": 2.8432700634002686,
  "umap2": 10.614763259887695
}