{
  "umap1": 3.1322948932647705,
  "umap2": 10.450719833374023
}