{
  "umap1": 0.14903659086359478,
  "umap2": 0.6160838661340738
}