{
  "umap1": 12.044037818908691,
  "umap2": 3.5809829235076904
}