{
  "umap1": 0.5796399169547006,
  "umap2": 0.9847036870985804
}