{
  "umap1": 8.678568840026855,
  "umap2": 5.164999961853027
}