{
  "No direct optim ancestor": "None",
  "umap1": 0.6373236276391654,
  "umap2": 0.35112879154663423
}