{
  "No direct optim ancestor": "None",
  "umap1": 0.02327642857334644,
  "umap2": 0.6405845620978574
}