{
  "umap1": 0.5951407016729919,
  "umap2": 0.6615573203125743
}