{
  "umap1": 13.034836769104004,
  "umap2": 6.174530029296875
}