{
  "umap1": 0.5616239416546943,
  "umap2": 0.1170601218787154
}