{
  "umap1": 13.516925811767578,
  "umap2": 4.5933332443237305
}