{
  "No direct optim ancestor": "None",
  "umap1": 0.267731548900743,
  "umap2": 0.8804285351822201
}