{
  "No direct optim ancestor": "None",
  "umap1": 0.8429962984559587,
  "umap2": 0.9053538050478368
}