{
  "umap1": 0.5569672148730508,
  "umap2": 0.6048093905108612
}