{
  "umap1": 9.806593894958496,
  "umap2": 2.8352901935577393
}