{
  "umap1": 0.969294208557825,
  "umap2": 0.9512481811582342
}