{
  "No direct optim ancestor": "None",
  "umap1": 0.06212440022284493,
  "umap2": 0.1644852440625303
}