{
  "umap1": 11.350257873535156,
  "umap2": 1.5176111459732056
}