{
  "umap1": 10.648930549621582,
  "umap2": 5.652049541473389
}