{
  "No direct optim ancestor": "None",
  "umap1": 0.23624063172294607,
  "umap2": 0.2673536025872547
}