{
  "umap1": 0.13992612040226826,
  "umap2": 0.7452131452769738
}