{
  "umap1": 10.995634078979492,
  "umap2": 5.114766597747803
}