{
  "No direct optim ancestor": "None",
  "umap1": 0.39355676479378443,
  "umap2": 0.07738545296394872
}