{
  "umap1": 13.013382911682129,
  "umap2": 4.999279499053955
}