{
  "umap1": 0.802311890562839,
  "umap2": 0.033463566031618486
}