{
  "umap1": 13.058913230895996,
  "umap2": 6.9965434074401855
}