{
  "No direct optim ancestor": "None",
  "umap1": 0.605782064248294,
  "umap2": 0.30692058261621247
}