{
  "umap1": 0.5127072048877894,
  "umap2": 0.7340654259956552
}