{
  "umap1": 13.852892875671387,
  "umap2": 5.057788848876953
}