{
  "umap1": 0.3046158807660915,
  "umap2": 0.023493883589836173
}