{
  "No direct optim ancestor": "None",
  "umap1": 0.7052308896793852,
  "umap2": 0.9295864683926988
}