{
  "umap1": 13.280720710754395,
  "umap2": 6.738071441650391
}