{
  "umap1": 12.707357406616211,
  "umap2": 7.057127475738525
}