{
  "No direct optim ancestor": "None",
  "umap1": 0.6836962503543964,
  "umap2": 0.2499595170706016
}