{
  "umap1": 0.5766220829812826,
  "umap2": 0.13118381062592976
}