{
  "umap1": 0.01027600599149947,
  "umap2": 0.6252743052897803
}