{
  "No direct optim ancestor": "None",
  "umap1": 0.35186494582953853,
  "umap2": 0.5636252567652038
}