{
  "No direct optim ancestor": "None",
  "umap1": 0.1540096398790186,
  "umap2": 0.8567283038591968
}