{
  "umap1": 9.62295150756836,
  "umap2": 4.5892229080200195
}