{
  "umap1": 0.08865895574915827,
  "umap2": 0.1706521891638767
}