{
  "umap1": 0.8259426059553271,
  "umap2": 0.8048862175598686
}