{
  "umap1": 0.09530505407783496,
  "umap2": 0.2117710163608948
}