{
  "No direct optim ancestor": "None",
  "umap1": 0.7687194755593093,
  "umap2": 0.12966543177651702
}