{
  "umap1": 9.535364151000977,
  "umap2": 6.057621479034424
}