{
  "umap1": 13.10992431640625,
  "umap2": 4.344970226287842
}