{
  "umap1": 13.010183334350586,
  "umap2": 6.948028087615967
}