{
  "umap1": 0.738834547766467,
  "umap2": 0.11497472256276053
}