{
  "umap1": 13.498068809509277,
  "umap2": 6.882539749145508
}