{
  "No direct optim ancestor": "None",
  "umap1": 0.45633774104539704,
  "umap2": 0.7419523095715984
}