{
  "umap1": 0.5572907496090433,
  "umap2": 0.7146904643627311
}