{
  "No direct optim ancestor": "None",
  "umap1": 0.28426397710566376,
  "umap2": 0.4827665437681401
}