{
  "No direct optim ancestor": "None",
  "umap1": 0.4769470557734583,
  "umap2": 0.3861014018444978
}