{
  "umap1": 0.3443780249959473,
  "umap2": 0.6089921709833335
}