{
  "No direct optim ancestor": "None",
  "umap1": 0.2214126231660437,
  "umap2": 0.01156719021089847
}