{
  "umap1": 0.6664954002033353,
  "umap2": 0.8263110222550341
}