{
  "umap1": 14.285350799560547,
  "umap2": 3.3189504146575928
}