{
  "umap1": 0.23338530325773021,
  "umap2": 0.28768409092027514
}