{
  "umap1": 11.917649269104004,
  "umap2": 6.148691177368164
}