{
  "No direct optim ancestor": "None",
  "umap1": 0.0329989740324792,
  "umap2": 0.19948148086428974
}