{
  "umap1": 9.405505180358887,
  "umap2": 5.3197736740112305
}