{
  "umap1": 0.26547099737098345,
  "umap2": 0.46680764355222226
}