{
  "umap1": 0.5747807954292578,
  "umap2": 0.05844133269867324
}