{
  "No direct optim ancestor": "None",
  "umap1": 0.1788745763685281,
  "umap2": 0.4052927267598896
}