{
  "No direct optim ancestor": "None",
  "umap1": 0.4865279297867592,
  "umap2": 0.7183363397274134
}