{
  "umap1": 0.9585568333453273,
  "umap2": 0.9489822159619663
}