{
  "umap1": 0.7481458110861485,
  "umap2": 0.46796111971017273
}