{
  "No direct optim ancestor": "None",
  "umap1": 0.8630297976170254,
  "umap2": 0.1266594140948697
}