{
  "umap1": 10.179429054260254,
  "umap2": 2.008842706680298
}