{
  "umap1": 11.02336311340332,
  "umap2": 2.181051731109619
}