{
  "umap1": 0.7516847589817366,
  "umap2": 0.46294796317743525
}