{
  "No direct optim ancestor": "None",
  "umap1": 0.1551037514956961,
  "umap2": 0.2659467486755669
}