{
  "umap1": 0.0025552386273181016,
  "umap2": 0.6822624793111894
}