{
  "No direct optim ancestor": "None",
  "umap1": 0.0039279830382227265,
  "umap2": 0.6961303780113631
}