{
  "umap1": 9.732015609741211,
  "umap2": 1.7599223852157593
}