{
  "umap1": 0.2883595977236212,
  "umap2": 0.6955344830655857
}