{
  "No direct optim ancestor": "None",
  "umap1": 0.33539892398793636,
  "umap2": 0.6542720960193251
}