{
  "umap1": 11.892165184020996,
  "umap2": 3.823538064956665
}