{
  "umap1": 0.38713366986825526,
  "umap2": 0.7136721258916755
}