{
  "No direct optim ancestor": "None",
  "umap1": 0.6986235103570028,
  "umap2": 0.675274319085843
}