{
  "umap1": 11.201931953430176,
  "umap2": 1.4215152263641357
}