{
  "umap1": 0.7512333044626806,
  "umap2": 0.8368112979409296
}