{
  "No direct optim ancestor": "None",
  "umap1": 0.6603183590719917,
  "umap2": 0.06830274279838688
}