{
  "umap1": 8.350139617919922,
  "umap2": 4.591793537139893
}