{
  "umap1": 12.058629989624023,
  "umap2": 2.4961583614349365
}