{
  "umap1": 0.3486433320510628,
  "umap2": 0.25992316810376603
}