{
  "No direct optim ancestor": "None",
  "umap1": 0.31852807605078604,
  "umap2": 0.06579363767276458
}