{
  "umap1": 0.48630429688910226,
  "umap2": 0.506863938940819
}