{
  "umap1": 2.7982635498046875,
  "umap2": 10.538592338562012
}