{
  "umap1": 8.771988868713379,
  "umap2": 6.1540207862854
}