{
  "umap1": 0.8374353784847826,
  "umap2": 0.8336500072483735
}