{
  "Ancestor's direct optim goal": "a photo of a red circuit board with green traces and blue solder joints",
  "umap1": 0.18930301649790304,
  "umap2": 0.9763837923362891
}