{
  "umap1": 0.8996566826437931,
  "umap2": 0.02151702519125931
}