{
  "umap1": 3.6671791076660156,
  "umap2": 10.275357246398926
}