{
  "No direct optim ancestor": "None",
  "umap1": 0.20118578148428856,
  "umap2": 0.9194584920685342
}