{
  "umap1": 13.600265502929688,
  "umap2": 2.236128807067871
}