{
  "umap1": 0.3755323373647409,
  "umap2": 0.19147070513369924
}