{
  "No direct optim ancestor": "None",
  "umap1": 0.963921373630489,
  "umap2": 0.8012330087528963
}