{
  "umap1": 0.4585232104023269,
  "umap2": 0.8817586837864986
}