{
  "umap1": 3.047666311264038,
  "umap2": 10.560230255126953
}