{
  "umap1": 0.311540465770456,
  "umap2": 0.5342252812156429
}