{
  "umap1": 4.9002156257629395,
  "umap2": 10.90137004852295
}