{
  "umap1": 0.020947096883235816,
  "umap2": 0.3519354092400676
}