{
  "No direct optim ancestor": "None",
  "umap1": 0.7368022285696185,
  "umap2": 0.16855098836278426
}