{
  "umap1": 0.3270906220896541,
  "umap2": 0.23425637729342796
}