{
  "umap1": 12.342144966125488,
  "umap2": 4.515206813812256
}