{
  "umap1": 13.329794883728027,
  "umap2": 6.529662132263184
}