{
  "umap1": 8.774857521057129,
  "umap2": 6.150023937225342
}