{
  "umap1": 0.8762625400771371,
  "umap2": 0.6035223453472626
}