{
  "umap1": 10.191842079162598,
  "umap2": 4.155073165893555
}