{
  "umap1": 0.2969519152257616,
  "umap2": 0.14582672580245493
}