{
  "No direct optim ancestor": "None",
  "umap1": 0.28445948455318815,
  "umap2": 0.14938894121970836
}