{
  "umap1": 0.10269943075460553,
  "umap2": 0.3776508146264501
}