{
  "umap1": 7.3102707862854,
  "umap2": 5.884928226470947
}