{
  "No direct optim ancestor": "None",
  "umap1": 0.57587924236236,
  "umap2": 0.46464924005296826
}