{
  "umap1": 0.22368394925632207,
  "umap2": 0.3193568663639743
}