{
  "umap1": 13.6397123336792,
  "umap2": 7.246099948883057
}