{
  "umap1": 8.299972534179688,
  "umap2": 7.388026237487793
}