{
  "umap1": 10.03930950164795,
  "umap2": 1.8982771635055542
}