{
  "umap1": 0.1765885561826176,
  "umap2": 0.5691409798479558
}