{
  "No direct optim ancestor": "None",
  "umap1": 0.19813749409381232,
  "umap2": 0.08115033007150796
}