{
  "umap1": 11.189262390136719,
  "umap2": 3.2735745906829834
}