{
  "umap1": 0.4087027608283694,
  "umap2": 0.43302872265217807
}