{
  "umap1": 14.259361267089844,
  "umap2": 5.792165756225586
}