{
  "No direct optim ancestor": "None",
  "umap1": 0.678233819237379,
  "umap2": 0.26101741026820724
}