{
  "umap1": 0.3946846854076894,
  "umap2": 0.18972112531127772
}