{
  "No direct optim ancestor": "None",
  "umap1": 0.8444794627003623,
  "umap2": 0.25792317454351865
}