{
  "umap1": 11.373912811279297,
  "umap2": 2.5990102291107178
}