{
  "umap1": 0.9262755321927959,
  "umap2": 0.6112631796847898
}