{
  "No direct optim ancestor": "None",
  "umap1": 0.5428960105753758,
  "umap2": 0.6146663678049965
}