{
  "umap1": 13.232425689697266,
  "umap2": 6.511340618133545
}