{
  "umap1": 0.844881868425162,
  "umap2": 0.06424651449096597
}