{
  "No direct optim ancestor": "None",
  "umap1": 0.45988687766871295,
  "umap2": 0.5343887601420373
}