{
  "umap1": 12.47484302520752,
  "umap2": 6.530699729919434
}