{
  "No direct optim ancestor": "None",
  "umap1": 0.2050614120603541,
  "umap2": 0.6099005453999583
}