{
  "umap1": 0.32506787904195567,
  "umap2": 0.06799233821284134
}