{
  "No direct optim ancestor": "None",
  "umap1": 0.1183543174557028,
  "umap2": 0.0964356106766644
}