{
  "umap1": 13.432596206665039,
  "umap2": 7.132659435272217
}