{
  "umap1": 0.6136839949324439,
  "umap2": 0.8392844977321376
}