{
  "umap1": 2.7970528602600098,
  "umap2": 10.569940567016602
}