{
  "umap1": 12.4420747756958,
  "umap2": 5.905727386474609
}