{
  "umap1": 10.488740921020508,
  "umap2": 3.442678689956665
}