{
  "umap1": 0.7190427813802569,
  "umap2": 0.006732774871479719
}