{
  "No direct optim ancestor": "None",
  "umap1": 0.35567838569143306,
  "umap2": 0.6485587107806076
}