{
  "umap1": 10.336946487426758,
  "umap2": 5.417147636413574
}