{
  "umap1": 13.046392440795898,
  "umap2": 6.3898539543151855
}