{
  "umap1": 0.3104304785436164,
  "umap2": 0.37424752877182077
}