{
  "No direct optim ancestor": "None",
  "umap1": 0.4756145192993224,
  "umap2": 0.18957257698922636
}