{
  "umap1": 11.37033462524414,
  "umap2": 3.5224013328552246
}