{
  "umap1": 0.7363325398761931,
  "umap2": 0.6772434604354095
}