{
  "umap1": 12.894607543945312,
  "umap2": 7.028731346130371
}