{
  "umap1": 0.18054915514475656,
  "umap2": 0.5571290235782695
}