{
  "No direct optim ancestor": "None",
  "umap1": 0.02608391899989726,
  "umap2": 0.794998293386036
}