{
  "umap1": 13.661330223083496,
  "umap2": 3.980433702468872
}