{
  "No direct optim ancestor": "None",
  "umap1": 0.07209525028768493,
  "umap2": 0.9122704131336483
}