{
  "umap1": 0.08036770548364724,
  "umap2": 0.17678009484152546
}