{
  "umap1": 2.662587881088257,
  "umap2": 10.67581844329834
}