{
  "umap1": 10.272823333740234,
  "umap2": 2.6339166164398193
}