{
  "umap1": 10.973957061767578,
  "umap2": 2.868218183517456
}