{
  "No direct optim ancestor": "None",
  "umap1": 0.5079648415188927,
  "umap2": 0.7112107393038359
}