{
  "umap1": 0.6584395608655514,
  "umap2": 0.716390273681518
}