{
  "umap1": 0.7052431311813943,
  "umap2": 0.6727352869966109
}