{
  "No direct optim ancestor": "None",
  "umap1": 0.5188320327379352,
  "umap2": 0.8368984620841406
}