{
  "No direct optim ancestor": "None",
  "umap1": 0.3430200632076339,
  "umap2": 0.8853313470457717
}