{
  "umap1": 0.35106611275222044,
  "umap2": 0.392939672370611
}