{
  "umap1": 0.7275723991954115,
  "umap2": 0.0798808878931887
}