{
  "umap1": 12.057044982910156,
  "umap2": 1.6466766595840454
}