{
  "No direct optim ancestor": "None",
  "umap1": 0.6973927960019703,
  "umap2": 0.23672715483987616
}