{
  "umap1": 0.6872959241678414,
  "umap2": 0.5423764581180686
}