{
  "Ancestor's direct optim goal": "a photo of a red scallop shell with green ridges and blue spots",
  "umap1": 0.15640708805573278,
  "umap2": 0.06325468997579453
}