{
  "No direct optim ancestor": "None",
  "umap1": 0.47854049565959766,
  "umap2": 0.8615383566076712
}