{
  "umap1": 0.8483024479827893,
  "umap2": 0.7826427941631309
}