{
  "umap1": 13.915252685546875,
  "umap2": 4.1402764320373535
}