{
  "umap1": 9.325035095214844,
  "umap2": 6.26436710357666
}