{
  "No direct optim ancestor": "None",
  "umap1": 0.8943726027399855,
  "umap2": 0.06362009283396275
}