{
  "umap1": 0.2294630882165798,
  "umap2": 0.6750171083908652
}