{
  "umap1": 12.56067180633545,
  "umap2": 6.079011917114258
}