{
  "No direct optim ancestor": "None",
  "umap1": 0.9413515872334026,
  "umap2": 0.0876739500889524
}