{
  "umap1": 0.22264172859216858,
  "umap2": 0.7905586576833374
}