{
  "umap1": 8.906512260437012,
  "umap2": 4.7898406982421875
}