{
  "umap1": 0.5965097181173337,
  "umap2": 0.38027460026659
}