{
  "No direct optim ancestor": "None",
  "umap1": 0.4414597576765116,
  "umap2": 0.011663457841480263
}