{
  "umap1": 4.927173614501953,
  "umap2": 10.837231636047363
}