{
  "umap1": 0.8618292325675669,
  "umap2": 0.4166273406637767
}