{
  "umap1": 10.893148422241211,
  "umap2": 1.5611034631729126
}