{
  "umap1": 0.6873801165756995,
  "umap2": 0.5287907094248122
}