{
  "umap1": 13.02768611907959,
  "umap2": 4.426163673400879
}