{
  "No direct optim ancestor": "None",
  "umap1": 0.032130814389365714,
  "umap2": 0.6475153320768687
}