{
  "umap1": 7.921565532684326,
  "umap2": 8.910218238830566
}