{
  "umap1": 11.452058792114258,
  "umap2": 1.52657151222229
}