{
  "umap1": 0.6604056476427482,
  "umap2": 0.9936210075118115
}