{
  "No direct optim ancestor": "None",
  "umap1": 0.8058024109723961,
  "umap2": 0.17208705178991002
}