{
  "umap1": 12.971944808959961,
  "umap2": 7.044656276702881
}