{
  "umap1": 0.5943478821850972,
  "umap2": 0.38987464448684517
}