{
  "umap1": 4.9774298667907715,
  "umap2": 10.779258728027344
}