{
  "umap1": 10.477629661560059,
  "umap2": 2.9564690589904785
}