{
  "umap1": 0.8109986787259228,
  "umap2": 0.9849852113941127
}