{
  "No direct optim ancestor": "None",
  "umap1": 0.9857046228932331,
  "umap2": 0.5422858841598089
}