{
  "No direct optim ancestor": "None",
  "umap1": 0.33968554609553203,
  "umap2": 0.47467481795176614
}