{
  "umap1": 0.4181499258102701,
  "umap2": 0.12897723967015307
}