{
  "umap1": 0.7190143652888474,
  "umap2": 0.5412285433699969
}