{
  "umap1": 11.957704544067383,
  "umap2": 1.915384292602539
}