{
  "No direct optim ancestor": "None",
  "umap1": 0.5547836557724626,
  "umap2": 0.8373316478943427
}