{
  "umap1": 9.81140422821045,
  "umap2": 1.2811897993087769
}