{
  "umap1": 0.0027854132230162865,
  "umap2": 0.8721754050592685
}