{
  "No direct optim ancestor": "None",
  "umap1": 0.25672764706928985,
  "umap2": 0.9066307474555362
}