{
  "umap1": 12.921473503112793,
  "umap2": 3.5707263946533203
}