{
  "No direct optim ancestor": "None",
  "umap1": 0.6077989601363987,
  "umap2": 0.30134382982357855
}