{
  "umap1": 0.312546128315479,
  "umap2": 0.7400486298254206
}