{
  "No direct optim ancestor": "None",
  "umap1": 0.9968264812677553,
  "umap2": 0.7958534486126505
}