{
  "umap1": 10.48564624786377,
  "umap2": 1.322339415550232
}