{
  "umap1": 0.9650792737544496,
  "umap2": 0.49208629457349673
}