{
  "umap1": 0.8030364692117145,
  "umap2": 0.5493926416804622
}