{
  "No direct optim ancestor": "None",
  "umap1": 0.8614467352438457,
  "umap2": 0.15473660706475
}