{
  "umap1": 12.802787780761719,
  "umap2": 3.700571298599243
}