{
  "umap1": 2.9234960079193115,
  "umap2": 10.463988304138184
}