{
  "umap1": 0.8647536528334743,
  "umap2": 0.27239092082109806
}