{
  "No direct optim ancestor": "None",
  "umap1": 0.6649154863348508,
  "umap2": 0.9099011562655593
}