{
  "umap1": 0.12309235181468836,
  "umap2": 0.8690904003969859
}