{
  "umap1": 13.4581937789917,
  "umap2": 5.432986736297607
}