{
  "No direct optim ancestor": "None",
  "umap1": 0.15413649533428453,
  "umap2": 0.8528652933499318
}