{
  "umap1": 0.1873329323899101,
  "umap2": 0.437045113283165
}