{
  "umap1": 12.580039978027344,
  "umap2": 3.3953697681427
}