{
  "No direct optim ancestor": "None",
  "umap1": 0.600371765816806,
  "umap2": 0.5935333438753616
}