{
  "umap1": 10.581450462341309,
  "umap2": 2.2672412395477295
}