{
  "No direct optim ancestor": "None",
  "umap1": 0.6812011956089256,
  "umap2": 0.6617093616230141
}