{
  "umap1": 12.788604736328125,
  "umap2": 1.7100683450698853
}