{
  "umap1": 0.5009778933499698,
  "umap2": 0.27568388662644083
}