{
  "umap1": 10.96207332611084,
  "umap2": 1.6375715732574463
}