{
  "No direct optim ancestor": "None",
  "umap1": 0.03310779153932053,
  "umap2": 0.49501960618424123
}