{
  "umap1": 0.0761802307049404,
  "umap2": 0.4558332710864904
}