{
  "No direct optim ancestor": "None",
  "umap1": 0.5523884579659477,
  "umap2": 0.7849190551651508
}