{
  "umap1": 0.06719611900172717,
  "umap2": 0.24292582546091712
}