{
  "umap1": 0.650307270029747,
  "umap2": 0.14574330569045513
}