{
  "No direct optim ancestor": "None",
  "umap1": 0.829931265594826,
  "umap2": 0.28448722479464217
}