{
  "umap1": 12.321623802185059,
  "umap2": 1.9206379652023315
}