{
  "umap1": 11.351899147033691,
  "umap2": 1.7802743911743164
}