{
  "No direct optim ancestor": "None",
  "umap1": 0.8695967850739135,
  "umap2": 0.5939564073734971
}