{
  "umap1": 0.20117930893382574,
  "umap2": 0.8985816192944659
}