{
  "umap1": 11.117976188659668,
  "umap2": 1.715019702911377
}