{
  "umap1": 12.837698936462402,
  "umap2": 4.120105266571045
}