{
  "umap1": 13.385381698608398,
  "umap2": 6.370293617248535
}