{
  "umap1": 13.42714786529541,
  "umap2": 5.890544891357422
}