{
  "umap1": 10.768306732177734,
  "umap2": 1.4416427612304688
}