{
  "umap1": 13.190713882446289,
  "umap2": 3.8457186222076416
}