{
  "umap1": 13.627952575683594,
  "umap2": 5.8417768478393555
}