{
  "No direct optim ancestor": "None",
  "umap1": 0.5642841641612376,
  "umap2": 0.5161449633334418
}