{
  "umap1": 0.21103023851801628,
  "umap2": 0.41363035942584225
}