{
  "No direct optim ancestor": "None",
  "umap1": 0.6100389012199299,
  "umap2": 0.8426720765370164
}