{
  "umap1": 0.7543161018615139,
  "umap2": 0.3521482023643866
}