{
  "umap1": 11.162703514099121,
  "umap2": 2.232886552810669
}