{
  "No direct optim ancestor": "None",
  "umap1": 0.3935135202698259,
  "umap2": 0.10787614280599389
}