{
  "umap1": 0.8969313410845202,
  "umap2": 0.39601892351628576
}