{
  "umap1": 10.803139686584473,
  "umap2": 2.8596651554107666
}