{
  "No direct optim ancestor": "None",
  "umap1": 0.7113170656333533,
  "umap2": 0.978133693198213
}