{
  "umap1": 0.44483685469557244,
  "umap2": 0.9963973816929471
}