{
  "umap1": 3.436405897140503,
  "umap2": 9.819629669189453
}