{
  "umap1": 0.8827645816103652,
  "umap2": 0.6265598838509826
}