{
  "umap1": 0.8143709201069712,
  "umap2": 0.9204710652567566
}