{
  "umap1": 10.448556900024414,
  "umap2": 1.391273021697998
}