{
  "No direct optim ancestor": "None",
  "umap1": 0.6411564299145946,
  "umap2": 0.9690149581256245
}