{
  "umap1": 0.05895528265679817,
  "umap2": 0.3812567632620971
}