{
  "umap1": 0.32985254369980943,
  "umap2": 0.6021892123860361
}