{
  "umap1": 4.988992691040039,
  "umap2": 10.791669845581055
}