{
  "No direct optim ancestor": "None",
  "umap1": 0.28650621722539127,
  "umap2": 0.9174663185729497
}