{
  "umap1": 11.270132064819336,
  "umap2": 5.76077127456665
}