{
  "umap1": 10.268198013305664,
  "umap2": 5.280908107757568
}