{
  "umap1": 0.560758550879562,
  "umap2": 0.2279684634723601
}