{
  "No direct optim ancestor": "None",
  "umap1": 0.660280987847918,
  "umap2": 0.1495269897265472
}