{
  "umap1": 8.425411224365234,
  "umap2": 4.848306655883789
}