{
  "umap1": 13.182380676269531,
  "umap2": 6.361304759979248
}