{
  "umap1": 0.4822150364481824,
  "umap2": 0.5378092749402813
}