{
  "No direct optim ancestor": "None",
  "umap1": 0.48713962585632264,
  "umap2": 0.767792783152569
}