{
  "umap1": 12.697273254394531,
  "umap2": 7.476737022399902
}