{
  "umap1": 0.5231907772999299,
  "umap2": 0.7478966213020223
}