{
  "No direct optim ancestor": "None",
  "umap1": 0.5222860965087777,
  "umap2": 0.8728774676100572
}