{
  "umap1": 0.286292560547997,
  "umap2": 0.49290677921154635
}