{
  "umap1": 9.2825927734375,
  "umap2": 5.726053714752197
}