{
  "No direct optim ancestor": "None",
  "umap1": 0.7364813714370423,
  "umap2": 0.6911762538044245
}