{
  "umap1": 0.13050851576976508,
  "umap2": 0.35847669335091814
}