{
  "umap1": 0.144506142381424,
  "umap2": 0.13259187266971173
}