{
  "umap1": 13.20161247253418,
  "umap2": 7.513263702392578
}