{
  "No direct optim ancestor": "None",
  "umap1": 0.18081594534772338,
  "umap2": 0.822696084435761
}