{
  "umap1": 0.20495544332662452,
  "umap2": 0.3523095436684195
}