{
  "umap1": 13.06027889251709,
  "umap2": 4.831643104553223
}