{
  "umap1": 13.43488597869873,
  "umap2": 2.0881314277648926
}