{
  "umap1": 14.32345199584961,
  "umap2": 6.233118534088135
}