{
  "umap1": 0.8138163205282879,
  "umap2": 0.26850892205884325
}