{
  "umap1": 3.5160040855407715,
  "umap2": 10.384693145751953
}