{
  "umap1": 0.9328186503294925,
  "umap2": 0.8286681763835861
}