{
  "umap1": 10.774771690368652,
  "umap2": 2.057201862335205
}