{
  "No direct optim ancestor": "None",
  "umap1": 0.21296214532733193,
  "umap2": 0.42955734885144103
}