{
  "umap1": 0.9729811154589253,
  "umap2": 0.794960292039114
}