{
  "umap1": 5.0168070793151855,
  "umap2": 10.731863021850586
}