{
  "umap1": 11.897361755371094,
  "umap2": 3.2386534214019775
}