{
  "No direct optim ancestor": "None",
  "umap1": 0.9713238584327697,
  "umap2": 0.24199963579379125
}