{
  "umap1": 11.424904823303223,
  "umap2": 4.413407325744629
}