{
  "umap1": 0.9986938076006924,
  "umap2": 0.7423135328933915
}