{
  "umap1": 11.223008155822754,
  "umap2": 1.530491828918457
}