{
  "No direct optim ancestor": "None",
  "umap1": 0.9084570172312165,
  "umap2": 0.6034623547031055
}