{
  "umap1": 0.07670232935537213,
  "umap2": 0.6543240915097064
}