{
  "umap1": 0.9216764911479456,
  "umap2": 0.7524088768509679
}