{
  "No direct optim ancestor": "None",
  "umap1": 0.09438967528276276,
  "umap2": 0.9361636831841766
}