{
  "umap1": 0.9191219330429075,
  "umap2": 0.4851738257198722
}