{
  "umap1": 4.901986598968506,
  "umap2": 10.85706901550293
}