{
  "umap1": 0.7887283338358294,
  "umap2": 0.8810613704131751
}