{
  "umap1": 1.1206198930740356,
  "umap2": 9.657078742980957
}