{
  "No direct optim ancestor": "None",
  "umap1": 0.37633217764220117,
  "umap2": 0.6875035692299545
}