{
  "umap1": 0.6261025242947196,
  "umap2": 0.2578622617751223
}