{
  "umap1": 13.253211975097656,
  "umap2": 2.3152716159820557
}