{
  "umap1": 0.09219495035942893,
  "umap2": 0.458290205933761
}