{
  "No direct optim ancestor": "None",
  "umap1": 0.14436406692277737,
  "umap2": 0.7596383186433691
}