{
  "umap1": 3.8667826652526855,
  "umap2": 9.850152969360352
}