{
  "umap1": 0.7068037454905356,
  "umap2": 0.6296349111655505
}