{
  "umap1": 0.6337634867914348,
  "umap2": 0.8158678641738321
}