{
  "umap1": 0.09435775002074798,
  "umap2": 0.22039859875838852
}