{
  "No direct optim ancestor": "None",
  "umap1": 0.6181927500014154,
  "umap2": 0.9497500455084523
}