{
  "umap1": 7.993934154510498,
  "umap2": 8.862250328063965
}