{
  "umap1": 0.009750894787739162,
  "umap2": 0.5933770748571494
}