{
  "No direct optim ancestor": "None",
  "umap1": 0.5982567494861333,
  "umap2": 0.9085893365167914
}