{
  "umap1": 0.9911760562492952,
  "umap2": 0.2829607342055077
}