{
  "No direct optim ancestor": "None",
  "umap1": 0.20544360130266914,
  "umap2": 0.28262772547017545
}