{
  "umap1": 0.38962581869118906,
  "umap2": 0.6490900683941854
}