{
  "umap1": 0.08435976770719744,
  "umap2": 0.05063200428088821
}