{
  "umap1": 11.561604499816895,
  "umap2": 2.728644847869873
}