{
  "No direct optim ancestor": "None",
  "umap1": 0.8124088252207542,
  "umap2": 0.7678145942686421
}