{
  "umap1": 13.181846618652344,
  "umap2": 7.494507789611816
}