{
  "umap1": 0.8878696181412542,
  "umap2": 0.8269825566349444
}