{
  "umap1": 0.8167502250599783,
  "umap2": 0.7835183796868477
}