{
  "No direct optim ancestor": "None",
  "umap1": 0.28738395828856234,
  "umap2": 0.3083455497640146
}