{
  "umap1": 3.65510630607605,
  "umap2": 10.287787437438965
}