{
  "umap1": 0.8448674728810176,
  "umap2": 0.9169886056188922
}