{
  "umap1": 0.11308534367273149,
  "umap2": 0.2978226917062291
}