{
  "No direct optim ancestor": "None",
  "umap1": 0.7108247501767236,
  "umap2": 0.5893947545559447
}