{
  "umap1": 11.158318519592285,
  "umap2": 1.563637375831604
}