{
  "umap1": 0.5456855597489206,
  "umap2": 0.71588320712562
}