{
  "No direct optim ancestor": "None",
  "umap1": 0.2343890893592916,
  "umap2": 0.31402715853241125
}