{
  "umap1": 12.970268249511719,
  "umap2": 7.024293899536133
}