{
  "umap1": 0.7989089629137073,
  "umap2": 0.7900432686587794
}