{
  "umap1": 2.7293477058410645,
  "umap2": 10.6361722946167
}