{
  "umap1": 10.69777774810791,
  "umap2": 1.6892125606536865
}