{
  "umap1": 10.422454833984375,
  "umap2": 1.1300195455551147
}