{
  "No direct optim ancestor": "None",
  "umap1": 0.939488017135488,
  "umap2": 0.3196688140069346
}