{
  "umap1": 0.35644961286725785,
  "umap2": 0.7081328077682305
}