{
  "umap1": 0.17558800894530902,
  "umap2": 0.6929737028792405
}