{
  "umap1": 3.9065794944763184,
  "umap2": 9.969558715820312
}