{
  "umap1": 9.692551612854004,
  "umap2": 5.705094814300537
}