{
  "umap1": 10.730220794677734,
  "umap2": 1.2878018617630005
}