{
  "umap1": 0.6648879856732169,
  "umap2": 0.5722084853957426
}