{
  "No direct optim ancestor": "None",
  "umap1": 0.06126665508312357,
  "umap2": 0.6407914038576893
}