{
  "umap1": 10.555679321289062,
  "umap2": 5.644044399261475
}