{
  "No direct optim ancestor": "None",
  "umap1": 0.8763590140724384,
  "umap2": 0.046627725576595336
}