{
  "umap1": 0.737485815990004,
  "umap2": 0.8151965549860627
}