{
  "umap1": 13.485897064208984,
  "umap2": 6.67021369934082
}