{
  "umap1": 0.2833916505136016,
  "umap2": 0.08502799408803041
}