{
  "No direct optim ancestor": "None",
  "umap1": 0.5766604534375495,
  "umap2": 0.27234905006343635
}