{
  "umap1": 2.8871285915374756,
  "umap2": 10.569156646728516
}