{
  "umap1": 0.0030051439476251884,
  "umap2": 0.4533922402895345
}