{
  "umap1": 7.98294734954834,
  "umap2": 8.952789306640625
}