{
  "umap1": 8.696209907531738,
  "umap2": 5.443952560424805
}