{
  "umap1": 13.278656959533691,
  "umap2": 6.560698509216309
}