{
  "umap1": 0.4343667074664125,
  "umap2": 0.16548515163186306
}