{
  "umap1": 11.400758743286133,
  "umap2": 1.6906720399856567
}