{
  "umap1": 12.926678657531738,
  "umap2": 7.146355628967285
}