{
  "No direct optim ancestor": "None",
  "umap1": 0.7552988324709692,
  "umap2": 0.23782262650744523
}