{
  "umap1": 0.05114797860232678,
  "umap2": 0.4394748394402491
}