{
  "No direct optim ancestor": "None",
  "umap1": 0.6656646294793185,
  "umap2": 0.3504623916199072
}