{
  "umap1": 0.6564824607426383,
  "umap2": 0.38135019365202394
}