{
  "No direct optim ancestor": "None",
  "umap1": 0.2815949991711586,
  "umap2": 0.009356609112591618
}