{
  "umap1": 9.139927864074707,
  "umap2": 2.7599525451660156
}