{
  "umap1": 0.5128582083546739,
  "umap2": 0.08737396947842091
}