{
  "No direct optim ancestor": "None",
  "umap1": 0.5926214108505108,
  "umap2": 0.1265502104261852
}