{
  "umap1": 0.7082263959464394,
  "umap2": 0.7598600002502838
}