{
  "umap1": 0.6734819730561106,
  "umap2": 0.37542833269349785
}