{
  "umap1": 3.7674357891082764,
  "umap2": 9.894204139709473
}