{
  "umap1": 7.951879978179932,
  "umap2": 8.901394844055176
}