{
  "umap1": 0.3697857183286647,
  "umap2": 0.9276999226318864
}