{
  "umap1": 0.21115560768526542,
  "umap2": 0.5540064085379727
}