{
  "No direct optim ancestor": "None",
  "umap1": 0.11361203257135244,
  "umap2": 0.3098395158857623
}