{
  "umap1": 2.9665544033050537,
  "umap2": 10.435534477233887
}