{
  "umap1": 0.011728614670853621,
  "umap2": 0.602525963790924
}