{
  "umap1": 0.4874864798473635,
  "umap2": 0.5342994425897256
}