{
  "No direct optim ancestor": "None",
  "umap1": 0.43536857420588426,
  "umap2": 0.35759641189893443
}