{
  "umap1": 0.9326793478406277,
  "umap2": 0.7247677994892829
}