{
  "umap1": 12.3930025100708,
  "umap2": 3.6353490352630615
}