{
  "No direct optim ancestor": "None",
  "umap1": 0.43863618207174826,
  "umap2": 0.8447163616772245
}