{
  "umap1": 0.398390284169546,
  "umap2": 0.6717835474213198
}