{
  "umap1": 0.43177386206893154,
  "umap2": 0.5072738941840991
}