{
  "No direct optim ancestor": "None",
  "umap1": 0.1232791392953434,
  "umap2": 0.9166518621388483
}