{
  "umap1": 11.46773624420166,
  "umap2": 3.6230382919311523
}