{
  "umap1": 0.19385949978534178,
  "umap2": 0.20863641448257897
}