{
  "umap1": 12.578268051147461,
  "umap2": 1.707796335220337
}