{
  "No direct optim ancestor": "None",
  "umap1": 0.9964766302248093,
  "umap2": 0.7039927674410944
}