{
  "umap1": 13.698882102966309,
  "umap2": 6.446174144744873
}