{
  "umap1": 0.537774858641115,
  "umap2": 0.4226474969791173
}