{
  "No direct optim ancestor": "None",
  "umap1": 0.32208371492592425,
  "umap2": 0.5987434219047383
}