{
  "umap1": 12.619425773620605,
  "umap2": 2.8329508304595947
}