{
  "umap1": 0.020440247847314574,
  "umap2": 0.9701445179436751
}