{
  "No direct optim ancestor": "None",
  "umap1": 0.5585601831207709,
  "umap2": 0.11632373641102123
}