{
  "umap1": 11.183934211730957,
  "umap2": 3.7891972064971924
}