{
  "umap1": 0.15278207403162702,
  "umap2": 0.5114442414097544
}