{
  "No direct optim ancestor": "None",
  "umap1": 0.5097513280527274,
  "umap2": 0.39486492764137127
}