{
  "umap1": 13.229058265686035,
  "umap2": 4.923016548156738
}