{
  "No direct optim ancestor": "None",
  "umap1": 0.631096314393452,
  "umap2": 0.5935451838173971
}