{
  "umap1": 0.7358735247936486,
  "umap2": 0.561907331497603
}