{
  "umap1": 0.909999616311521,
  "umap2": 0.7073864578601597
}