{
  "No direct optim ancestor": "None",
  "umap1": 0.8377352024016951,
  "umap2": 0.15312790362108708
}