{
  "No direct optim ancestor": "None",
  "umap1": 0.6230380029839816,
  "umap2": 0.43812525230266197
}