{
  "umap1": 0.22745498170961231,
  "umap2": 0.9664620519605065
}