{
  "umap1": 0.8367656991287762,
  "umap2": 0.8710324295988698
}