{
  "umap1": 3.398449659347534,
  "umap2": 10.416690826416016
}