{
  "No direct optim ancestor": "None",
  "umap1": 0.4739101007141796,
  "umap2": 0.1982798102548865
}