{
  "umap1": 12.931471824645996,
  "umap2": 4.327232837677002
}