{
  "umap1": 0.8330396336721742,
  "umap2": 0.2058283863360385
}