{
  "umap1": 1.4705044031143188,
  "umap2": 9.998357772827148
}