{
  "umap1": 0.5058242176468021,
  "umap2": 0.5859259296466293
}