{
  "umap1": 8.589485168457031,
  "umap2": 7.915916919708252
}