{
  "No direct optim ancestor": "None",
  "umap1": 0.12275939007608327,
  "umap2": 0.7199972114063112
}