{
  "umap1": 0.853288052035355,
  "umap2": 0.035652898691464485
}