{
  "umap1": 0.07566257839278046,
  "umap2": 0.31001608561680305
}