{
  "No direct optim ancestor": "None",
  "umap1": 0.5483671389830721,
  "umap2": 0.39399252274669316
}