{
  "umap1": 10.279016494750977,
  "umap2": 3.511164665222168
}