{
  "No direct optim ancestor": "None",
  "umap1": 0.8504519609396365,
  "umap2": 0.658496965256462
}