{
  "umap1": 0.40102384295172133,
  "umap2": 0.10252606172446888
}