{
  "umap1": 12.074226379394531,
  "umap2": 2.3747975826263428
}