{
  "No direct optim ancestor": "None",
  "umap1": 0.6457470600019635,
  "umap2": 0.3759416004695162
}