{
  "umap1": 0.936411814537048,
  "umap2": 0.40655334202373583
}