{
  "umap1": 0.30002953232488616,
  "umap2": 0.7134347720010219
}