{
  "umap1": 11.45242691040039,
  "umap2": 2.8037219047546387
}