{
  "No direct optim ancestor": "None",
  "umap1": 0.8121982984640032,
  "umap2": 0.4296348595180489
}