{
  "umap1": 3.8644638061523438,
  "umap2": 9.940882682800293
}