{
  "umap1": 0.1941171125273411,
  "umap2": 0.252703256708964
}