{
  "umap1": 4.957751750946045,
  "umap2": 10.789397239685059
}