{
  "umap1": 0.057522856055481575,
  "umap2": 0.07313365497263258
}