{
  "No direct optim ancestor": "None",
  "umap1": 0.010095376591616634,
  "umap2": 0.44828183988963943
}