{
  "umap1": 0.36704641974286256,
  "umap2": 0.7223472631680974
}