{
  "umap1": 4.993164539337158,
  "umap2": 10.776338577270508
}