{
  "umap1": 10.618632316589355,
  "umap2": 2.5078463554382324
}