{
  "umap1": 8.85521125793457,
  "umap2": 5.790706157684326
}