{
  "No direct optim ancestor": "None",
  "umap1": 0.15341988133698792,
  "umap2": 0.02077210313359612
}