{
  "umap1": 0.8051444951887241,
  "umap2": 0.6748152535734646
}