{
  "umap1": 8.855929374694824,
  "umap2": 4.740769863128662
}