{
  "umap1": 10.676204681396484,
  "umap2": 1.8446359634399414
}