{
  "No direct optim ancestor": "None",
  "umap1": 0.8584587448195593,
  "umap2": 0.3645037182247308
}