{
  "umap1": 0.3694237027793379,
  "umap2": 0.2060817707126813
}