{
  "umap1": 13.73972225189209,
  "umap2": 5.992432117462158
}