{
  "umap1": 13.423429489135742,
  "umap2": 3.8597214221954346
}