{
  "umap1": 13.896411895751953,
  "umap2": 5.095098495483398
}