{
  "umap1": 0.8481489351962058,
  "umap2": 0.5981378641399002
}