{
  "No direct optim ancestor": "None",
  "umap1": 0.8654632427397199,
  "umap2": 0.6544544623850449
}