{
  "umap1": 0.8710701744546325,
  "umap2": 0.4865949526442641
}