{
  "No direct optim ancestor": "None",
  "umap1": 0.8617402854431262,
  "umap2": 0.2751986866339181
}