{
  "No direct optim ancestor": "None",
  "umap1": 0.7670914811833571,
  "umap2": 0.3955752673266334
}