{
  "umap1": 0.3912636115640501,
  "umap2": 0.09186720351484978
}