{
  "umap1": 0.9833700598869745,
  "umap2": 0.2994434179538271
}