{
  "No direct optim ancestor": "None",
  "umap1": 0.7100345847887558,
  "umap2": 0.6120312222943892
}