{
  "umap1": 12.840282440185547,
  "umap2": 3.7107770442962646
}