{
  "No direct optim ancestor": "None",
  "umap1": 0.1319823643750303,
  "umap2": 0.03317539559679916
}