{
  "umap1": 8.933377265930176,
  "umap2": 5.7128777503967285
}