{
  "umap1": 0.4023739466483197,
  "umap2": 0.00028681694111321043
}