{
  "umap1": 0.15656155209947442,
  "umap2": 0.629666189494266
}