{
  "No direct optim ancestor": "None",
  "umap1": 0.011576711025113262,
  "umap2": 0.9818432368571939
}