{
  "umap1": 0.5608591738424128,
  "umap2": 0.4653440880936389
}