{
  "No direct optim ancestor": "None",
  "umap1": 0.2569640581625625,
  "umap2": 0.37276483879440947
}