{
  "No direct optim ancestor": "None",
  "umap1": 0.7663492985768738,
  "umap2": 0.5717724020960256
}