{
  "umap1": 0.4348644152411627,
  "umap2": 0.9401817871463314
}