{
  "umap1": 0.06285857525543748,
  "umap2": 0.6195173814942492
}