{
  "umap1": 9.590742111206055,
  "umap2": 3.146331787109375
}