{
  "umap1": 0.8754488283765559,
  "umap2": 0.4761449559372495
}