{
  "No direct optim ancestor": "None",
  "umap1": 0.13520883645359716,
  "umap2": 0.38980960809616805
}