{
  "umap1": 0.586239839783077,
  "umap2": 0.5813158675987393
}