{
  "umap1": 7.939387321472168,
  "umap2": 8.90807056427002
}