{
  "umap1": 0.8769885707790903,
  "umap2": 0.5647178832889457
}