{
  "No direct optim ancestor": "None",
  "umap1": 0.18039158775549247,
  "umap2": 0.26129891623772594
}