{
  "umap1": 0.823994517127687,
  "umap2": 0.2931347824199432
}