{
  "umap1": 13.207483291625977,
  "umap2": 5.753374099731445
}