{
  "umap1": 9.453902244567871,
  "umap2": 5.551826477050781
}