{
  "umap1": 3.3833186626434326,
  "umap2": 10.301825523376465
}