{
  "umap1": 0.4689507008673297,
  "umap2": 0.8819556382349423
}