{
  "No direct optim ancestor": "None",
  "umap1": 0.00014343199514332827,
  "umap2": 0.9165203175142848
}