{
  "umap1": 0.9208836942206166,
  "umap2": 0.5001747912218415
}