{
  "umap1": 1.3474957942962646,
  "umap2": 10.087860107421875
}