{
  "umap1": 11.424525260925293,
  "umap2": 3.6966981887817383
}