{
  "umap1": 8.82809829711914,
  "umap2": 2.8659586906433105
}