{
  "No direct optim ancestor": "None",
  "umap1": 0.4339449429340173,
  "umap2": 0.4147492715886292
}