{
  "umap1": 0.8971828926886649,
  "umap2": 0.6211176626694033
}