{
  "umap1": 0.33373861627243906,
  "umap2": 0.5105015926535587
}