{
  "umap1": 9.890320777893066,
  "umap2": 1.255049705505371
}