{
  "No direct optim ancestor": "None",
  "umap1": 0.15282222681110946,
  "umap2": 0.9359929733118801
}