{
  "umap1": 11.007474899291992,
  "umap2": 1.695742130279541
}