{
  "umap1": 0.4030144867283262,
  "umap2": 0.518857183905018
}