{
  "No direct optim ancestor": "None",
  "umap1": 0.047283965009465856,
  "umap2": 0.35625922659727827
}