{
  "umap1": 12.933664321899414,
  "umap2": 7.057126998901367
}