{
  "No direct optim ancestor": "None",
  "umap1": 0.7028056887835775,
  "umap2": 0.9063729607007053
}