{
  "umap1": 0.29794860249191535,
  "umap2": 0.11575884552949467
}