{
  "umap1": 9.734914779663086,
  "umap2": 4.429670810699463
}