{
  "umap1": 8.528382301330566,
  "umap2": 4.456050872802734
}