{
  "No direct optim ancestor": "None",
  "umap1": 0.03421030967496874,
  "umap2": 0.42611495561475377
}