{
  "umap1": 0.2066543452922318,
  "umap2": 0.4951868675438341
}