{
  "No direct optim ancestor": "None",
  "umap1": 0.48941743752070443,
  "umap2": 0.12252920697326375
}