{
  "umap1": 9.32373332977295,
  "umap2": 3.6151986122131348
}