{
  "umap1": 0.058496171936109675,
  "umap2": 0.04439334758250002
}