{
  "umap1": 2.9048032760620117,
  "umap2": 10.593889236450195
}