{
  "umap1": 0.9301159421003468,
  "umap2": 0.5240837691359888
}