{
  "umap1": 13.073060035705566,
  "umap2": 3.753606081008911
}