{
  "umap1": 11.919108390808105,
  "umap2": 7.1048455238342285
}