{
  "umap1": 0.3939059519077437,
  "umap2": 0.6198954079644482
}