{
  "No direct optim ancestor": "None",
  "umap1": 0.7430910131607086,
  "umap2": 0.7802031366159404
}