{
  "umap1": 8.891375541687012,
  "umap2": 5.878969192504883
}