{
  "umap1": 13.552879333496094,
  "umap2": 2.672712564468384
}