{
  "umap1": 8.708902359008789,
  "umap2": 5.443638801574707
}