{
  "No direct optim ancestor": "None",
  "umap1": 0.7959294421020562,
  "umap2": 0.9872918843018886
}