{
  "umap1": 0.6188259959488476,
  "umap2": 0.4515490335002881
}