{
  "umap1": 4.893814563751221,
  "umap2": 10.874632835388184
}