{
  "No direct optim ancestor": "None",
  "umap1": 0.09092630468485008,
  "umap2": 0.14594373014059847
}