{
  "umap1": 0.4781440756606904,
  "umap2": 0.2647447076393131
}