{
  "umap1": 12.534331321716309,
  "umap2": 3.864605665206909
}