{
  "No direct optim ancestor": "None",
  "umap1": 0.6055984787758536,
  "umap2": 0.058071999083537884
}