{
  "umap1": 0.9563718137019592,
  "umap2": 0.9146035271810504
}