{
  "umap1": 12.345024108886719,
  "umap2": 1.6558204889297485
}