{
  "umap1": 5.007741928100586,
  "umap2": 10.690552711486816
}