{
  "umap1": 13.236581802368164,
  "umap2": 4.874992370605469
}