{
  "No direct optim ancestor": "None",
  "umap1": 0.9471973257179089,
  "umap2": 0.35635576210357456
}