{
  "umap1": 0.22309540466351363,
  "umap2": 0.5690150200822048
}