{
  "umap1": 0.35825676451582955,
  "umap2": 0.32365252057050053
}