{
  "umap1": 0.7304516237014049,
  "umap2": 0.12155438661410067
}