{
  "No direct optim ancestor": "None",
  "umap1": 0.6615036245765991,
  "umap2": 0.3267416803550176
}