{
  "umap1": 0.6782426101445393,
  "umap2": 0.874059844048238
}