{
  "No direct optim ancestor": "None",
  "umap1": 0.16634872826705172,
  "umap2": 0.7456596616904841
}