{
  "No direct optim ancestor": "None",
  "umap1": 0.39287015038475137,
  "umap2": 0.7416632209929668
}