{
  "umap1": 12.940067291259766,
  "umap2": 3.0815818309783936
}