{
  "umap1": 0.3856453909356763,
  "umap2": 0.1337460144652758
}