{
  "umap1": 10.786310195922852,
  "umap2": 2.1924593448638916
}