{
  "umap1": 14.044203758239746,
  "umap2": 2.6653945446014404
}