{
  "umap1": 0.23747227923416392,
  "umap2": 0.2321019579260214
}