{
  "No direct optim ancestor": "None",
  "umap1": 0.06455148433453217,
  "umap2": 0.12712148812782575
}