{
  "umap1": 0.9042726035789893,
  "umap2": 0.7055097207592197
}