{
  "No direct optim ancestor": "None",
  "umap1": 0.285135453267638,
  "umap2": 0.44777674845342164
}