{
  "No direct optim ancestor": "None",
  "umap1": 0.11845608919833006,
  "umap2": 0.7979473310287705
}