{
  "umap1": 0.9592893070029974,
  "umap2": 0.43607433306168053
}