{
  "No direct optim ancestor": "None",
  "umap1": 0.07745725044458474,
  "umap2": 0.19376632537962202
}