{
  "umap1": 0.5715708798413867,
  "umap2": 0.4877809123148511
}