{
  "umap1": 13.733790397644043,
  "umap2": 1.7490489482879639
}