{
  "umap1": 3.754481315612793,
  "umap2": 9.856194496154785
}