{
  "umap1": 0.7477798011430813,
  "umap2": 0.34368461094630665
}