{
  "umap1": 13.976334571838379,
  "umap2": 5.8475213050842285
}