{
  "umap1": 0.5319862449561344,
  "umap2": 0.8111269106414333
}