{
  "No direct optim ancestor": "None",
  "umap1": 0.790642365946046,
  "umap2": 0.4176223929748515
}