{
  "umap1": 11.43773365020752,
  "umap2": 2.6033060550689697
}