{
  "umap1": 0.24368493645921951,
  "umap2": 0.5459471479245448
}