{
  "umap1": 0.9119841757679256,
  "umap2": 0.4781995309544125
}