{
  "No direct optim ancestor": "None",
  "umap1": 0.5887891642116275,
  "umap2": 0.39245312554395484
}