{
  "umap1": 8.278741836547852,
  "umap2": 6.804383754730225
}