{
  "umap1": 8.339737892150879,
  "umap2": 7.276628494262695
}