{
  "umap1": 12.605477333068848,
  "umap2": 1.7127399444580078
}