{
  "umap1": 14.036528587341309,
  "umap2": 5.280259609222412
}