{
  "umap1": 10.597386360168457,
  "umap2": 3.3854048252105713
}