{
  "umap1": 3.3082191944122314,
  "umap2": 9.912379264831543
}