{
  "umap1": 0.2145131780026246,
  "umap2": 0.19437068196344498
}