{
  "umap1": 2.773953914642334,
  "umap2": 10.615800857543945
}