{
  "umap1": 0.7132501110421638,
  "umap2": 0.4996482478676121
}