{
  "No direct optim ancestor": "None",
  "umap1": 0.5736067154634967,
  "umap2": 0.8691470471389292
}