{
  "umap1": 8.04511833190918,
  "umap2": 8.886018753051758
}