{
  "umap1": 13.405835151672363,
  "umap2": 5.156756401062012
}