{
  "umap1": 12.565751075744629,
  "umap2": 3.2039756774902344
}