{
  "umap1": 0.9510220211148825,
  "umap2": 0.9115538937566552
}