{
  "umap1": 0.11442210249292106,
  "umap2": 0.0359743848075742
}