{
  "No direct optim ancestor": "None",
  "umap1": 0.27613174743152236,
  "umap2": 0.7072922736411206
}