{
  "umap1": 11.510984420776367,
  "umap2": 3.6645619869232178
}