{
  "No direct optim ancestor": "None",
  "umap1": 0.28876047706341246,
  "umap2": 0.3633106320796754
}