{
  "umap1": 0.13620033600720416,
  "umap2": 0.4337872813509518
}