{
  "No direct optim ancestor": "None",
  "umap1": 0.896547780677344,
  "umap2": 0.0593864688389073
}