{
  "umap1": 0.11526051961795492,
  "umap2": 0.7611889744354352
}