{
  "umap1": 11.706459045410156,
  "umap2": 2.7551331520080566
}