{
  "No direct optim ancestor": "None",
  "umap1": 0.6970039333178173,
  "umap2": 0.6367355065978335
}