{
  "umap1": 0.8497520323804575,
  "umap2": 0.20530962184596224
}