{
  "umap1": 10.140046119689941,
  "umap2": 2.7307448387145996
}