{
  "umap1": 0.3114314465459267,
  "umap2": 0.05841553496591467
}