{
  "No direct optim ancestor": "None",
  "umap1": 0.3722890538399951,
  "umap2": 0.9290255287795411
}