{
  "No direct optim ancestor": "None",
  "umap1": 0.6326153164773456,
  "umap2": 0.9126059611852227
}