{
  "umap1": 0.8013222081311131,
  "umap2": 0.1978360307035495
}