{
  "No direct optim ancestor": "None",
  "umap1": 0.8663505690231178,
  "umap2": 0.11115150992586686
}