{
  "umap1": 0.5671443559959622,
  "umap2": 0.9233158225957399
}