{
  "umap1": 14.064290046691895,
  "umap2": 6.5257134437561035
}