{
  "No direct optim ancestor": "None",
  "umap1": 0.3749821115856862,
  "umap2": 0.9481225424217088
}