{
  "umap1": 0.8938033145354285,
  "umap2": 0.6905662552685358
}