{
  "umap1": 13.23664665222168,
  "umap2": 3.1389787197113037
}