{
  "No direct optim ancestor": "None",
  "umap1": 0.8650079182789121,
  "umap2": 0.6852494065970881
}