{
  "umap1": 0.6890769887523217,
  "umap2": 0.11253093666631442
}