{
  "umap1": 0.7039946235823631,
  "umap2": 0.9813392433455838
}