{
  "No direct optim ancestor": "None",
  "umap1": 0.058952571815864774,
  "umap2": 0.4576647096126937
}