{
  "umap1": 0.29037628436953766,
  "umap2": 0.33167546951041194
}