{
  "No direct optim ancestor": "None",
  "umap1": 0.4658086136189419,
  "umap2": 0.3885504019366447
}