{
  "umap1": 13.984515190124512,
  "umap2": 2.404776096343994
}