{
  "umap1": 1.117364525794983,
  "umap2": 9.783082962036133
}