{
  "umap1": 0.44446622723278617,
  "umap2": 0.8170992693658885
}