{
  "umap1": 3.6729345321655273,
  "umap2": 9.80913257598877
}