{
  "No direct optim ancestor": "None",
  "umap1": 0.015580347383707838,
  "umap2": 0.8873746438524787
}