{
  "umap1": 12.591840744018555,
  "umap2": 3.7800850868225098
}