{
  "umap1": 0.9195095869502175,
  "umap2": 0.09826667456931448
}