{
  "No direct optim ancestor": "None",
  "umap1": 0.3242873561214744,
  "umap2": 0.7941043997379661
}