{
  "umap1": 0.7756842695551837,
  "umap2": 0.7705335594942158
}