{
  "umap1": 12.654867172241211,
  "umap2": 4.352904796600342
}