{
  "umap1": 0.9979992749219454,
  "umap2": 0.8897739748594643
}