{
  "umap1": 12.26633358001709,
  "umap2": 1.8403630256652832
}