{
  "No direct optim ancestor": "None",
  "umap1": 0.4528821377256973,
  "umap2": 0.8250798014320597
}