{
  "No direct optim ancestor": "None",
  "umap1": 0.8480336407437793,
  "umap2": 0.7272463034663809
}