{
  "umap1": 0.5685412679684357,
  "umap2": 0.2655935379146196
}