{
  "umap1": 2.8451318740844727,
  "umap2": 10.65026569366455
}