{
  "umap1": 10.725537300109863,
  "umap2": 2.7989892959594727
}