{
  "No direct optim ancestor": "None",
  "umap1": 0.10937325181050694,
  "umap2": 0.1258614596632952
}