{
  "umap1": 0.025524380377719535,
  "umap2": 0.947031656776838
}