{
  "umap1": 0.4042747234293296,
  "umap2": 0.4880565890420179
}