{
  "No direct optim ancestor": "None",
  "umap1": 0.9625472231983522,
  "umap2": 0.8410086129883232
}