{
  "umap1": 0.3067777621844636,
  "umap2": 0.4458019389209371
}