{
  "No direct optim ancestor": "None",
  "umap1": 0.44565428790406403,
  "umap2": 0.8924095023931057
}