{
  "umap1": 13.076849937438965,
  "umap2": 4.291097640991211
}