{
  "umap1": 12.295626640319824,
  "umap2": 6.737027645111084
}