{
  "umap1": 0.4789268757014902,
  "umap2": 0.5373170676919615
}