{
  "umap1": 13.33843994140625,
  "umap2": 1.7069958448410034
}