{
  "umap1": 3.952838182449341,
  "umap2": 9.974556922912598
}