{
  "umap1": 0.28708056248490854,
  "umap2": 0.05994904167954507
}