{
  "No direct optim ancestor": "None",
  "umap1": 0.1394565883434573,
  "umap2": 0.11087211256779805
}