{
  "umap1": 12.9219331741333,
  "umap2": 3.2006208896636963
}