{
  "umap1": 0.6674529219683347,
  "umap2": 0.9288258752922357
}