{
  "umap1": 13.453994750976562,
  "umap2": 4.385990619659424
}