{
  "umap1": 0.28462909748699394,
  "umap2": 0.48016816990121824
}