{
  "No direct optim ancestor": "None",
  "umap1": 0.20190367531164422,
  "umap2": 0.9824677406991205
}