{
  "umap1": 13.302078247070312,
  "umap2": 3.1318061351776123
}