{
  "umap1": 12.665959358215332,
  "umap2": 3.9441945552825928
}