{
  "umap1": 1.0392595529556274,
  "umap2": 9.784011840820312
}