{
  "umap1": 9.644612312316895,
  "umap2": 3.16055965423584
}