{
  "No direct optim ancestor": "None",
  "umap1": 0.7138576214185259,
  "umap2": 0.5462493355979419
}