{
  "umap1": 0.5735092045714824,
  "umap2": 0.5757216907033169
}