{
  "umap1": 13.427583694458008,
  "umap2": 6.893304824829102
}