{
  "No direct optim ancestor": "None",
  "umap1": 0.9387432886550345,
  "umap2": 0.29015133751318656
}