{
  "umap1": 0.10917379602316035,
  "umap2": 0.8554648252498521
}