{
  "umap1": 14.10171127319336,
  "umap2": 2.71126127243042
}