{
  "umap1": 7.245846271514893,
  "umap2": 5.9627909660339355
}