{
  "umap1": 0.5360733717498077,
  "umap2": 0.30418819919950113
}