{
  "umap1": 13.33217716217041,
  "umap2": 5.1000494956970215
}