{
  "No direct optim ancestor": "None",
  "umap1": 0.27399719323761096,
  "umap2": 0.9529129940500618
}