{
  "umap1": 0.5316763747068592,
  "umap2": 0.3185874131530031
}