{
  "umap1": 13.805320739746094,
  "umap2": 2.7742156982421875
}