{
  "umap1": 0.8035231051160824,
  "umap2": 0.8269640844126778
}