{
  "umap1": 8.067488670349121,
  "umap2": 8.863261222839355
}