{
  "No direct optim ancestor": "None",
  "umap1": 0.6837205672021386,
  "umap2": 0.13917229365293726
}