{
  "umap1": 12.010994911193848,
  "umap2": 3.4904444217681885
}