{
  "umap1": 0.4191684476473141,
  "umap2": 0.2561926544943074
}