{
  "umap1": 0.9903730527010903,
  "umap2": 0.5940675492819365
}