{
  "No direct optim ancestor": "None",
  "umap1": 0.4395978048519714,
  "umap2": 0.34016455619087693
}