{
  "umap1": 2.729900598526001,
  "umap2": 10.644171714782715
}