{
  "umap1": 12.667022705078125,
  "umap2": 4.68770694732666
}