{
  "umap1": 0.4838694660839815,
  "umap2": 0.4133868383475984
}