{
  "No direct optim ancestor": "None",
  "umap1": 0.5223795554642221,
  "umap2": 0.36268524848631356
}