{
  "umap1": 0.32064980893095907,
  "umap2": 0.8627969140083133
}