{
  "umap1": 10.29543399810791,
  "umap2": 2.4411702156066895
}