{
  "umap1": 0.8155288474026164,
  "umap2": 0.021689382124969514
}