{
  "No direct optim ancestor": "None",
  "umap1": 0.34338744686160116,
  "umap2": 0.7977898959223946
}