{
  "umap1": 0.33067931724504673,
  "umap2": 0.8922543305407861
}