{
  "umap1": 13.137673377990723,
  "umap2": 3.7546398639678955
}