{
  "No direct optim ancestor": "None",
  "umap1": 0.09607144775417009,
  "umap2": 0.49155014135584185
}