{
  "No direct optim ancestor": "None",
  "umap1": 0.3918731686713903,
  "umap2": 0.3335687218332284
}