{
  "umap1": 0.13555216723318708,
  "umap2": 0.8056424517365169
}