{
  "No direct optim ancestor": "None",
  "umap1": 0.0894732982060421,
  "umap2": 0.595014726571729
}