{
  "umap1": 0.20637345840474575,
  "umap2": 0.02197261989773569
}