{
  "umap1": 10.79443645477295,
  "umap2": 1.4346961975097656
}