{
  "umap1": 0.21850062479333343,
  "umap2": 0.6883640760048142
}