{
  "umap1": 0.7829989845223416,
  "umap2": 0.9490377998328741
}