{
  "umap1": 2.71515154838562,
  "umap2": 10.668218612670898
}