{
  "umap1": 0.4464085462178664,
  "umap2": 0.3703605447887083
}