{
  "umap1": 9.286396980285645,
  "umap2": 5.865135192871094
}