{
  "umap1": 0.6171824429346229,
  "umap2": 0.7335233855834277
}