{
  "No direct optim ancestor": "None",
  "umap1": 0.8451679490181725,
  "umap2": 0.03147173121557667
}