{
  "No direct optim ancestor": "None",
  "umap1": 0.2904987547201767,
  "umap2": 0.3524014040715253
}