{
  "umap1": 0.30631731109390514,
  "umap2": 0.4928555404370206
}