{
  "No direct optim ancestor": "None",
  "umap1": 0.010047252812462437,
  "umap2": 0.7136985882784624
}