{
  "umap1": 0.8395057833359764,
  "umap2": 0.3786304583822504
}