{
  "umap1": 10.572535514831543,
  "umap2": 3.5374667644500732
}