{
  "umap1": 11.575690269470215,
  "umap2": 1.5556857585906982
}