{
  "No direct optim ancestor": "None",
  "umap1": 0.9798225270500955,
  "umap2": 0.25990203927531685
}