{
  "umap1": 0.24106367170646714,
  "umap2": 0.9989648269187593
}