{
  "umap1": 0.3378808015488539,
  "umap2": 0.5595588481314782
}