{
  "umap1": 2.874549627304077,
  "umap2": 10.567124366760254
}