{
  "umap1": 0.03886026792766506,
  "umap2": 0.6792680227780302
}