{
  "No direct optim ancestor": "None",
  "umap1": 0.13724855926248625,
  "umap2": 0.5946477598727792
}