{
  "umap1": 13.540260314941406,
  "umap2": 4.990285396575928
}