{
  "umap1": 0.8808652139016921,
  "umap2": 0.722393047151434
}