{
  "No direct optim ancestor": "None",
  "umap1": 0.14481153244750322,
  "umap2": 0.926302808148527
}