{
  "umap1": 0.7942303015065177,
  "umap2": 0.48835765202791015
}