{
  "No direct optim ancestor": "None",
  "umap1": 0.46584355780526976,
  "umap2": 0.0006455021884970158
}