{
  "umap1": 0.6886038808866659,
  "umap2": 0.7985664124263019
}