{
  "No direct optim ancestor": "None",
  "umap1": 0.8626139816757024,
  "umap2": 0.6390585675206878
}