{
  "umap1": 0.9144187803428108,
  "umap2": 0.1778258259047959
}