{
  "umap1": 7.939804553985596,
  "umap2": 8.909933090209961
}