{
  "umap1": 1.0472760200500488,
  "umap2": 9.617661476135254
}