{
  "No direct optim ancestor": "None",
  "umap1": 0.762571030331563,
  "umap2": 0.6323816495751132
}