{
  "umap1": 0.794726348498552,
  "umap2": 0.6841802208905667
}