{
  "umap1": 8.270946502685547,
  "umap2": 8.781871795654297
}