{
  "No direct optim ancestor": "None",
  "umap1": 0.5457179069031599,
  "umap2": 0.6934866260199574
}