{
  "umap1": 0.37351638389998365,
  "umap2": 0.3986113230916839
}