{
  "umap1": 9.690412521362305,
  "umap2": 1.801069974899292
}