{
  "umap1": 0.48327043033226014,
  "umap2": 0.14404939301225972
}