{
  "umap1": 11.837724685668945,
  "umap2": 1.7214858531951904
}