{
  "No direct optim ancestor": "None",
  "umap1": 0.9051399013982816,
  "umap2": 0.4197239115958915
}