{
  "umap1": 0.5064924847592167,
  "umap2": 0.4511575427146909
}