{
  "umap1": 0.7913363262232432,
  "umap2": 0.32711528828158165
}