{
  "No direct optim ancestor": "None",
  "umap1": 0.7235639776365432,
  "umap2": 0.9394926606579896
}