{
  "umap1": 11.174895286560059,
  "umap2": 2.865206718444824
}