{
  "umap1": 0.4477080498221886,
  "umap2": 0.28674646439596385
}