{
  "No direct optim ancestor": "None",
  "umap1": 0.9007714928354555,
  "umap2": 0.7551098452833467
}