{
  "umap1": 11.312934875488281,
  "umap2": 3.5182089805603027
}